[2026-09-14T13:59:43.680+0000] {processor.py:186} INFO - Started process (PID=196) to work on /opt/airflow/dags/weather_etl.py
[2026-09-14T13:59:43.687+0000] {processor.py:914} INFO - Processing file /opt/airflow/dags/weather_etl.py for tasks to queue
[2026-09-14T13:59:43.810+0000] {logging_mixin.py:190} INFO - [2026-09-14T13:59:43.794+0000] {dagbag.py:588} INFO - Filling up the DagBag from /opt/airflow/dags/weather_etl.py
[2026-09-14T13:59:49.652+0000] {logging_mixin.py:190} INFO - [2026-09-14T13:59:49.625+0000] {dagbag.py:387} ERROR - Failed to import: /opt/airflow/dags/weather_etl.py
Traceback (most recent call last):
  File "/home/airflow/.local/lib/python3.12/site-packages/airflow/models/dagbag.py", line 383, in parse
    loader.exec_module(new_module)
  File "<frozen importlib._bootstrap_external>", line 995, in exec_module
  File "<frozen importlib._bootstrap>", line 488, in _call_with_frames_removed
  File "/opt/airflow/dags/weather_etl.py", line 14, in <module>
    from database import test_connection, insert_weather
  File "/opt/airflow/database.py", line 7, in <module>
    engine = create_engine(
             ^^^^^^^^^^^^^^
  File "<string>", line 2, in create_engine
  File "/home/airflow/.local/lib/python3.12/site-packages/sqlalchemy/util/deprecations.py", line 375, in warned
    return fn(*args, **kwargs)
           ^^^^^^^^^^^^^^^^^^^
  File "/home/airflow/.local/lib/python3.12/site-packages/sqlalchemy/engine/create.py", line 518, in create_engine
    entrypoint = u._get_entrypoint()
                 ^^^^^^^^^^^^^^^^^^^
  File "/home/airflow/.local/lib/python3.12/site-packages/sqlalchemy/engine/url.py", line 662, in _get_entrypoint
    cls = registry.load(name)
          ^^^^^^^^^^^^^^^^^^^
  File "/home/airflow/.local/lib/python3.12/site-packages/sqlalchemy/util/langhelpers.py", line 343, in load
    raise exc.NoSuchModuleError(
sqlalchemy.exc.NoSuchModuleError: Can't load plugin: sqlalchemy.dialects:postgresql.psycopg
[2026-09-14T13:59:49.656+0000] {processor.py:927} WARNING - No viable dags retrieved from /opt/airflow/dags/weather_etl.py
[2026-09-14T13:59:49.792+0000] {processor.py:208} INFO - Processing /opt/airflow/dags/weather_etl.py took 6.227 seconds
[2026-09-14T14:00:20.438+0000] {processor.py:186} INFO - Started process (PID=202) to work on /opt/airflow/dags/weather_etl.py
[2026-09-14T14:00:20.441+0000] {processor.py:914} INFO - Processing file /opt/airflow/dags/weather_etl.py for tasks to queue
[2026-09-14T14:00:20.450+0000] {logging_mixin.py:190} INFO - [2026-09-14T14:00:20.449+0000] {dagbag.py:588} INFO - Filling up the DagBag from /opt/airflow/dags/weather_etl.py
[2026-09-14T14:00:22.275+0000] {logging_mixin.py:190} INFO - [2026-09-14T14:00:22.252+0000] {dagbag.py:387} ERROR - Failed to import: /opt/airflow/dags/weather_etl.py
Traceback (most recent call last):
  File "/home/airflow/.local/lib/python3.12/site-packages/airflow/models/dagbag.py", line 383, in parse
    loader.exec_module(new_module)
  File "<frozen importlib._bootstrap_external>", line 995, in exec_module
  File "<frozen importlib._bootstrap>", line 488, in _call_with_frames_removed
  File "/opt/airflow/dags/weather_etl.py", line 14, in <module>
    from database import test_connection, insert_weather
  File "/opt/airflow/database.py", line 7, in <module>
    engine = create_engine(
             ^^^^^^^^^^^^^^
  File "<string>", line 2, in create_engine
  File "/home/airflow/.local/lib/python3.12/site-packages/sqlalchemy/util/deprecations.py", line 375, in warned
    return fn(*args, **kwargs)
           ^^^^^^^^^^^^^^^^^^^
  File "/home/airflow/.local/lib/python3.12/site-packages/sqlalchemy/engine/create.py", line 518, in create_engine
    entrypoint = u._get_entrypoint()
                 ^^^^^^^^^^^^^^^^^^^
  File "/home/airflow/.local/lib/python3.12/site-packages/sqlalchemy/engine/url.py", line 662, in _get_entrypoint
    cls = registry.load(name)
          ^^^^^^^^^^^^^^^^^^^
  File "/home/airflow/.local/lib/python3.12/site-packages/sqlalchemy/util/langhelpers.py", line 343, in load
    raise exc.NoSuchModuleError(
sqlalchemy.exc.NoSuchModuleError: Can't load plugin: sqlalchemy.dialects:postgresql.psycopg
[2026-09-14T14:00:22.277+0000] {processor.py:927} WARNING - No viable dags retrieved from /opt/airflow/dags/weather_etl.py
[2026-09-14T14:00:22.358+0000] {processor.py:208} INFO - Processing /opt/airflow/dags/weather_etl.py took 1.947 seconds
[2026-09-14T14:00:53.022+0000] {processor.py:186} INFO - Started process (PID=208) to work on /opt/airflow/dags/weather_etl.py
[2026-09-14T14:00:53.027+0000] {processor.py:914} INFO - Processing file /opt/airflow/dags/weather_etl.py for tasks to queue
[2026-09-14T14:00:53.041+0000] {logging_mixin.py:190} INFO - [2026-09-14T14:00:53.039+0000] {dagbag.py:588} INFO - Filling up the DagBag from /opt/airflow/dags/weather_etl.py
[2026-09-14T14:00:55.044+0000] {logging_mixin.py:190} INFO - [2026-09-14T14:00:55.018+0000] {dagbag.py:387} ERROR - Failed to import: /opt/airflow/dags/weather_etl.py
Traceback (most recent call last):
  File "/home/airflow/.local/lib/python3.12/site-packages/airflow/models/dagbag.py", line 383, in parse
    loader.exec_module(new_module)
  File "<frozen importlib._bootstrap_external>", line 995, in exec_module
  File "<frozen importlib._bootstrap>", line 488, in _call_with_frames_removed
  File "/opt/airflow/dags/weather_etl.py", line 14, in <module>
    from database import test_connection, insert_weather
  File "/opt/airflow/database.py", line 7, in <module>
    engine = create_engine(
             ^^^^^^^^^^^^^^
  File "<string>", line 2, in create_engine
  File "/home/airflow/.local/lib/python3.12/site-packages/sqlalchemy/util/deprecations.py", line 375, in warned
    return fn(*args, **kwargs)
           ^^^^^^^^^^^^^^^^^^^
  File "/home/airflow/.local/lib/python3.12/site-packages/sqlalchemy/engine/create.py", line 518, in create_engine
    entrypoint = u._get_entrypoint()
                 ^^^^^^^^^^^^^^^^^^^
  File "/home/airflow/.local/lib/python3.12/site-packages/sqlalchemy/engine/url.py", line 662, in _get_entrypoint
    cls = registry.load(name)
          ^^^^^^^^^^^^^^^^^^^
  File "/home/airflow/.local/lib/python3.12/site-packages/sqlalchemy/util/langhelpers.py", line 343, in load
    raise exc.NoSuchModuleError(
sqlalchemy.exc.NoSuchModuleError: Can't load plugin: sqlalchemy.dialects:postgresql.psycopg
[2026-09-14T14:00:55.047+0000] {processor.py:927} WARNING - No viable dags retrieved from /opt/airflow/dags/weather_etl.py
[2026-09-14T14:00:55.138+0000] {processor.py:208} INFO - Processing /opt/airflow/dags/weather_etl.py took 2.146 seconds
[2026-09-14T14:01:25.542+0000] {processor.py:186} INFO - Started process (PID=220) to work on /opt/airflow/dags/weather_etl.py
[2026-09-14T14:01:25.545+0000] {processor.py:914} INFO - Processing file /opt/airflow/dags/weather_etl.py for tasks to queue
[2026-09-14T14:01:25.555+0000] {logging_mixin.py:190} INFO - [2026-09-14T14:01:25.554+0000] {dagbag.py:588} INFO - Filling up the DagBag from /opt/airflow/dags/weather_etl.py
[2026-09-14T14:01:27.116+0000] {logging_mixin.py:190} INFO - [2026-09-14T14:01:27.095+0000] {dagbag.py:387} ERROR - Failed to import: /opt/airflow/dags/weather_etl.py
Traceback (most recent call last):
  File "/home/airflow/.local/lib/python3.12/site-packages/airflow/models/dagbag.py", line 383, in parse
    loader.exec_module(new_module)
  File "<frozen importlib._bootstrap_external>", line 995, in exec_module
  File "<frozen importlib._bootstrap>", line 488, in _call_with_frames_removed
  File "/opt/airflow/dags/weather_etl.py", line 14, in <module>
    from database import test_connection, insert_weather
  File "/opt/airflow/database.py", line 7, in <module>
    engine = create_engine(
             ^^^^^^^^^^^^^^
  File "<string>", line 2, in create_engine
  File "/home/airflow/.local/lib/python3.12/site-packages/sqlalchemy/util/deprecations.py", line 375, in warned
    return fn(*args, **kwargs)
           ^^^^^^^^^^^^^^^^^^^
  File "/home/airflow/.local/lib/python3.12/site-packages/sqlalchemy/engine/create.py", line 518, in create_engine
    entrypoint = u._get_entrypoint()
                 ^^^^^^^^^^^^^^^^^^^
  File "/home/airflow/.local/lib/python3.12/site-packages/sqlalchemy/engine/url.py", line 662, in _get_entrypoint
    cls = registry.load(name)
          ^^^^^^^^^^^^^^^^^^^
  File "/home/airflow/.local/lib/python3.12/site-packages/sqlalchemy/util/langhelpers.py", line 343, in load
    raise exc.NoSuchModuleError(
sqlalchemy.exc.NoSuchModuleError: Can't load plugin: sqlalchemy.dialects:postgresql.psycopg
[2026-09-14T14:01:27.119+0000] {processor.py:927} WARNING - No viable dags retrieved from /opt/airflow/dags/weather_etl.py
[2026-09-14T14:01:27.200+0000] {processor.py:208} INFO - Processing /opt/airflow/dags/weather_etl.py took 1.681 seconds
[2026-09-14T14:01:57.795+0000] {processor.py:186} INFO - Started process (PID=226) to work on /opt/airflow/dags/weather_etl.py
[2026-09-14T14:01:57.799+0000] {processor.py:914} INFO - Processing file /opt/airflow/dags/weather_etl.py for tasks to queue
[2026-09-14T14:01:57.808+0000] {logging_mixin.py:190} INFO - [2026-09-14T14:01:57.807+0000] {dagbag.py:588} INFO - Filling up the DagBag from /opt/airflow/dags/weather_etl.py
[2026-09-14T14:01:59.605+0000] {logging_mixin.py:190} INFO - [2026-09-14T14:01:59.584+0000] {dagbag.py:387} ERROR - Failed to import: /opt/airflow/dags/weather_etl.py
Traceback (most recent call last):
  File "/home/airflow/.local/lib/python3.12/site-packages/airflow/models/dagbag.py", line 383, in parse
    loader.exec_module(new_module)
  File "<frozen importlib._bootstrap_external>", line 995, in exec_module
  File "<frozen importlib._bootstrap>", line 488, in _call_with_frames_removed
  File "/opt/airflow/dags/weather_etl.py", line 14, in <module>
    from database import test_connection, insert_weather
  File "/opt/airflow/database.py", line 7, in <module>
    engine = create_engine(
             ^^^^^^^^^^^^^^
  File "<string>", line 2, in create_engine
  File "/home/airflow/.local/lib/python3.12/site-packages/sqlalchemy/util/deprecations.py", line 375, in warned
    return fn(*args, **kwargs)
           ^^^^^^^^^^^^^^^^^^^
  File "/home/airflow/.local/lib/python3.12/site-packages/sqlalchemy/engine/create.py", line 518, in create_engine
    entrypoint = u._get_entrypoint()
                 ^^^^^^^^^^^^^^^^^^^
  File "/home/airflow/.local/lib/python3.12/site-packages/sqlalchemy/engine/url.py", line 662, in _get_entrypoint
    cls = registry.load(name)
          ^^^^^^^^^^^^^^^^^^^
  File "/home/airflow/.local/lib/python3.12/site-packages/sqlalchemy/util/langhelpers.py", line 343, in load
    raise exc.NoSuchModuleError(
sqlalchemy.exc.NoSuchModuleError: Can't load plugin: sqlalchemy.dialects:postgresql.psycopg
[2026-09-14T14:01:59.607+0000] {processor.py:927} WARNING - No viable dags retrieved from /opt/airflow/dags/weather_etl.py
[2026-09-14T14:01:59.696+0000] {processor.py:208} INFO - Processing /opt/airflow/dags/weather_etl.py took 1.930 seconds
[2026-09-14T14:02:30.340+0000] {processor.py:186} INFO - Started process (PID=232) to work on /opt/airflow/dags/weather_etl.py
[2026-09-14T14:02:30.343+0000] {processor.py:914} INFO - Processing file /opt/airflow/dags/weather_etl.py for tasks to queue
[2026-09-14T14:02:30.351+0000] {logging_mixin.py:190} INFO - [2026-09-14T14:02:30.350+0000] {dagbag.py:588} INFO - Filling up the DagBag from /opt/airflow/dags/weather_etl.py
[2026-09-14T14:02:32.259+0000] {logging_mixin.py:190} INFO - [2026-09-14T14:02:32.236+0000] {dagbag.py:387} ERROR - Failed to import: /opt/airflow/dags/weather_etl.py
Traceback (most recent call last):
  File "/home/airflow/.local/lib/python3.12/site-packages/airflow/models/dagbag.py", line 383, in parse
    loader.exec_module(new_module)
  File "<frozen importlib._bootstrap_external>", line 995, in exec_module
  File "<frozen importlib._bootstrap>", line 488, in _call_with_frames_removed
  File "/opt/airflow/dags/weather_etl.py", line 14, in <module>
    from database import test_connection, insert_weather
  File "/opt/airflow/database.py", line 7, in <module>
    engine = create_engine(
             ^^^^^^^^^^^^^^
  File "<string>", line 2, in create_engine
  File "/home/airflow/.local/lib/python3.12/site-packages/sqlalchemy/util/deprecations.py", line 375, in warned
    return fn(*args, **kwargs)
           ^^^^^^^^^^^^^^^^^^^
  File "/home/airflow/.local/lib/python3.12/site-packages/sqlalchemy/engine/create.py", line 518, in create_engine
    entrypoint = u._get_entrypoint()
                 ^^^^^^^^^^^^^^^^^^^
  File "/home/airflow/.local/lib/python3.12/site-packages/sqlalchemy/engine/url.py", line 662, in _get_entrypoint
    cls = registry.load(name)
          ^^^^^^^^^^^^^^^^^^^
  File "/home/airflow/.local/lib/python3.12/site-packages/sqlalchemy/util/langhelpers.py", line 343, in load
    raise exc.NoSuchModuleError(
sqlalchemy.exc.NoSuchModuleError: Can't load plugin: sqlalchemy.dialects:postgresql.psycopg
[2026-09-14T14:02:32.262+0000] {processor.py:927} WARNING - No viable dags retrieved from /opt/airflow/dags/weather_etl.py
[2026-09-14T14:02:32.357+0000] {processor.py:208} INFO - Processing /opt/airflow/dags/weather_etl.py took 2.039 seconds
[2026-09-14T14:03:02.906+0000] {processor.py:186} INFO - Started process (PID=238) to work on /opt/airflow/dags/weather_etl.py
[2026-09-14T14:03:02.912+0000] {processor.py:914} INFO - Processing file /opt/airflow/dags/weather_etl.py for tasks to queue
[2026-09-14T14:03:02.921+0000] {logging_mixin.py:190} INFO - [2026-09-14T14:03:02.919+0000] {dagbag.py:588} INFO - Filling up the DagBag from /opt/airflow/dags/weather_etl.py
[2026-09-14T14:03:04.899+0000] {logging_mixin.py:190} INFO - [2026-09-14T14:03:04.877+0000] {dagbag.py:387} ERROR - Failed to import: /opt/airflow/dags/weather_etl.py
Traceback (most recent call last):
  File "/home/airflow/.local/lib/python3.12/site-packages/airflow/models/dagbag.py", line 383, in parse
    loader.exec_module(new_module)
  File "<frozen importlib._bootstrap_external>", line 995, in exec_module
  File "<frozen importlib._bootstrap>", line 488, in _call_with_frames_removed
  File "/opt/airflow/dags/weather_etl.py", line 14, in <module>
    from database import test_connection, insert_weather
  File "/opt/airflow/database.py", line 7, in <module>
    engine = create_engine(
             ^^^^^^^^^^^^^^
  File "<string>", line 2, in create_engine
  File "/home/airflow/.local/lib/python3.12/site-packages/sqlalchemy/util/deprecations.py", line 375, in warned
    return fn(*args, **kwargs)
           ^^^^^^^^^^^^^^^^^^^
  File "/home/airflow/.local/lib/python3.12/site-packages/sqlalchemy/engine/create.py", line 518, in create_engine
    entrypoint = u._get_entrypoint()
                 ^^^^^^^^^^^^^^^^^^^
  File "/home/airflow/.local/lib/python3.12/site-packages/sqlalchemy/engine/url.py", line 662, in _get_entrypoint
    cls = registry.load(name)
          ^^^^^^^^^^^^^^^^^^^
  File "/home/airflow/.local/lib/python3.12/site-packages/sqlalchemy/util/langhelpers.py", line 343, in load
    raise exc.NoSuchModuleError(
sqlalchemy.exc.NoSuchModuleError: Can't load plugin: sqlalchemy.dialects:postgresql.psycopg
[2026-09-14T14:03:04.902+0000] {processor.py:927} WARNING - No viable dags retrieved from /opt/airflow/dags/weather_etl.py
[2026-09-14T14:03:04.978+0000] {processor.py:208} INFO - Processing /opt/airflow/dags/weather_etl.py took 2.102 seconds
[2026-09-14T14:03:35.442+0000] {processor.py:186} INFO - Started process (PID=250) to work on /opt/airflow/dags/weather_etl.py
[2026-09-14T14:03:35.446+0000] {processor.py:914} INFO - Processing file /opt/airflow/dags/weather_etl.py for tasks to queue
[2026-09-14T14:03:35.452+0000] {logging_mixin.py:190} INFO - [2026-09-14T14:03:35.451+0000] {dagbag.py:588} INFO - Filling up the DagBag from /opt/airflow/dags/weather_etl.py
[2026-09-14T14:03:36.835+0000] {logging_mixin.py:190} INFO - [2026-09-14T14:03:36.815+0000] {dagbag.py:387} ERROR - Failed to import: /opt/airflow/dags/weather_etl.py
Traceback (most recent call last):
  File "/home/airflow/.local/lib/python3.12/site-packages/airflow/models/dagbag.py", line 383, in parse
    loader.exec_module(new_module)
  File "<frozen importlib._bootstrap_external>", line 995, in exec_module
  File "<frozen importlib._bootstrap>", line 488, in _call_with_frames_removed
  File "/opt/airflow/dags/weather_etl.py", line 14, in <module>
    from database import test_connection, insert_weather
  File "/opt/airflow/database.py", line 7, in <module>
    engine = create_engine(
             ^^^^^^^^^^^^^^
  File "<string>", line 2, in create_engine
  File "/home/airflow/.local/lib/python3.12/site-packages/sqlalchemy/util/deprecations.py", line 375, in warned
    return fn(*args, **kwargs)
           ^^^^^^^^^^^^^^^^^^^
  File "/home/airflow/.local/lib/python3.12/site-packages/sqlalchemy/engine/create.py", line 518, in create_engine
    entrypoint = u._get_entrypoint()
                 ^^^^^^^^^^^^^^^^^^^
  File "/home/airflow/.local/lib/python3.12/site-packages/sqlalchemy/engine/url.py", line 662, in _get_entrypoint
    cls = registry.load(name)
          ^^^^^^^^^^^^^^^^^^^
  File "/home/airflow/.local/lib/python3.12/site-packages/sqlalchemy/util/langhelpers.py", line 343, in load
    raise exc.NoSuchModuleError(
sqlalchemy.exc.NoSuchModuleError: Can't load plugin: sqlalchemy.dialects:postgresql.psycopg
[2026-09-14T14:03:36.837+0000] {processor.py:927} WARNING - No viable dags retrieved from /opt/airflow/dags/weather_etl.py
[2026-09-14T14:03:36.918+0000] {processor.py:208} INFO - Processing /opt/airflow/dags/weather_etl.py took 1.490 seconds
[2026-09-14T14:04:07.549+0000] {processor.py:186} INFO - Started process (PID=262) to work on /opt/airflow/dags/weather_etl.py
[2026-09-14T14:04:07.552+0000] {processor.py:914} INFO - Processing file /opt/airflow/dags/weather_etl.py for tasks to queue
[2026-09-14T14:04:07.559+0000] {logging_mixin.py:190} INFO - [2026-09-14T14:04:07.558+0000] {dagbag.py:588} INFO - Filling up the DagBag from /opt/airflow/dags/weather_etl.py
[2026-09-14T14:04:09.376+0000] {logging_mixin.py:190} INFO - [2026-09-14T14:04:09.359+0000] {dagbag.py:387} ERROR - Failed to import: /opt/airflow/dags/weather_etl.py
Traceback (most recent call last):
  File "/home/airflow/.local/lib/python3.12/site-packages/airflow/models/dagbag.py", line 383, in parse
    loader.exec_module(new_module)
  File "<frozen importlib._bootstrap_external>", line 995, in exec_module
  File "<frozen importlib._bootstrap>", line 488, in _call_with_frames_removed
  File "/opt/airflow/dags/weather_etl.py", line 14, in <module>
    from database import test_connection, insert_weather
  File "/opt/airflow/database.py", line 7, in <module>
    engine = create_engine(
             ^^^^^^^^^^^^^^
  File "<string>", line 2, in create_engine
  File "/home/airflow/.local/lib/python3.12/site-packages/sqlalchemy/util/deprecations.py", line 375, in warned
    return fn(*args, **kwargs)
           ^^^^^^^^^^^^^^^^^^^
  File "/home/airflow/.local/lib/python3.12/site-packages/sqlalchemy/engine/create.py", line 518, in create_engine
    entrypoint = u._get_entrypoint()
                 ^^^^^^^^^^^^^^^^^^^
  File "/home/airflow/.local/lib/python3.12/site-packages/sqlalchemy/engine/url.py", line 662, in _get_entrypoint
    cls = registry.load(name)
          ^^^^^^^^^^^^^^^^^^^
  File "/home/airflow/.local/lib/python3.12/site-packages/sqlalchemy/util/langhelpers.py", line 343, in load
    raise exc.NoSuchModuleError(
sqlalchemy.exc.NoSuchModuleError: Can't load plugin: sqlalchemy.dialects:postgresql.psycopg
[2026-09-14T14:04:09.379+0000] {processor.py:927} WARNING - No viable dags retrieved from /opt/airflow/dags/weather_etl.py
[2026-09-14T14:04:09.457+0000] {processor.py:208} INFO - Processing /opt/airflow/dags/weather_etl.py took 1.923 seconds
[2026-09-14T14:04:40.086+0000] {processor.py:186} INFO - Started process (PID=268) to work on /opt/airflow/dags/weather_etl.py
[2026-09-14T14:04:40.089+0000] {processor.py:914} INFO - Processing file /opt/airflow/dags/weather_etl.py for tasks to queue
[2026-09-14T14:04:40.095+0000] {logging_mixin.py:190} INFO - [2026-09-14T14:04:40.094+0000] {dagbag.py:588} INFO - Filling up the DagBag from /opt/airflow/dags/weather_etl.py
[2026-09-14T14:04:41.473+0000] {logging_mixin.py:190} INFO - [2026-09-14T14:04:41.454+0000] {dagbag.py:387} ERROR - Failed to import: /opt/airflow/dags/weather_etl.py
Traceback (most recent call last):
  File "/home/airflow/.local/lib/python3.12/site-packages/airflow/models/dagbag.py", line 383, in parse
    loader.exec_module(new_module)
  File "<frozen importlib._bootstrap_external>", line 995, in exec_module
  File "<frozen importlib._bootstrap>", line 488, in _call_with_frames_removed
  File "/opt/airflow/dags/weather_etl.py", line 14, in <module>
    from database import test_connection, insert_weather
  File "/opt/airflow/database.py", line 7, in <module>
    engine = create_engine(
             ^^^^^^^^^^^^^^
  File "<string>", line 2, in create_engine
  File "/home/airflow/.local/lib/python3.12/site-packages/sqlalchemy/util/deprecations.py", line 375, in warned
    return fn(*args, **kwargs)
           ^^^^^^^^^^^^^^^^^^^
  File "/home/airflow/.local/lib/python3.12/site-packages/sqlalchemy/engine/create.py", line 518, in create_engine
    entrypoint = u._get_entrypoint()
                 ^^^^^^^^^^^^^^^^^^^
  File "/home/airflow/.local/lib/python3.12/site-packages/sqlalchemy/engine/url.py", line 662, in _get_entrypoint
    cls = registry.load(name)
          ^^^^^^^^^^^^^^^^^^^
  File "/home/airflow/.local/lib/python3.12/site-packages/sqlalchemy/util/langhelpers.py", line 343, in load
    raise exc.NoSuchModuleError(
sqlalchemy.exc.NoSuchModuleError: Can't load plugin: sqlalchemy.dialects:postgresql.psycopg
[2026-09-14T14:04:41.476+0000] {processor.py:927} WARNING - No viable dags retrieved from /opt/airflow/dags/weather_etl.py
[2026-09-14T14:04:41.558+0000] {processor.py:208} INFO - Processing /opt/airflow/dags/weather_etl.py took 1.490 seconds
[2026-09-14T14:05:12.052+0000] {processor.py:186} INFO - Started process (PID=274) to work on /opt/airflow/dags/weather_etl.py
[2026-09-14T14:05:12.056+0000] {processor.py:914} INFO - Processing file /opt/airflow/dags/weather_etl.py for tasks to queue
[2026-09-14T14:05:12.065+0000] {logging_mixin.py:190} INFO - [2026-09-14T14:05:12.063+0000] {dagbag.py:588} INFO - Filling up the DagBag from /opt/airflow/dags/weather_etl.py
[2026-09-14T14:05:14.029+0000] {logging_mixin.py:190} INFO - [2026-09-14T14:05:14.003+0000] {dagbag.py:387} ERROR - Failed to import: /opt/airflow/dags/weather_etl.py
Traceback (most recent call last):
  File "/home/airflow/.local/lib/python3.12/site-packages/airflow/models/dagbag.py", line 383, in parse
    loader.exec_module(new_module)
  File "<frozen importlib._bootstrap_external>", line 995, in exec_module
  File "<frozen importlib._bootstrap>", line 488, in _call_with_frames_removed
  File "/opt/airflow/dags/weather_etl.py", line 14, in <module>
    from database import test_connection, insert_weather
  File "/opt/airflow/database.py", line 7, in <module>
    engine = create_engine(
             ^^^^^^^^^^^^^^
  File "<string>", line 2, in create_engine
  File "/home/airflow/.local/lib/python3.12/site-packages/sqlalchemy/util/deprecations.py", line 375, in warned
    return fn(*args, **kwargs)
           ^^^^^^^^^^^^^^^^^^^
  File "/home/airflow/.local/lib/python3.12/site-packages/sqlalchemy/engine/create.py", line 518, in create_engine
    entrypoint = u._get_entrypoint()
                 ^^^^^^^^^^^^^^^^^^^
  File "/home/airflow/.local/lib/python3.12/site-packages/sqlalchemy/engine/url.py", line 662, in _get_entrypoint
    cls = registry.load(name)
          ^^^^^^^^^^^^^^^^^^^
  File "/home/airflow/.local/lib/python3.12/site-packages/sqlalchemy/util/langhelpers.py", line 343, in load
    raise exc.NoSuchModuleError(
sqlalchemy.exc.NoSuchModuleError: Can't load plugin: sqlalchemy.dialects:postgresql.psycopg
[2026-09-14T14:05:14.033+0000] {processor.py:927} WARNING - No viable dags retrieved from /opt/airflow/dags/weather_etl.py
[2026-09-14T14:05:14.163+0000] {processor.py:208} INFO - Processing /opt/airflow/dags/weather_etl.py took 2.138 seconds
[2026-09-14T14:05:44.647+0000] {processor.py:186} INFO - Started process (PID=280) to work on /opt/airflow/dags/weather_etl.py
[2026-09-14T14:05:44.650+0000] {processor.py:914} INFO - Processing file /opt/airflow/dags/weather_etl.py for tasks to queue
[2026-09-14T14:05:44.658+0000] {logging_mixin.py:190} INFO - [2026-09-14T14:05:44.657+0000] {dagbag.py:588} INFO - Filling up the DagBag from /opt/airflow/dags/weather_etl.py
[2026-09-14T14:05:46.109+0000] {logging_mixin.py:190} INFO - [2026-09-14T14:05:46.085+0000] {dagbag.py:387} ERROR - Failed to import: /opt/airflow/dags/weather_etl.py
Traceback (most recent call last):
  File "/home/airflow/.local/lib/python3.12/site-packages/airflow/models/dagbag.py", line 383, in parse
    loader.exec_module(new_module)
  File "<frozen importlib._bootstrap_external>", line 995, in exec_module
  File "<frozen importlib._bootstrap>", line 488, in _call_with_frames_removed
  File "/opt/airflow/dags/weather_etl.py", line 14, in <module>
    from database import test_connection, insert_weather
  File "/opt/airflow/database.py", line 7, in <module>
    engine = create_engine(
             ^^^^^^^^^^^^^^
  File "<string>", line 2, in create_engine
  File "/home/airflow/.local/lib/python3.12/site-packages/sqlalchemy/util/deprecations.py", line 375, in warned
    return fn(*args, **kwargs)
           ^^^^^^^^^^^^^^^^^^^
  File "/home/airflow/.local/lib/python3.12/site-packages/sqlalchemy/engine/create.py", line 518, in create_engine
    entrypoint = u._get_entrypoint()
                 ^^^^^^^^^^^^^^^^^^^
  File "/home/airflow/.local/lib/python3.12/site-packages/sqlalchemy/engine/url.py", line 662, in _get_entrypoint
    cls = registry.load(name)
          ^^^^^^^^^^^^^^^^^^^
  File "/home/airflow/.local/lib/python3.12/site-packages/sqlalchemy/util/langhelpers.py", line 343, in load
    raise exc.NoSuchModuleError(
sqlalchemy.exc.NoSuchModuleError: Can't load plugin: sqlalchemy.dialects:postgresql.psycopg
[2026-09-14T14:05:46.112+0000] {processor.py:927} WARNING - No viable dags retrieved from /opt/airflow/dags/weather_etl.py
[2026-09-14T14:05:46.191+0000] {processor.py:208} INFO - Processing /opt/airflow/dags/weather_etl.py took 1.563 seconds
[2026-09-14T14:06:16.797+0000] {processor.py:186} INFO - Started process (PID=286) to work on /opt/airflow/dags/weather_etl.py
[2026-09-14T14:06:16.800+0000] {processor.py:914} INFO - Processing file /opt/airflow/dags/weather_etl.py for tasks to queue
[2026-09-14T14:06:16.807+0000] {logging_mixin.py:190} INFO - [2026-09-14T14:06:16.806+0000] {dagbag.py:588} INFO - Filling up the DagBag from /opt/airflow/dags/weather_etl.py
[2026-09-14T14:06:18.632+0000] {logging_mixin.py:190} INFO - [2026-09-14T14:06:18.602+0000] {dagbag.py:387} ERROR - Failed to import: /opt/airflow/dags/weather_etl.py
Traceback (most recent call last):
  File "/home/airflow/.local/lib/python3.12/site-packages/airflow/models/dagbag.py", line 383, in parse
    loader.exec_module(new_module)
  File "<frozen importlib._bootstrap_external>", line 995, in exec_module
  File "<frozen importlib._bootstrap>", line 488, in _call_with_frames_removed
  File "/opt/airflow/dags/weather_etl.py", line 14, in <module>
    from database import test_connection, insert_weather
  File "/opt/airflow/database.py", line 7, in <module>
    engine = create_engine(
             ^^^^^^^^^^^^^^
  File "<string>", line 2, in create_engine
  File "/home/airflow/.local/lib/python3.12/site-packages/sqlalchemy/util/deprecations.py", line 375, in warned
    return fn(*args, **kwargs)
           ^^^^^^^^^^^^^^^^^^^
  File "/home/airflow/.local/lib/python3.12/site-packages/sqlalchemy/engine/create.py", line 518, in create_engine
    entrypoint = u._get_entrypoint()
                 ^^^^^^^^^^^^^^^^^^^
  File "/home/airflow/.local/lib/python3.12/site-packages/sqlalchemy/engine/url.py", line 662, in _get_entrypoint
    cls = registry.load(name)
          ^^^^^^^^^^^^^^^^^^^
  File "/home/airflow/.local/lib/python3.12/site-packages/sqlalchemy/util/langhelpers.py", line 343, in load
    raise exc.NoSuchModuleError(
sqlalchemy.exc.NoSuchModuleError: Can't load plugin: sqlalchemy.dialects:postgresql.psycopg
[2026-09-14T14:06:18.635+0000] {processor.py:927} WARNING - No viable dags retrieved from /opt/airflow/dags/weather_etl.py
[2026-09-14T14:06:18.781+0000] {processor.py:208} INFO - Processing /opt/airflow/dags/weather_etl.py took 2.008 seconds
[2026-09-14T14:06:49.336+0000] {processor.py:186} INFO - Started process (PID=298) to work on /opt/airflow/dags/weather_etl.py
[2026-09-14T14:06:49.339+0000] {processor.py:914} INFO - Processing file /opt/airflow/dags/weather_etl.py for tasks to queue
[2026-09-14T14:06:49.348+0000] {logging_mixin.py:190} INFO - [2026-09-14T14:06:49.347+0000] {dagbag.py:588} INFO - Filling up the DagBag from /opt/airflow/dags/weather_etl.py
[2026-09-14T14:06:50.896+0000] {logging_mixin.py:190} INFO - [2026-09-14T14:06:50.874+0000] {dagbag.py:387} ERROR - Failed to import: /opt/airflow/dags/weather_etl.py
Traceback (most recent call last):
  File "/home/airflow/.local/lib/python3.12/site-packages/airflow/models/dagbag.py", line 383, in parse
    loader.exec_module(new_module)
  File "<frozen importlib._bootstrap_external>", line 995, in exec_module
  File "<frozen importlib._bootstrap>", line 488, in _call_with_frames_removed
  File "/opt/airflow/dags/weather_etl.py", line 14, in <module>
    from database import test_connection, insert_weather
  File "/opt/airflow/database.py", line 7, in <module>
    engine = create_engine(
             ^^^^^^^^^^^^^^
  File "<string>", line 2, in create_engine
  File "/home/airflow/.local/lib/python3.12/site-packages/sqlalchemy/util/deprecations.py", line 375, in warned
    return fn(*args, **kwargs)
           ^^^^^^^^^^^^^^^^^^^
  File "/home/airflow/.local/lib/python3.12/site-packages/sqlalchemy/engine/create.py", line 518, in create_engine
    entrypoint = u._get_entrypoint()
                 ^^^^^^^^^^^^^^^^^^^
  File "/home/airflow/.local/lib/python3.12/site-packages/sqlalchemy/engine/url.py", line 662, in _get_entrypoint
    cls = registry.load(name)
          ^^^^^^^^^^^^^^^^^^^
  File "/home/airflow/.local/lib/python3.12/site-packages/sqlalchemy/util/langhelpers.py", line 343, in load
    raise exc.NoSuchModuleError(
sqlalchemy.exc.NoSuchModuleError: Can't load plugin: sqlalchemy.dialects:postgresql.psycopg
[2026-09-14T14:06:50.899+0000] {processor.py:927} WARNING - No viable dags retrieved from /opt/airflow/dags/weather_etl.py
[2026-09-14T14:06:50.982+0000] {processor.py:208} INFO - Processing /opt/airflow/dags/weather_etl.py took 1.668 seconds
[2026-09-14T14:07:21.563+0000] {processor.py:186} INFO - Started process (PID=304) to work on /opt/airflow/dags/weather_etl.py
[2026-09-14T14:07:21.566+0000] {processor.py:914} INFO - Processing file /opt/airflow/dags/weather_etl.py for tasks to queue
[2026-09-14T14:07:21.573+0000] {logging_mixin.py:190} INFO - [2026-09-14T14:07:21.572+0000] {dagbag.py:588} INFO - Filling up the DagBag from /opt/airflow/dags/weather_etl.py
[2026-09-14T14:07:23.093+0000] {logging_mixin.py:190} INFO - [2026-09-14T14:07:23.070+0000] {dagbag.py:387} ERROR - Failed to import: /opt/airflow/dags/weather_etl.py
Traceback (most recent call last):
  File "/home/airflow/.local/lib/python3.12/site-packages/airflow/models/dagbag.py", line 383, in parse
    loader.exec_module(new_module)
  File "<frozen importlib._bootstrap_external>", line 995, in exec_module
  File "<frozen importlib._bootstrap>", line 488, in _call_with_frames_removed
  File "/opt/airflow/dags/weather_etl.py", line 14, in <module>
    from database import test_connection, insert_weather
  File "/opt/airflow/database.py", line 7, in <module>
    engine = create_engine(
             ^^^^^^^^^^^^^^
  File "<string>", line 2, in create_engine
  File "/home/airflow/.local/lib/python3.12/site-packages/sqlalchemy/util/deprecations.py", line 375, in warned
    return fn(*args, **kwargs)
           ^^^^^^^^^^^^^^^^^^^
  File "/home/airflow/.local/lib/python3.12/site-packages/sqlalchemy/engine/create.py", line 518, in create_engine
    entrypoint = u._get_entrypoint()
                 ^^^^^^^^^^^^^^^^^^^
  File "/home/airflow/.local/lib/python3.12/site-packages/sqlalchemy/engine/url.py", line 662, in _get_entrypoint
    cls = registry.load(name)
          ^^^^^^^^^^^^^^^^^^^
  File "/home/airflow/.local/lib/python3.12/site-packages/sqlalchemy/util/langhelpers.py", line 343, in load
    raise exc.NoSuchModuleError(
sqlalchemy.exc.NoSuchModuleError: Can't load plugin: sqlalchemy.dialects:postgresql.psycopg
[2026-09-14T14:07:23.096+0000] {processor.py:927} WARNING - No viable dags retrieved from /opt/airflow/dags/weather_etl.py
[2026-09-14T14:07:23.184+0000] {processor.py:208} INFO - Processing /opt/airflow/dags/weather_etl.py took 1.641 seconds
[2026-09-14T14:07:53.762+0000] {processor.py:186} INFO - Started process (PID=310) to work on /opt/airflow/dags/weather_etl.py
[2026-09-14T14:07:53.765+0000] {processor.py:914} INFO - Processing file /opt/airflow/dags/weather_etl.py for tasks to queue
[2026-09-14T14:07:53.773+0000] {logging_mixin.py:190} INFO - [2026-09-14T14:07:53.772+0000] {dagbag.py:588} INFO - Filling up the DagBag from /opt/airflow/dags/weather_etl.py
[2026-09-14T14:07:55.544+0000] {logging_mixin.py:190} INFO - [2026-09-14T14:07:55.523+0000] {dagbag.py:387} ERROR - Failed to import: /opt/airflow/dags/weather_etl.py
Traceback (most recent call last):
  File "/home/airflow/.local/lib/python3.12/site-packages/airflow/models/dagbag.py", line 383, in parse
    loader.exec_module(new_module)
  File "<frozen importlib._bootstrap_external>", line 995, in exec_module
  File "<frozen importlib._bootstrap>", line 488, in _call_with_frames_removed
  File "/opt/airflow/dags/weather_etl.py", line 14, in <module>
    from database import test_connection, insert_weather
  File "/opt/airflow/database.py", line 7, in <module>
    engine = create_engine(
             ^^^^^^^^^^^^^^
  File "<string>", line 2, in create_engine
  File "/home/airflow/.local/lib/python3.12/site-packages/sqlalchemy/util/deprecations.py", line 375, in warned
    return fn(*args, **kwargs)
           ^^^^^^^^^^^^^^^^^^^
  File "/home/airflow/.local/lib/python3.12/site-packages/sqlalchemy/engine/create.py", line 518, in create_engine
    entrypoint = u._get_entrypoint()
                 ^^^^^^^^^^^^^^^^^^^
  File "/home/airflow/.local/lib/python3.12/site-packages/sqlalchemy/engine/url.py", line 662, in _get_entrypoint
    cls = registry.load(name)
          ^^^^^^^^^^^^^^^^^^^
  File "/home/airflow/.local/lib/python3.12/site-packages/sqlalchemy/util/langhelpers.py", line 343, in load
    raise exc.NoSuchModuleError(
sqlalchemy.exc.NoSuchModuleError: Can't load plugin: sqlalchemy.dialects:postgresql.psycopg
[2026-09-14T14:07:55.547+0000] {processor.py:927} WARNING - No viable dags retrieved from /opt/airflow/dags/weather_etl.py
[2026-09-14T14:07:55.624+0000] {processor.py:208} INFO - Processing /opt/airflow/dags/weather_etl.py took 1.882 seconds
[2026-09-14T14:08:26.211+0000] {processor.py:186} INFO - Started process (PID=316) to work on /opt/airflow/dags/weather_etl.py
[2026-09-14T14:08:26.213+0000] {processor.py:914} INFO - Processing file /opt/airflow/dags/weather_etl.py for tasks to queue
[2026-09-14T14:08:26.221+0000] {logging_mixin.py:190} INFO - [2026-09-14T14:08:26.220+0000] {dagbag.py:588} INFO - Filling up the DagBag from /opt/airflow/dags/weather_etl.py
[2026-09-14T14:08:27.625+0000] {logging_mixin.py:190} INFO - [2026-09-14T14:08:27.602+0000] {dagbag.py:387} ERROR - Failed to import: /opt/airflow/dags/weather_etl.py
Traceback (most recent call last):
  File "/home/airflow/.local/lib/python3.12/site-packages/airflow/models/dagbag.py", line 383, in parse
    loader.exec_module(new_module)
  File "<frozen importlib._bootstrap_external>", line 995, in exec_module
  File "<frozen importlib._bootstrap>", line 488, in _call_with_frames_removed
  File "/opt/airflow/dags/weather_etl.py", line 14, in <module>
    from database import test_connection, insert_weather
  File "/opt/airflow/database.py", line 7, in <module>
    engine = create_engine(
             ^^^^^^^^^^^^^^
  File "<string>", line 2, in create_engine
  File "/home/airflow/.local/lib/python3.12/site-packages/sqlalchemy/util/deprecations.py", line 375, in warned
    return fn(*args, **kwargs)
           ^^^^^^^^^^^^^^^^^^^
  File "/home/airflow/.local/lib/python3.12/site-packages/sqlalchemy/engine/create.py", line 518, in create_engine
    entrypoint = u._get_entrypoint()
                 ^^^^^^^^^^^^^^^^^^^
  File "/home/airflow/.local/lib/python3.12/site-packages/sqlalchemy/engine/url.py", line 662, in _get_entrypoint
    cls = registry.load(name)
          ^^^^^^^^^^^^^^^^^^^
  File "/home/airflow/.local/lib/python3.12/site-packages/sqlalchemy/util/langhelpers.py", line 343, in load
    raise exc.NoSuchModuleError(
sqlalchemy.exc.NoSuchModuleError: Can't load plugin: sqlalchemy.dialects:postgresql.psycopg
[2026-09-14T14:08:27.628+0000] {processor.py:927} WARNING - No viable dags retrieved from /opt/airflow/dags/weather_etl.py
[2026-09-14T14:08:27.715+0000] {processor.py:208} INFO - Processing /opt/airflow/dags/weather_etl.py took 1.526 seconds
[2026-09-14T14:08:58.261+0000] {processor.py:186} INFO - Started process (PID=322) to work on /opt/airflow/dags/weather_etl.py
[2026-09-14T14:08:58.266+0000] {processor.py:914} INFO - Processing file /opt/airflow/dags/weather_etl.py for tasks to queue
[2026-09-14T14:08:58.276+0000] {logging_mixin.py:190} INFO - [2026-09-14T14:08:58.274+0000] {dagbag.py:588} INFO - Filling up the DagBag from /opt/airflow/dags/weather_etl.py
[2026-09-14T14:09:00.126+0000] {logging_mixin.py:190} INFO - [2026-09-14T14:09:00.105+0000] {dagbag.py:387} ERROR - Failed to import: /opt/airflow/dags/weather_etl.py
Traceback (most recent call last):
  File "/home/airflow/.local/lib/python3.12/site-packages/airflow/models/dagbag.py", line 383, in parse
    loader.exec_module(new_module)
  File "<frozen importlib._bootstrap_external>", line 995, in exec_module
  File "<frozen importlib._bootstrap>", line 488, in _call_with_frames_removed
  File "/opt/airflow/dags/weather_etl.py", line 14, in <module>
    from database import test_connection, insert_weather
  File "/opt/airflow/database.py", line 7, in <module>
    engine = create_engine(
             ^^^^^^^^^^^^^^
  File "<string>", line 2, in create_engine
  File "/home/airflow/.local/lib/python3.12/site-packages/sqlalchemy/util/deprecations.py", line 375, in warned
    return fn(*args, **kwargs)
           ^^^^^^^^^^^^^^^^^^^
  File "/home/airflow/.local/lib/python3.12/site-packages/sqlalchemy/engine/create.py", line 518, in create_engine
    entrypoint = u._get_entrypoint()
                 ^^^^^^^^^^^^^^^^^^^
  File "/home/airflow/.local/lib/python3.12/site-packages/sqlalchemy/engine/url.py", line 662, in _get_entrypoint
    cls = registry.load(name)
          ^^^^^^^^^^^^^^^^^^^
  File "/home/airflow/.local/lib/python3.12/site-packages/sqlalchemy/util/langhelpers.py", line 343, in load
    raise exc.NoSuchModuleError(
sqlalchemy.exc.NoSuchModuleError: Can't load plugin: sqlalchemy.dialects:postgresql.psycopg
[2026-09-14T14:09:00.129+0000] {processor.py:927} WARNING - No viable dags retrieved from /opt/airflow/dags/weather_etl.py
[2026-09-14T14:09:00.216+0000] {processor.py:208} INFO - Processing /opt/airflow/dags/weather_etl.py took 1.984 seconds
[2026-09-14T14:09:30.770+0000] {processor.py:186} INFO - Started process (PID=328) to work on /opt/airflow/dags/weather_etl.py
[2026-09-14T14:09:30.774+0000] {processor.py:914} INFO - Processing file /opt/airflow/dags/weather_etl.py for tasks to queue
[2026-09-14T14:09:30.785+0000] {logging_mixin.py:190} INFO - [2026-09-14T14:09:30.783+0000] {dagbag.py:588} INFO - Filling up the DagBag from /opt/airflow/dags/weather_etl.py
[2026-09-14T14:09:32.345+0000] {logging_mixin.py:190} INFO - [2026-09-14T14:09:32.323+0000] {dagbag.py:387} ERROR - Failed to import: /opt/airflow/dags/weather_etl.py
Traceback (most recent call last):
  File "/home/airflow/.local/lib/python3.12/site-packages/airflow/models/dagbag.py", line 383, in parse
    loader.exec_module(new_module)
  File "<frozen importlib._bootstrap_external>", line 995, in exec_module
  File "<frozen importlib._bootstrap>", line 488, in _call_with_frames_removed
  File "/opt/airflow/dags/weather_etl.py", line 14, in <module>
    from database import test_connection, insert_weather
  File "/opt/airflow/database.py", line 7, in <module>
    engine = create_engine(
             ^^^^^^^^^^^^^^
  File "<string>", line 2, in create_engine
  File "/home/airflow/.local/lib/python3.12/site-packages/sqlalchemy/util/deprecations.py", line 375, in warned
    return fn(*args, **kwargs)
           ^^^^^^^^^^^^^^^^^^^
  File "/home/airflow/.local/lib/python3.12/site-packages/sqlalchemy/engine/create.py", line 518, in create_engine
    entrypoint = u._get_entrypoint()
                 ^^^^^^^^^^^^^^^^^^^
  File "/home/airflow/.local/lib/python3.12/site-packages/sqlalchemy/engine/url.py", line 662, in _get_entrypoint
    cls = registry.load(name)
          ^^^^^^^^^^^^^^^^^^^
  File "/home/airflow/.local/lib/python3.12/site-packages/sqlalchemy/util/langhelpers.py", line 343, in load
    raise exc.NoSuchModuleError(
sqlalchemy.exc.NoSuchModuleError: Can't load plugin: sqlalchemy.dialects:postgresql.psycopg
[2026-09-14T14:09:32.348+0000] {processor.py:927} WARNING - No viable dags retrieved from /opt/airflow/dags/weather_etl.py
[2026-09-14T14:09:32.424+0000] {processor.py:208} INFO - Processing /opt/airflow/dags/weather_etl.py took 1.680 seconds
[2026-09-14T14:10:03.193+0000] {processor.py:186} INFO - Started process (PID=334) to work on /opt/airflow/dags/weather_etl.py
[2026-09-14T14:10:03.197+0000] {processor.py:914} INFO - Processing file /opt/airflow/dags/weather_etl.py for tasks to queue
[2026-09-14T14:10:03.205+0000] {logging_mixin.py:190} INFO - [2026-09-14T14:10:03.204+0000] {dagbag.py:588} INFO - Filling up the DagBag from /opt/airflow/dags/weather_etl.py
[2026-09-14T14:10:04.724+0000] {processor.py:925} INFO - DAG(s) 'weather_etl' retrieved from /opt/airflow/dags/weather_etl.py
[2026-09-14T14:10:05.290+0000] {logging_mixin.py:190} INFO - [2026-09-14T14:10:05.289+0000] {override.py:1911} INFO - Created Permission View: can read on DAG:weather_etl
[2026-09-14T14:10:05.323+0000] {logging_mixin.py:190} INFO - [2026-09-14T14:10:05.322+0000] {override.py:1911} INFO - Created Permission View: can delete on DAG:weather_etl
[2026-09-14T14:10:05.346+0000] {logging_mixin.py:190} INFO - [2026-09-14T14:10:05.345+0000] {override.py:1911} INFO - Created Permission View: can edit on DAG:weather_etl
[2026-09-14T14:10:05.370+0000] {logging_mixin.py:190} INFO - [2026-09-14T14:10:05.369+0000] {override.py:1911} INFO - Created Permission View: can create on DAG Run:weather_etl
[2026-09-14T14:10:05.392+0000] {logging_mixin.py:190} INFO - [2026-09-14T14:10:05.391+0000] {override.py:1911} INFO - Created Permission View: can read on DAG Run:weather_etl
[2026-09-14T14:10:05.414+0000] {logging_mixin.py:190} INFO - [2026-09-14T14:10:05.413+0000] {override.py:1911} INFO - Created Permission View: can delete on DAG Run:weather_etl
[2026-09-14T14:10:05.434+0000] {logging_mixin.py:190} INFO - [2026-09-14T14:10:05.433+0000] {override.py:1911} INFO - Created Permission View: menu access on DAG Run:weather_etl
[2026-09-14T14:10:05.436+0000] {logging_mixin.py:190} INFO - [2026-09-14T14:10:05.435+0000] {dag.py:3239} INFO - Sync 1 DAGs
[2026-09-14T14:10:05.501+0000] {logging_mixin.py:190} INFO - [2026-09-14T14:10:05.500+0000] {dag.py:3262} INFO - Creating ORM DAG for weather_etl
[2026-09-14T14:10:05.541+0000] {logging_mixin.py:190} INFO - [2026-09-14T14:10:05.540+0000] {dag.py:4180} INFO - Setting next_dagrun for weather_etl to 2026-09-14 13:00:00+00:00, run_after=2026-09-14 14:00:00+00:00
[2026-09-14T14:10:05.606+0000] {processor.py:208} INFO - Processing /opt/airflow/dags/weather_etl.py took 2.434 seconds
[2026-09-14T14:10:35.877+0000] {processor.py:186} INFO - Started process (PID=340) to work on /opt/airflow/dags/weather_etl.py
[2026-09-14T14:10:35.880+0000] {processor.py:914} INFO - Processing file /opt/airflow/dags/weather_etl.py for tasks to queue
[2026-09-14T14:10:35.887+0000] {logging_mixin.py:190} INFO - [2026-09-14T14:10:35.886+0000] {dagbag.py:588} INFO - Filling up the DagBag from /opt/airflow/dags/weather_etl.py
[2026-09-14T14:10:37.158+0000] {processor.py:925} INFO - DAG(s) 'weather_etl' retrieved from /opt/airflow/dags/weather_etl.py
[2026-09-14T14:10:37.275+0000] {logging_mixin.py:190} INFO - [2026-09-14T14:10:37.274+0000] {dag.py:3239} INFO - Sync 1 DAGs
[2026-09-14T14:10:37.358+0000] {logging_mixin.py:190} INFO - [2026-09-14T14:10:37.357+0000] {dag.py:4180} INFO - Setting next_dagrun for weather_etl to 2026-09-14 13:00:00+00:00, run_after=2026-09-14 14:00:00+00:00
[2026-09-14T14:10:37.417+0000] {processor.py:208} INFO - Processing /opt/airflow/dags/weather_etl.py took 1.559 seconds
[2026-09-14T14:11:07.702+0000] {processor.py:186} INFO - Started process (PID=346) to work on /opt/airflow/dags/weather_etl.py
[2026-09-14T14:11:07.705+0000] {processor.py:914} INFO - Processing file /opt/airflow/dags/weather_etl.py for tasks to queue
[2026-09-14T14:11:07.714+0000] {logging_mixin.py:190} INFO - [2026-09-14T14:11:07.712+0000] {dagbag.py:588} INFO - Filling up the DagBag from /opt/airflow/dags/weather_etl.py
[2026-09-14T14:11:09.252+0000] {processor.py:925} INFO - DAG(s) 'weather_etl' retrieved from /opt/airflow/dags/weather_etl.py
[2026-09-14T14:11:09.375+0000] {logging_mixin.py:190} INFO - [2026-09-14T14:11:09.375+0000] {dag.py:3239} INFO - Sync 1 DAGs
[2026-09-14T14:11:09.456+0000] {logging_mixin.py:190} INFO - [2026-09-14T14:11:09.456+0000] {dag.py:4180} INFO - Setting next_dagrun for weather_etl to 2026-09-14 13:00:00+00:00, run_after=2026-09-14 14:00:00+00:00
[2026-09-14T14:11:09.517+0000] {processor.py:208} INFO - Processing /opt/airflow/dags/weather_etl.py took 1.843 seconds
[2026-09-14T14:11:40.131+0000] {processor.py:186} INFO - Started process (PID=352) to work on /opt/airflow/dags/weather_etl.py
[2026-09-14T14:11:40.136+0000] {processor.py:914} INFO - Processing file /opt/airflow/dags/weather_etl.py for tasks to queue
[2026-09-14T14:11:40.145+0000] {logging_mixin.py:190} INFO - [2026-09-14T14:11:40.144+0000] {dagbag.py:588} INFO - Filling up the DagBag from /opt/airflow/dags/weather_etl.py
[2026-09-14T14:11:41.611+0000] {processor.py:925} INFO - DAG(s) 'weather_etl' retrieved from /opt/airflow/dags/weather_etl.py
[2026-09-14T14:11:41.722+0000] {logging_mixin.py:190} INFO - [2026-09-14T14:11:41.721+0000] {dag.py:3239} INFO - Sync 1 DAGs
[2026-09-14T14:11:41.801+0000] {logging_mixin.py:190} INFO - [2026-09-14T14:11:41.800+0000] {dag.py:4180} INFO - Setting next_dagrun for weather_etl to 2026-09-14 13:00:00+00:00, run_after=2026-09-14 14:00:00+00:00
[2026-09-14T14:11:41.863+0000] {processor.py:208} INFO - Processing /opt/airflow/dags/weather_etl.py took 1.756 seconds
[2026-09-14T14:12:12.476+0000] {processor.py:186} INFO - Started process (PID=358) to work on /opt/airflow/dags/weather_etl.py
[2026-09-14T14:12:12.479+0000] {processor.py:914} INFO - Processing file /opt/airflow/dags/weather_etl.py for tasks to queue
[2026-09-14T14:12:12.490+0000] {logging_mixin.py:190} INFO - [2026-09-14T14:12:12.488+0000] {dagbag.py:588} INFO - Filling up the DagBag from /opt/airflow/dags/weather_etl.py
[2026-09-14T14:12:14.024+0000] {processor.py:925} INFO - DAG(s) 'weather_etl' retrieved from /opt/airflow/dags/weather_etl.py
[2026-09-14T14:12:14.125+0000] {logging_mixin.py:190} INFO - [2026-09-14T14:12:14.125+0000] {dag.py:3239} INFO - Sync 1 DAGs
[2026-09-14T14:12:14.205+0000] {logging_mixin.py:190} INFO - [2026-09-14T14:12:14.205+0000] {dag.py:4180} INFO - Setting next_dagrun for weather_etl to 2026-09-14 13:00:00+00:00, run_after=2026-09-14 14:00:00+00:00
[2026-09-14T14:12:14.271+0000] {processor.py:208} INFO - Processing /opt/airflow/dags/weather_etl.py took 1.826 seconds
[2026-09-14T14:12:44.538+0000] {processor.py:186} INFO - Started process (PID=364) to work on /opt/airflow/dags/weather_etl.py
[2026-09-14T14:12:44.542+0000] {processor.py:914} INFO - Processing file /opt/airflow/dags/weather_etl.py for tasks to queue
[2026-09-14T14:12:44.550+0000] {logging_mixin.py:190} INFO - [2026-09-14T14:12:44.549+0000] {dagbag.py:588} INFO - Filling up the DagBag from /opt/airflow/dags/weather_etl.py
[2026-09-14T14:12:48.451+0000] {processor.py:925} INFO - DAG(s) 'weather_etl' retrieved from /opt/airflow/dags/weather_etl.py
[2026-09-14T14:12:48.655+0000] {logging_mixin.py:190} INFO - [2026-09-14T14:12:48.654+0000] {dag.py:3239} INFO - Sync 1 DAGs
[2026-09-14T14:12:48.853+0000] {logging_mixin.py:190} INFO - [2026-09-14T14:12:48.852+0000] {dag.py:4180} INFO - Setting next_dagrun for weather_etl to 2026-09-14 13:00:00+00:00, run_after=2026-09-14 14:00:00+00:00
[2026-09-14T14:12:49.014+0000] {processor.py:208} INFO - Processing /opt/airflow/dags/weather_etl.py took 4.516 seconds
[2026-09-14T14:13:45.446+0000] {processor.py:186} INFO - Started process (PID=175) to work on /opt/airflow/dags/weather_etl.py
[2026-09-14T14:13:45.451+0000] {processor.py:914} INFO - Processing file /opt/airflow/dags/weather_etl.py for tasks to queue
[2026-09-14T14:13:45.460+0000] {logging_mixin.py:190} INFO - [2026-09-14T14:13:45.458+0000] {dagbag.py:588} INFO - Filling up the DagBag from /opt/airflow/dags/weather_etl.py
[2026-09-14T14:13:47.690+0000] {processor.py:925} INFO - DAG(s) 'weather_etl' retrieved from /opt/airflow/dags/weather_etl.py
[2026-09-14T14:13:47.811+0000] {logging_mixin.py:190} INFO - [2026-09-14T14:13:47.810+0000] {dag.py:3239} INFO - Sync 1 DAGs
[2026-09-14T14:13:47.935+0000] {logging_mixin.py:190} INFO - [2026-09-14T14:13:47.934+0000] {dag.py:4180} INFO - Setting next_dagrun for weather_etl to 2026-09-14 13:00:00+00:00, run_after=2026-09-14 14:00:00+00:00
[2026-09-14T14:13:48.010+0000] {processor.py:208} INFO - Processing /opt/airflow/dags/weather_etl.py took 2.601 seconds
[2026-09-14T14:14:18.684+0000] {processor.py:186} INFO - Started process (PID=201) to work on /opt/airflow/dags/weather_etl.py
[2026-09-14T14:14:18.688+0000] {processor.py:914} INFO - Processing file /opt/airflow/dags/weather_etl.py for tasks to queue
[2026-09-14T14:14:18.700+0000] {logging_mixin.py:190} INFO - [2026-09-14T14:14:18.699+0000] {dagbag.py:588} INFO - Filling up the DagBag from /opt/airflow/dags/weather_etl.py
[2026-09-14T14:14:20.498+0000] {processor.py:925} INFO - DAG(s) 'weather_etl' retrieved from /opt/airflow/dags/weather_etl.py
[2026-09-14T14:14:20.600+0000] {logging_mixin.py:190} INFO - [2026-09-14T14:14:20.600+0000] {dag.py:3239} INFO - Sync 1 DAGs
[2026-09-14T14:14:20.687+0000] {logging_mixin.py:190} INFO - [2026-09-14T14:14:20.686+0000] {dag.py:4180} INFO - Setting next_dagrun for weather_etl to 2026-09-14 13:00:00+00:00, run_after=2026-09-14 14:00:00+00:00
[2026-09-14T14:14:20.757+0000] {processor.py:208} INFO - Processing /opt/airflow/dags/weather_etl.py took 2.106 seconds
[2026-09-14T14:14:51.160+0000] {processor.py:186} INFO - Started process (PID=207) to work on /opt/airflow/dags/weather_etl.py
[2026-09-14T14:14:51.162+0000] {processor.py:914} INFO - Processing file /opt/airflow/dags/weather_etl.py for tasks to queue
[2026-09-14T14:14:51.168+0000] {logging_mixin.py:190} INFO - [2026-09-14T14:14:51.167+0000] {dagbag.py:588} INFO - Filling up the DagBag from /opt/airflow/dags/weather_etl.py
[2026-09-14T14:14:52.759+0000] {processor.py:925} INFO - DAG(s) 'weather_etl' retrieved from /opt/airflow/dags/weather_etl.py
[2026-09-14T14:14:52.863+0000] {logging_mixin.py:190} INFO - [2026-09-14T14:14:52.862+0000] {dag.py:3239} INFO - Sync 1 DAGs
[2026-09-14T14:14:52.971+0000] {logging_mixin.py:190} INFO - [2026-09-14T14:14:52.970+0000] {dag.py:4180} INFO - Setting next_dagrun for weather_etl to 2026-09-14 13:00:00+00:00, run_after=2026-09-14 14:00:00+00:00
[2026-09-14T14:14:53.039+0000] {processor.py:208} INFO - Processing /opt/airflow/dags/weather_etl.py took 1.893 seconds
[2026-09-14T14:15:23.644+0000] {processor.py:186} INFO - Started process (PID=213) to work on /opt/airflow/dags/weather_etl.py
[2026-09-14T14:15:23.647+0000] {processor.py:914} INFO - Processing file /opt/airflow/dags/weather_etl.py for tasks to queue
[2026-09-14T14:15:23.656+0000] {logging_mixin.py:190} INFO - [2026-09-14T14:15:23.654+0000] {dagbag.py:588} INFO - Filling up the DagBag from /opt/airflow/dags/weather_etl.py
[2026-09-14T14:15:25.146+0000] {processor.py:925} INFO - DAG(s) 'weather_etl' retrieved from /opt/airflow/dags/weather_etl.py
[2026-09-14T14:15:25.239+0000] {logging_mixin.py:190} INFO - [2026-09-14T14:15:25.238+0000] {dag.py:3239} INFO - Sync 1 DAGs
[2026-09-14T14:15:25.313+0000] {logging_mixin.py:190} INFO - [2026-09-14T14:15:25.312+0000] {dag.py:4180} INFO - Setting next_dagrun for weather_etl to 2026-09-14 13:00:00+00:00, run_after=2026-09-14 14:00:00+00:00
[2026-09-14T14:15:25.374+0000] {processor.py:208} INFO - Processing /opt/airflow/dags/weather_etl.py took 1.752 seconds
[2026-09-14T14:15:55.963+0000] {processor.py:186} INFO - Started process (PID=219) to work on /opt/airflow/dags/weather_etl.py
[2026-09-14T14:15:55.965+0000] {processor.py:914} INFO - Processing file /opt/airflow/dags/weather_etl.py for tasks to queue
[2026-09-14T14:15:55.971+0000] {logging_mixin.py:190} INFO - [2026-09-14T14:15:55.970+0000] {dagbag.py:588} INFO - Filling up the DagBag from /opt/airflow/dags/weather_etl.py
[2026-09-14T14:15:57.476+0000] {processor.py:925} INFO - DAG(s) 'weather_etl' retrieved from /opt/airflow/dags/weather_etl.py
[2026-09-14T14:15:57.560+0000] {logging_mixin.py:190} INFO - [2026-09-14T14:15:57.560+0000] {dag.py:3239} INFO - Sync 1 DAGs
[2026-09-14T14:15:57.645+0000] {logging_mixin.py:190} INFO - [2026-09-14T14:15:57.644+0000] {dag.py:4180} INFO - Setting next_dagrun for weather_etl to 2026-09-14 13:00:00+00:00, run_after=2026-09-14 14:00:00+00:00
[2026-09-14T14:15:57.724+0000] {processor.py:208} INFO - Processing /opt/airflow/dags/weather_etl.py took 1.775 seconds
[2026-09-14T14:16:28.325+0000] {processor.py:186} INFO - Started process (PID=225) to work on /opt/airflow/dags/weather_etl.py
[2026-09-14T14:16:28.329+0000] {processor.py:914} INFO - Processing file /opt/airflow/dags/weather_etl.py for tasks to queue
[2026-09-14T14:16:28.337+0000] {logging_mixin.py:190} INFO - [2026-09-14T14:16:28.336+0000] {dagbag.py:588} INFO - Filling up the DagBag from /opt/airflow/dags/weather_etl.py
[2026-09-14T14:16:29.868+0000] {processor.py:925} INFO - DAG(s) 'weather_etl' retrieved from /opt/airflow/dags/weather_etl.py
[2026-09-14T14:16:29.963+0000] {logging_mixin.py:190} INFO - [2026-09-14T14:16:29.962+0000] {dag.py:3239} INFO - Sync 1 DAGs
[2026-09-14T14:16:30.048+0000] {logging_mixin.py:190} INFO - [2026-09-14T14:16:30.047+0000] {dag.py:4180} INFO - Setting next_dagrun for weather_etl to 2026-09-14 13:00:00+00:00, run_after=2026-09-14 14:00:00+00:00
[2026-09-14T14:16:30.110+0000] {processor.py:208} INFO - Processing /opt/airflow/dags/weather_etl.py took 1.811 seconds
[2026-09-14T14:17:00.276+0000] {processor.py:186} INFO - Started process (PID=232) to work on /opt/airflow/dags/weather_etl.py
[2026-09-14T14:17:00.280+0000] {processor.py:914} INFO - Processing file /opt/airflow/dags/weather_etl.py for tasks to queue
[2026-09-14T14:17:00.290+0000] {logging_mixin.py:190} INFO - [2026-09-14T14:17:00.289+0000] {dagbag.py:588} INFO - Filling up the DagBag from /opt/airflow/dags/weather_etl.py
[2026-09-14T14:17:02.215+0000] {processor.py:925} INFO - DAG(s) 'weather_etl' retrieved from /opt/airflow/dags/weather_etl.py
[2026-09-14T14:17:02.326+0000] {logging_mixin.py:190} INFO - [2026-09-14T14:17:02.326+0000] {dag.py:3239} INFO - Sync 1 DAGs
[2026-09-14T14:17:02.424+0000] {logging_mixin.py:190} INFO - [2026-09-14T14:17:02.423+0000] {dag.py:4180} INFO - Setting next_dagrun for weather_etl to 2026-09-14 14:00:00+00:00, run_after=2026-09-14 15:00:00+00:00
[2026-09-14T14:17:02.497+0000] {processor.py:208} INFO - Processing /opt/airflow/dags/weather_etl.py took 2.245 seconds
[2026-09-14T14:17:32.790+0000] {processor.py:186} INFO - Started process (PID=254) to work on /opt/airflow/dags/weather_etl.py
[2026-09-14T14:17:32.794+0000] {processor.py:914} INFO - Processing file /opt/airflow/dags/weather_etl.py for tasks to queue
[2026-09-14T14:17:32.803+0000] {logging_mixin.py:190} INFO - [2026-09-14T14:17:32.802+0000] {dagbag.py:588} INFO - Filling up the DagBag from /opt/airflow/dags/weather_etl.py
[2026-09-14T14:17:34.270+0000] {processor.py:925} INFO - DAG(s) 'weather_etl' retrieved from /opt/airflow/dags/weather_etl.py
[2026-09-14T14:17:34.359+0000] {logging_mixin.py:190} INFO - [2026-09-14T14:17:34.359+0000] {dag.py:3239} INFO - Sync 1 DAGs
[2026-09-14T14:17:34.443+0000] {logging_mixin.py:190} INFO - [2026-09-14T14:17:34.442+0000] {dag.py:4180} INFO - Setting next_dagrun for weather_etl to 2026-09-14 14:00:00+00:00, run_after=2026-09-14 15:00:00+00:00
[2026-09-14T14:17:34.505+0000] {processor.py:208} INFO - Processing /opt/airflow/dags/weather_etl.py took 1.741 seconds
[2026-09-14T14:18:05.111+0000] {processor.py:186} INFO - Started process (PID=260) to work on /opt/airflow/dags/weather_etl.py
[2026-09-14T14:18:05.116+0000] {processor.py:914} INFO - Processing file /opt/airflow/dags/weather_etl.py for tasks to queue
[2026-09-14T14:18:05.133+0000] {logging_mixin.py:190} INFO - [2026-09-14T14:18:05.131+0000] {dagbag.py:588} INFO - Filling up the DagBag from /opt/airflow/dags/weather_etl.py
[2026-09-14T14:18:07.103+0000] {processor.py:925} INFO - DAG(s) 'weather_etl' retrieved from /opt/airflow/dags/weather_etl.py
[2026-09-14T14:18:07.219+0000] {logging_mixin.py:190} INFO - [2026-09-14T14:18:07.218+0000] {dag.py:3239} INFO - Sync 1 DAGs
[2026-09-14T14:18:07.297+0000] {logging_mixin.py:190} INFO - [2026-09-14T14:18:07.297+0000] {dag.py:4180} INFO - Setting next_dagrun for weather_etl to 2026-09-14 14:00:00+00:00, run_after=2026-09-14 15:00:00+00:00
[2026-09-14T14:18:07.362+0000] {processor.py:208} INFO - Processing /opt/airflow/dags/weather_etl.py took 2.270 seconds
[2026-09-14T14:18:37.628+0000] {processor.py:186} INFO - Started process (PID=283) to work on /opt/airflow/dags/weather_etl.py
[2026-09-14T14:18:37.633+0000] {processor.py:914} INFO - Processing file /opt/airflow/dags/weather_etl.py for tasks to queue
[2026-09-14T14:18:37.644+0000] {logging_mixin.py:190} INFO - [2026-09-14T14:18:37.643+0000] {dagbag.py:588} INFO - Filling up the DagBag from /opt/airflow/dags/weather_etl.py
[2026-09-14T14:18:39.268+0000] {processor.py:925} INFO - DAG(s) 'weather_etl' retrieved from /opt/airflow/dags/weather_etl.py
[2026-09-14T14:18:39.378+0000] {logging_mixin.py:190} INFO - [2026-09-14T14:18:39.377+0000] {dag.py:3239} INFO - Sync 1 DAGs
[2026-09-14T14:18:39.495+0000] {logging_mixin.py:190} INFO - [2026-09-14T14:18:39.495+0000] {dag.py:4180} INFO - Setting next_dagrun for weather_etl to 2026-09-14 14:00:00+00:00, run_after=2026-09-14 15:00:00+00:00
[2026-09-14T14:18:39.581+0000] {processor.py:208} INFO - Processing /opt/airflow/dags/weather_etl.py took 1.975 seconds
[2026-09-14T14:19:10.250+0000] {processor.py:186} INFO - Started process (PID=289) to work on /opt/airflow/dags/weather_etl.py
[2026-09-14T14:19:10.255+0000] {processor.py:914} INFO - Processing file /opt/airflow/dags/weather_etl.py for tasks to queue
[2026-09-14T14:19:10.270+0000] {logging_mixin.py:190} INFO - [2026-09-14T14:19:10.269+0000] {dagbag.py:588} INFO - Filling up the DagBag from /opt/airflow/dags/weather_etl.py
[2026-09-14T14:19:12.121+0000] {processor.py:925} INFO - DAG(s) 'weather_etl' retrieved from /opt/airflow/dags/weather_etl.py
[2026-09-14T14:19:12.236+0000] {logging_mixin.py:190} INFO - [2026-09-14T14:19:12.235+0000] {dag.py:3239} INFO - Sync 1 DAGs
[2026-09-14T14:19:12.341+0000] {logging_mixin.py:190} INFO - [2026-09-14T14:19:12.340+0000] {dag.py:4180} INFO - Setting next_dagrun for weather_etl to 2026-09-14 14:00:00+00:00, run_after=2026-09-14 15:00:00+00:00
[2026-09-14T14:19:12.417+0000] {processor.py:208} INFO - Processing /opt/airflow/dags/weather_etl.py took 2.195 seconds
[2026-09-14T14:19:42.846+0000] {processor.py:186} INFO - Started process (PID=295) to work on /opt/airflow/dags/weather_etl.py
[2026-09-14T14:19:42.851+0000] {processor.py:914} INFO - Processing file /opt/airflow/dags/weather_etl.py for tasks to queue
[2026-09-14T14:19:42.860+0000] {logging_mixin.py:190} INFO - [2026-09-14T14:19:42.859+0000] {dagbag.py:588} INFO - Filling up the DagBag from /opt/airflow/dags/weather_etl.py
[2026-09-14T14:19:44.381+0000] {processor.py:925} INFO - DAG(s) 'weather_etl' retrieved from /opt/airflow/dags/weather_etl.py
[2026-09-14T14:19:44.471+0000] {logging_mixin.py:190} INFO - [2026-09-14T14:19:44.470+0000] {dag.py:3239} INFO - Sync 1 DAGs
[2026-09-14T14:19:44.555+0000] {logging_mixin.py:190} INFO - [2026-09-14T14:19:44.554+0000] {dag.py:4180} INFO - Setting next_dagrun for weather_etl to 2026-09-14 14:00:00+00:00, run_after=2026-09-14 15:00:00+00:00
[2026-09-14T14:19:44.628+0000] {processor.py:208} INFO - Processing /opt/airflow/dags/weather_etl.py took 1.807 seconds
[2026-09-14T14:20:15.217+0000] {processor.py:186} INFO - Started process (PID=301) to work on /opt/airflow/dags/weather_etl.py
[2026-09-14T14:20:15.220+0000] {processor.py:914} INFO - Processing file /opt/airflow/dags/weather_etl.py for tasks to queue
[2026-09-14T14:20:15.226+0000] {logging_mixin.py:190} INFO - [2026-09-14T14:20:15.225+0000] {dagbag.py:588} INFO - Filling up the DagBag from /opt/airflow/dags/weather_etl.py
[2026-09-14T14:20:16.570+0000] {processor.py:925} INFO - DAG(s) 'weather_etl' retrieved from /opt/airflow/dags/weather_etl.py
[2026-09-14T14:20:16.657+0000] {logging_mixin.py:190} INFO - [2026-09-14T14:20:16.656+0000] {dag.py:3239} INFO - Sync 1 DAGs
[2026-09-14T14:20:16.757+0000] {logging_mixin.py:190} INFO - [2026-09-14T14:20:16.757+0000] {dag.py:4180} INFO - Setting next_dagrun for weather_etl to 2026-09-14 14:00:00+00:00, run_after=2026-09-14 15:00:00+00:00
[2026-09-14T14:20:16.840+0000] {processor.py:208} INFO - Processing /opt/airflow/dags/weather_etl.py took 1.644 seconds
[2026-09-14T14:20:47.426+0000] {processor.py:186} INFO - Started process (PID=307) to work on /opt/airflow/dags/weather_etl.py
[2026-09-14T14:20:47.430+0000] {processor.py:914} INFO - Processing file /opt/airflow/dags/weather_etl.py for tasks to queue
[2026-09-14T14:20:47.438+0000] {logging_mixin.py:190} INFO - [2026-09-14T14:20:47.437+0000] {dagbag.py:588} INFO - Filling up the DagBag from /opt/airflow/dags/weather_etl.py
[2026-09-14T14:20:49.155+0000] {processor.py:925} INFO - DAG(s) 'weather_etl' retrieved from /opt/airflow/dags/weather_etl.py
[2026-09-14T14:20:49.297+0000] {logging_mixin.py:190} INFO - [2026-09-14T14:20:49.297+0000] {dag.py:3239} INFO - Sync 1 DAGs
[2026-09-14T14:20:49.461+0000] {logging_mixin.py:190} INFO - [2026-09-14T14:20:49.460+0000] {dag.py:4180} INFO - Setting next_dagrun for weather_etl to 2026-09-14 14:00:00+00:00, run_after=2026-09-14 15:00:00+00:00
[2026-09-14T14:20:49.567+0000] {processor.py:208} INFO - Processing /opt/airflow/dags/weather_etl.py took 2.162 seconds
[2026-09-14T14:21:19.954+0000] {processor.py:186} INFO - Started process (PID=313) to work on /opt/airflow/dags/weather_etl.py
[2026-09-14T14:21:19.962+0000] {processor.py:914} INFO - Processing file /opt/airflow/dags/weather_etl.py for tasks to queue
[2026-09-14T14:21:19.975+0000] {logging_mixin.py:190} INFO - [2026-09-14T14:21:19.974+0000] {dagbag.py:588} INFO - Filling up the DagBag from /opt/airflow/dags/weather_etl.py
[2026-09-14T14:21:21.425+0000] {processor.py:925} INFO - DAG(s) 'weather_etl' retrieved from /opt/airflow/dags/weather_etl.py
[2026-09-14T14:21:21.526+0000] {logging_mixin.py:190} INFO - [2026-09-14T14:21:21.526+0000] {dag.py:3239} INFO - Sync 1 DAGs
[2026-09-14T14:21:21.598+0000] {logging_mixin.py:190} INFO - [2026-09-14T14:21:21.597+0000] {dag.py:4180} INFO - Setting next_dagrun for weather_etl to 2026-09-14 14:00:00+00:00, run_after=2026-09-14 15:00:00+00:00
[2026-09-14T14:21:21.657+0000] {processor.py:208} INFO - Processing /opt/airflow/dags/weather_etl.py took 1.727 seconds
[2026-09-14T14:21:52.219+0000] {processor.py:186} INFO - Started process (PID=319) to work on /opt/airflow/dags/weather_etl.py
[2026-09-14T14:21:52.222+0000] {processor.py:914} INFO - Processing file /opt/airflow/dags/weather_etl.py for tasks to queue
[2026-09-14T14:21:52.229+0000] {logging_mixin.py:190} INFO - [2026-09-14T14:21:52.228+0000] {dagbag.py:588} INFO - Filling up the DagBag from /opt/airflow/dags/weather_etl.py
[2026-09-14T14:21:53.605+0000] {processor.py:925} INFO - DAG(s) 'weather_etl' retrieved from /opt/airflow/dags/weather_etl.py
[2026-09-14T14:21:53.689+0000] {logging_mixin.py:190} INFO - [2026-09-14T14:21:53.688+0000] {dag.py:3239} INFO - Sync 1 DAGs
[2026-09-14T14:21:53.763+0000] {logging_mixin.py:190} INFO - [2026-09-14T14:21:53.763+0000] {dag.py:4180} INFO - Setting next_dagrun for weather_etl to 2026-09-14 14:00:00+00:00, run_after=2026-09-14 15:00:00+00:00
[2026-09-14T14:21:53.821+0000] {processor.py:208} INFO - Processing /opt/airflow/dags/weather_etl.py took 1.615 seconds
[2026-09-14T14:22:24.116+0000] {processor.py:186} INFO - Started process (PID=325) to work on /opt/airflow/dags/weather_etl.py
[2026-09-14T14:22:24.119+0000] {processor.py:914} INFO - Processing file /opt/airflow/dags/weather_etl.py for tasks to queue
[2026-09-14T14:22:24.126+0000] {logging_mixin.py:190} INFO - [2026-09-14T14:22:24.125+0000] {dagbag.py:588} INFO - Filling up the DagBag from /opt/airflow/dags/weather_etl.py
[2026-09-14T14:22:25.716+0000] {processor.py:925} INFO - DAG(s) 'weather_etl' retrieved from /opt/airflow/dags/weather_etl.py
[2026-09-14T14:22:25.819+0000] {logging_mixin.py:190} INFO - [2026-09-14T14:22:25.818+0000] {dag.py:3239} INFO - Sync 1 DAGs
[2026-09-14T14:22:25.908+0000] {logging_mixin.py:190} INFO - [2026-09-14T14:22:25.907+0000] {dag.py:4180} INFO - Setting next_dagrun for weather_etl to 2026-09-14 14:00:00+00:00, run_after=2026-09-14 15:00:00+00:00
[2026-09-14T14:22:25.972+0000] {processor.py:208} INFO - Processing /opt/airflow/dags/weather_etl.py took 1.880 seconds
[2026-09-14T14:22:56.581+0000] {processor.py:186} INFO - Started process (PID=331) to work on /opt/airflow/dags/weather_etl.py
[2026-09-14T14:22:56.585+0000] {processor.py:914} INFO - Processing file /opt/airflow/dags/weather_etl.py for tasks to queue
[2026-09-14T14:22:56.593+0000] {logging_mixin.py:190} INFO - [2026-09-14T14:22:56.591+0000] {dagbag.py:588} INFO - Filling up the DagBag from /opt/airflow/dags/weather_etl.py
[2026-09-14T14:22:58.176+0000] {processor.py:925} INFO - DAG(s) 'weather_etl' retrieved from /opt/airflow/dags/weather_etl.py
[2026-09-14T14:22:58.277+0000] {logging_mixin.py:190} INFO - [2026-09-14T14:22:58.276+0000] {dag.py:3239} INFO - Sync 1 DAGs
[2026-09-14T14:22:58.376+0000] {logging_mixin.py:190} INFO - [2026-09-14T14:22:58.375+0000] {dag.py:4180} INFO - Setting next_dagrun for weather_etl to 2026-09-14 14:00:00+00:00, run_after=2026-09-14 15:00:00+00:00
[2026-09-14T14:22:58.440+0000] {processor.py:208} INFO - Processing /opt/airflow/dags/weather_etl.py took 1.880 seconds
[2026-09-14T14:23:29.015+0000] {processor.py:186} INFO - Started process (PID=337) to work on /opt/airflow/dags/weather_etl.py
[2026-09-14T14:23:29.018+0000] {processor.py:914} INFO - Processing file /opt/airflow/dags/weather_etl.py for tasks to queue
[2026-09-14T14:23:29.025+0000] {logging_mixin.py:190} INFO - [2026-09-14T14:23:29.024+0000] {dagbag.py:588} INFO - Filling up the DagBag from /opt/airflow/dags/weather_etl.py
[2026-09-14T14:23:30.494+0000] {processor.py:925} INFO - DAG(s) 'weather_etl' retrieved from /opt/airflow/dags/weather_etl.py
[2026-09-14T14:23:30.591+0000] {logging_mixin.py:190} INFO - [2026-09-14T14:23:30.590+0000] {dag.py:3239} INFO - Sync 1 DAGs
[2026-09-14T14:23:30.665+0000] {logging_mixin.py:190} INFO - [2026-09-14T14:23:30.664+0000] {dag.py:4180} INFO - Setting next_dagrun for weather_etl to 2026-09-14 14:00:00+00:00, run_after=2026-09-14 15:00:00+00:00
[2026-09-14T14:23:30.725+0000] {processor.py:208} INFO - Processing /opt/airflow/dags/weather_etl.py took 1.727 seconds
[2026-09-14T14:24:01.400+0000] {processor.py:186} INFO - Started process (PID=343) to work on /opt/airflow/dags/weather_etl.py
[2026-09-14T14:24:01.403+0000] {processor.py:914} INFO - Processing file /opt/airflow/dags/weather_etl.py for tasks to queue
[2026-09-14T14:24:01.411+0000] {logging_mixin.py:190} INFO - [2026-09-14T14:24:01.410+0000] {dagbag.py:588} INFO - Filling up the DagBag from /opt/airflow/dags/weather_etl.py
[2026-09-14T14:24:02.898+0000] {processor.py:925} INFO - DAG(s) 'weather_etl' retrieved from /opt/airflow/dags/weather_etl.py
[2026-09-14T14:24:02.992+0000] {logging_mixin.py:190} INFO - [2026-09-14T14:24:02.991+0000] {dag.py:3239} INFO - Sync 1 DAGs
[2026-09-14T14:24:03.068+0000] {logging_mixin.py:190} INFO - [2026-09-14T14:24:03.067+0000] {dag.py:4180} INFO - Setting next_dagrun for weather_etl to 2026-09-14 14:00:00+00:00, run_after=2026-09-14 15:00:00+00:00
[2026-09-14T14:24:03.131+0000] {processor.py:208} INFO - Processing /opt/airflow/dags/weather_etl.py took 1.749 seconds
[2026-09-14T14:24:33.723+0000] {processor.py:186} INFO - Started process (PID=349) to work on /opt/airflow/dags/weather_etl.py
[2026-09-14T14:24:33.726+0000] {processor.py:914} INFO - Processing file /opt/airflow/dags/weather_etl.py for tasks to queue
[2026-09-14T14:24:33.732+0000] {logging_mixin.py:190} INFO - [2026-09-14T14:24:33.731+0000] {dagbag.py:588} INFO - Filling up the DagBag from /opt/airflow/dags/weather_etl.py
[2026-09-14T14:24:35.249+0000] {processor.py:925} INFO - DAG(s) 'weather_etl' retrieved from /opt/airflow/dags/weather_etl.py
[2026-09-14T14:24:35.344+0000] {logging_mixin.py:190} INFO - [2026-09-14T14:24:35.343+0000] {dag.py:3239} INFO - Sync 1 DAGs
[2026-09-14T14:24:35.418+0000] {logging_mixin.py:190} INFO - [2026-09-14T14:24:35.417+0000] {dag.py:4180} INFO - Setting next_dagrun for weather_etl to 2026-09-14 14:00:00+00:00, run_after=2026-09-14 15:00:00+00:00
[2026-09-14T14:24:35.477+0000] {processor.py:208} INFO - Processing /opt/airflow/dags/weather_etl.py took 1.774 seconds
[2026-09-14T14:25:05.707+0000] {processor.py:186} INFO - Started process (PID=355) to work on /opt/airflow/dags/weather_etl.py
[2026-09-14T14:25:05.709+0000] {processor.py:914} INFO - Processing file /opt/airflow/dags/weather_etl.py for tasks to queue
[2026-09-14T14:25:05.717+0000] {logging_mixin.py:190} INFO - [2026-09-14T14:25:05.716+0000] {dagbag.py:588} INFO - Filling up the DagBag from /opt/airflow/dags/weather_etl.py
[2026-09-14T14:25:07.268+0000] {processor.py:925} INFO - DAG(s) 'weather_etl' retrieved from /opt/airflow/dags/weather_etl.py
[2026-09-14T14:25:07.356+0000] {logging_mixin.py:190} INFO - [2026-09-14T14:25:07.355+0000] {dag.py:3239} INFO - Sync 1 DAGs
[2026-09-14T14:25:07.431+0000] {logging_mixin.py:190} INFO - [2026-09-14T14:25:07.431+0000] {dag.py:4180} INFO - Setting next_dagrun for weather_etl to 2026-09-14 14:00:00+00:00, run_after=2026-09-14 15:00:00+00:00
[2026-09-14T14:25:07.491+0000] {processor.py:208} INFO - Processing /opt/airflow/dags/weather_etl.py took 1.798 seconds
[2026-09-14T14:25:38.060+0000] {processor.py:186} INFO - Started process (PID=361) to work on /opt/airflow/dags/weather_etl.py
[2026-09-14T14:25:38.063+0000] {processor.py:914} INFO - Processing file /opt/airflow/dags/weather_etl.py for tasks to queue
[2026-09-14T14:25:38.070+0000] {logging_mixin.py:190} INFO - [2026-09-14T14:25:38.069+0000] {dagbag.py:588} INFO - Filling up the DagBag from /opt/airflow/dags/weather_etl.py
[2026-09-14T14:25:39.644+0000] {processor.py:925} INFO - DAG(s) 'weather_etl' retrieved from /opt/airflow/dags/weather_etl.py
[2026-09-14T14:25:39.774+0000] {logging_mixin.py:190} INFO - [2026-09-14T14:25:39.773+0000] {dag.py:3239} INFO - Sync 1 DAGs
[2026-09-14T14:25:39.895+0000] {logging_mixin.py:190} INFO - [2026-09-14T14:25:39.895+0000] {dag.py:4180} INFO - Setting next_dagrun for weather_etl to 2026-09-14 14:00:00+00:00, run_after=2026-09-14 15:00:00+00:00
[2026-09-14T14:25:39.965+0000] {processor.py:208} INFO - Processing /opt/airflow/dags/weather_etl.py took 1.924 seconds
[2026-09-14T14:26:10.583+0000] {processor.py:186} INFO - Started process (PID=367) to work on /opt/airflow/dags/weather_etl.py
[2026-09-14T14:26:10.586+0000] {processor.py:914} INFO - Processing file /opt/airflow/dags/weather_etl.py for tasks to queue
[2026-09-14T14:26:10.597+0000] {logging_mixin.py:190} INFO - [2026-09-14T14:26:10.596+0000] {dagbag.py:588} INFO - Filling up the DagBag from /opt/airflow/dags/weather_etl.py
[2026-09-14T14:26:12.566+0000] {processor.py:925} INFO - DAG(s) 'weather_etl' retrieved from /opt/airflow/dags/weather_etl.py
[2026-09-14T14:26:12.668+0000] {logging_mixin.py:190} INFO - [2026-09-14T14:26:12.667+0000] {dag.py:3239} INFO - Sync 1 DAGs
[2026-09-14T14:26:12.772+0000] {logging_mixin.py:190} INFO - [2026-09-14T14:26:12.771+0000] {dag.py:4180} INFO - Setting next_dagrun for weather_etl to 2026-09-14 14:00:00+00:00, run_after=2026-09-14 15:00:00+00:00
[2026-09-14T14:26:12.843+0000] {processor.py:208} INFO - Processing /opt/airflow/dags/weather_etl.py took 2.296 seconds
[2026-09-14T14:26:33.913+0000] {processor.py:186} INFO - Started process (PID=373) to work on /opt/airflow/dags/weather_etl.py
[2026-09-14T14:26:33.917+0000] {processor.py:914} INFO - Processing file /opt/airflow/dags/weather_etl.py for tasks to queue
[2026-09-14T14:26:33.925+0000] {logging_mixin.py:190} INFO - [2026-09-14T14:26:33.924+0000] {dagbag.py:588} INFO - Filling up the DagBag from /opt/airflow/dags/weather_etl.py
[2026-09-14T14:26:35.865+0000] {processor.py:925} INFO - DAG(s) 'weather_etl' retrieved from /opt/airflow/dags/weather_etl.py
[2026-09-14T14:26:36.246+0000] {logging_mixin.py:190} INFO - [2026-09-14T14:26:36.246+0000] {dag.py:3239} INFO - Sync 1 DAGs
[2026-09-14T14:26:36.315+0000] {logging_mixin.py:190} INFO - [2026-09-14T14:26:36.314+0000] {dag.py:4180} INFO - Setting next_dagrun for weather_etl to 2026-09-14 14:00:00+00:00, run_after=2026-09-14 16:00:00+00:00
[2026-09-14T14:26:36.396+0000] {processor.py:208} INFO - Processing /opt/airflow/dags/weather_etl.py took 2.505 seconds
[2026-09-14T14:27:07.117+0000] {processor.py:186} INFO - Started process (PID=379) to work on /opt/airflow/dags/weather_etl.py
[2026-09-14T14:27:07.120+0000] {processor.py:914} INFO - Processing file /opt/airflow/dags/weather_etl.py for tasks to queue
[2026-09-14T14:27:07.127+0000] {logging_mixin.py:190} INFO - [2026-09-14T14:27:07.126+0000] {dagbag.py:588} INFO - Filling up the DagBag from /opt/airflow/dags/weather_etl.py
[2026-09-14T14:27:08.657+0000] {processor.py:925} INFO - DAG(s) 'weather_etl' retrieved from /opt/airflow/dags/weather_etl.py
[2026-09-14T14:27:08.749+0000] {logging_mixin.py:190} INFO - [2026-09-14T14:27:08.748+0000] {dag.py:3239} INFO - Sync 1 DAGs
[2026-09-14T14:27:08.841+0000] {logging_mixin.py:190} INFO - [2026-09-14T14:27:08.840+0000] {dag.py:4180} INFO - Setting next_dagrun for weather_etl to 2026-09-14 14:00:00+00:00, run_after=2026-09-14 16:00:00+00:00
[2026-09-14T14:27:08.902+0000] {processor.py:208} INFO - Processing /opt/airflow/dags/weather_etl.py took 1.803 seconds
[2026-09-14T14:27:39.467+0000] {processor.py:186} INFO - Started process (PID=385) to work on /opt/airflow/dags/weather_etl.py
[2026-09-14T14:27:39.469+0000] {processor.py:914} INFO - Processing file /opt/airflow/dags/weather_etl.py for tasks to queue
[2026-09-14T14:27:39.475+0000] {logging_mixin.py:190} INFO - [2026-09-14T14:27:39.474+0000] {dagbag.py:588} INFO - Filling up the DagBag from /opt/airflow/dags/weather_etl.py
[2026-09-14T14:27:40.759+0000] {processor.py:925} INFO - DAG(s) 'weather_etl' retrieved from /opt/airflow/dags/weather_etl.py
[2026-09-14T14:27:40.842+0000] {logging_mixin.py:190} INFO - [2026-09-14T14:27:40.842+0000] {dag.py:3239} INFO - Sync 1 DAGs
[2026-09-14T14:27:40.928+0000] {logging_mixin.py:190} INFO - [2026-09-14T14:27:40.927+0000] {dag.py:4180} INFO - Setting next_dagrun for weather_etl to 2026-09-14 14:00:00+00:00, run_after=2026-09-14 16:00:00+00:00
[2026-09-14T14:27:40.984+0000] {processor.py:208} INFO - Processing /opt/airflow/dags/weather_etl.py took 1.536 seconds
[2026-09-14T14:28:11.218+0000] {processor.py:186} INFO - Started process (PID=391) to work on /opt/airflow/dags/weather_etl.py
[2026-09-14T14:28:11.221+0000] {processor.py:914} INFO - Processing file /opt/airflow/dags/weather_etl.py for tasks to queue
[2026-09-14T14:28:11.228+0000] {logging_mixin.py:190} INFO - [2026-09-14T14:28:11.228+0000] {dagbag.py:588} INFO - Filling up the DagBag from /opt/airflow/dags/weather_etl.py
[2026-09-14T14:28:12.698+0000] {processor.py:925} INFO - DAG(s) 'weather_etl' retrieved from /opt/airflow/dags/weather_etl.py
[2026-09-14T14:28:12.783+0000] {logging_mixin.py:190} INFO - [2026-09-14T14:28:12.783+0000] {dag.py:3239} INFO - Sync 1 DAGs
[2026-09-14T14:28:12.860+0000] {logging_mixin.py:190} INFO - [2026-09-14T14:28:12.860+0000] {dag.py:4180} INFO - Setting next_dagrun for weather_etl to 2026-09-14 14:00:00+00:00, run_after=2026-09-14 16:00:00+00:00
[2026-09-14T14:28:12.924+0000] {processor.py:208} INFO - Processing /opt/airflow/dags/weather_etl.py took 1.727 seconds
[2026-09-14T14:28:43.456+0000] {processor.py:186} INFO - Started process (PID=397) to work on /opt/airflow/dags/weather_etl.py
[2026-09-14T14:28:43.459+0000] {processor.py:914} INFO - Processing file /opt/airflow/dags/weather_etl.py for tasks to queue
[2026-09-14T14:28:43.465+0000] {logging_mixin.py:190} INFO - [2026-09-14T14:28:43.464+0000] {dagbag.py:588} INFO - Filling up the DagBag from /opt/airflow/dags/weather_etl.py
[2026-09-14T14:28:44.808+0000] {processor.py:925} INFO - DAG(s) 'weather_etl' retrieved from /opt/airflow/dags/weather_etl.py
[2026-09-14T14:28:44.908+0000] {logging_mixin.py:190} INFO - [2026-09-14T14:28:44.907+0000] {dag.py:3239} INFO - Sync 1 DAGs
[2026-09-14T14:28:44.995+0000] {logging_mixin.py:190} INFO - [2026-09-14T14:28:44.995+0000] {dag.py:4180} INFO - Setting next_dagrun for weather_etl to 2026-09-14 14:00:00+00:00, run_after=2026-09-14 16:00:00+00:00
[2026-09-14T14:28:45.058+0000] {processor.py:208} INFO - Processing /opt/airflow/dags/weather_etl.py took 1.621 seconds
[2026-09-14T14:29:01.244+0000] {processor.py:186} INFO - Started process (PID=403) to work on /opt/airflow/dags/weather_etl.py
[2026-09-14T14:29:01.247+0000] {processor.py:914} INFO - Processing file /opt/airflow/dags/weather_etl.py for tasks to queue
[2026-09-14T14:29:01.259+0000] {logging_mixin.py:190} INFO - [2026-09-14T14:29:01.258+0000] {dagbag.py:588} INFO - Filling up the DagBag from /opt/airflow/dags/weather_etl.py
[2026-09-14T14:29:02.853+0000] {processor.py:925} INFO - DAG(s) 'weather_etl' retrieved from /opt/airflow/dags/weather_etl.py
[2026-09-14T14:29:03.225+0000] {logging_mixin.py:190} INFO - [2026-09-14T14:29:03.225+0000] {dag.py:3239} INFO - Sync 1 DAGs
[2026-09-14T14:29:03.302+0000] {logging_mixin.py:190} INFO - [2026-09-14T14:29:03.302+0000] {dag.py:4180} INFO - Setting next_dagrun for weather_etl to 2026-09-14 14:00:00+00:00, run_after=2026-09-14 15:00:00+00:00
[2026-09-14T14:29:03.378+0000] {processor.py:208} INFO - Processing /opt/airflow/dags/weather_etl.py took 2.155 seconds
[2026-09-14T14:29:33.725+0000] {processor.py:186} INFO - Started process (PID=409) to work on /opt/airflow/dags/weather_etl.py
[2026-09-14T14:29:33.729+0000] {processor.py:914} INFO - Processing file /opt/airflow/dags/weather_etl.py for tasks to queue
[2026-09-14T14:29:33.737+0000] {logging_mixin.py:190} INFO - [2026-09-14T14:29:33.736+0000] {dagbag.py:588} INFO - Filling up the DagBag from /opt/airflow/dags/weather_etl.py
[2026-09-14T14:29:35.110+0000] {processor.py:925} INFO - DAG(s) 'weather_etl' retrieved from /opt/airflow/dags/weather_etl.py
[2026-09-14T14:29:35.194+0000] {logging_mixin.py:190} INFO - [2026-09-14T14:29:35.194+0000] {dag.py:3239} INFO - Sync 1 DAGs
[2026-09-14T14:29:35.271+0000] {logging_mixin.py:190} INFO - [2026-09-14T14:29:35.270+0000] {dag.py:4180} INFO - Setting next_dagrun for weather_etl to 2026-09-14 14:00:00+00:00, run_after=2026-09-14 15:00:00+00:00
[2026-09-14T14:29:35.341+0000] {processor.py:208} INFO - Processing /opt/airflow/dags/weather_etl.py took 1.641 seconds
[2026-09-14T14:30:05.914+0000] {processor.py:186} INFO - Started process (PID=415) to work on /opt/airflow/dags/weather_etl.py
[2026-09-14T14:30:05.918+0000] {processor.py:914} INFO - Processing file /opt/airflow/dags/weather_etl.py for tasks to queue
[2026-09-14T14:30:05.928+0000] {logging_mixin.py:190} INFO - [2026-09-14T14:30:05.927+0000] {dagbag.py:588} INFO - Filling up the DagBag from /opt/airflow/dags/weather_etl.py
[2026-09-14T14:30:07.237+0000] {processor.py:925} INFO - DAG(s) 'weather_etl' retrieved from /opt/airflow/dags/weather_etl.py
[2026-09-14T14:30:07.331+0000] {logging_mixin.py:190} INFO - [2026-09-14T14:30:07.330+0000] {dag.py:3239} INFO - Sync 1 DAGs
[2026-09-14T14:30:07.425+0000] {logging_mixin.py:190} INFO - [2026-09-14T14:30:07.425+0000] {dag.py:4180} INFO - Setting next_dagrun for weather_etl to 2026-09-14 14:00:00+00:00, run_after=2026-09-14 15:00:00+00:00
[2026-09-14T14:30:07.481+0000] {processor.py:208} INFO - Processing /opt/airflow/dags/weather_etl.py took 1.586 seconds
[2026-09-14T14:30:37.828+0000] {processor.py:186} INFO - Started process (PID=421) to work on /opt/airflow/dags/weather_etl.py
[2026-09-14T14:30:37.831+0000] {processor.py:914} INFO - Processing file /opt/airflow/dags/weather_etl.py for tasks to queue
[2026-09-14T14:30:37.838+0000] {logging_mixin.py:190} INFO - [2026-09-14T14:30:37.837+0000] {dagbag.py:588} INFO - Filling up the DagBag from /opt/airflow/dags/weather_etl.py
[2026-09-14T14:30:39.201+0000] {processor.py:925} INFO - DAG(s) 'weather_etl' retrieved from /opt/airflow/dags/weather_etl.py
[2026-09-14T14:30:39.286+0000] {logging_mixin.py:190} INFO - [2026-09-14T14:30:39.286+0000] {dag.py:3239} INFO - Sync 1 DAGs
[2026-09-14T14:30:39.370+0000] {logging_mixin.py:190} INFO - [2026-09-14T14:30:39.369+0000] {dag.py:4180} INFO - Setting next_dagrun for weather_etl to 2026-09-14 14:00:00+00:00, run_after=2026-09-14 15:00:00+00:00
[2026-09-14T14:30:39.435+0000] {processor.py:208} INFO - Processing /opt/airflow/dags/weather_etl.py took 1.626 seconds
[2026-09-14T14:31:10.011+0000] {processor.py:186} INFO - Started process (PID=427) to work on /opt/airflow/dags/weather_etl.py
[2026-09-14T14:31:10.014+0000] {processor.py:914} INFO - Processing file /opt/airflow/dags/weather_etl.py for tasks to queue
[2026-09-14T14:31:10.021+0000] {logging_mixin.py:190} INFO - [2026-09-14T14:31:10.020+0000] {dagbag.py:588} INFO - Filling up the DagBag from /opt/airflow/dags/weather_etl.py
[2026-09-14T14:31:11.465+0000] {processor.py:925} INFO - DAG(s) 'weather_etl' retrieved from /opt/airflow/dags/weather_etl.py
[2026-09-14T14:31:11.546+0000] {logging_mixin.py:190} INFO - [2026-09-14T14:31:11.546+0000] {dag.py:3239} INFO - Sync 1 DAGs
[2026-09-14T14:31:11.627+0000] {logging_mixin.py:190} INFO - [2026-09-14T14:31:11.626+0000] {dag.py:4180} INFO - Setting next_dagrun for weather_etl to 2026-09-14 14:00:00+00:00, run_after=2026-09-14 15:00:00+00:00
[2026-09-14T14:31:11.689+0000] {processor.py:208} INFO - Processing /opt/airflow/dags/weather_etl.py took 1.701 seconds
[2026-09-14T14:31:41.936+0000] {processor.py:186} INFO - Started process (PID=433) to work on /opt/airflow/dags/weather_etl.py
[2026-09-14T14:31:41.939+0000] {processor.py:914} INFO - Processing file /opt/airflow/dags/weather_etl.py for tasks to queue
[2026-09-14T14:31:41.948+0000] {logging_mixin.py:190} INFO - [2026-09-14T14:31:41.946+0000] {dagbag.py:588} INFO - Filling up the DagBag from /opt/airflow/dags/weather_etl.py
[2026-09-14T14:31:43.197+0000] {processor.py:925} INFO - DAG(s) 'weather_etl' retrieved from /opt/airflow/dags/weather_etl.py
[2026-09-14T14:31:43.279+0000] {logging_mixin.py:190} INFO - [2026-09-14T14:31:43.278+0000] {dag.py:3239} INFO - Sync 1 DAGs
[2026-09-14T14:31:43.374+0000] {logging_mixin.py:190} INFO - [2026-09-14T14:31:43.373+0000] {dag.py:4180} INFO - Setting next_dagrun for weather_etl to 2026-09-14 14:00:00+00:00, run_after=2026-09-14 15:00:00+00:00
[2026-09-14T14:31:43.437+0000] {processor.py:208} INFO - Processing /opt/airflow/dags/weather_etl.py took 1.520 seconds
[2026-09-14T14:32:13.692+0000] {processor.py:186} INFO - Started process (PID=439) to work on /opt/airflow/dags/weather_etl.py
[2026-09-14T14:32:13.695+0000] {processor.py:914} INFO - Processing file /opt/airflow/dags/weather_etl.py for tasks to queue
[2026-09-14T14:32:13.703+0000] {logging_mixin.py:190} INFO - [2026-09-14T14:32:13.702+0000] {dagbag.py:588} INFO - Filling up the DagBag from /opt/airflow/dags/weather_etl.py
[2026-09-14T14:32:15.046+0000] {processor.py:925} INFO - DAG(s) 'weather_etl' retrieved from /opt/airflow/dags/weather_etl.py
[2026-09-14T14:32:15.137+0000] {logging_mixin.py:190} INFO - [2026-09-14T14:32:15.136+0000] {dag.py:3239} INFO - Sync 1 DAGs
[2026-09-14T14:32:15.220+0000] {logging_mixin.py:190} INFO - [2026-09-14T14:32:15.220+0000] {dag.py:4180} INFO - Setting next_dagrun for weather_etl to 2026-09-14 14:00:00+00:00, run_after=2026-09-14 15:00:00+00:00
[2026-09-14T14:32:15.282+0000] {processor.py:208} INFO - Processing /opt/airflow/dags/weather_etl.py took 1.609 seconds
[2026-09-14T14:32:45.425+0000] {processor.py:186} INFO - Started process (PID=445) to work on /opt/airflow/dags/weather_etl.py
[2026-09-14T14:32:45.428+0000] {processor.py:914} INFO - Processing file /opt/airflow/dags/weather_etl.py for tasks to queue
[2026-09-14T14:32:45.434+0000] {logging_mixin.py:190} INFO - [2026-09-14T14:32:45.433+0000] {dagbag.py:588} INFO - Filling up the DagBag from /opt/airflow/dags/weather_etl.py
[2026-09-14T14:32:46.742+0000] {processor.py:925} INFO - DAG(s) 'weather_etl' retrieved from /opt/airflow/dags/weather_etl.py
[2026-09-14T14:32:46.835+0000] {logging_mixin.py:190} INFO - [2026-09-14T14:32:46.835+0000] {dag.py:3239} INFO - Sync 1 DAGs
[2026-09-14T14:32:46.910+0000] {logging_mixin.py:190} INFO - [2026-09-14T14:32:46.910+0000] {dag.py:4180} INFO - Setting next_dagrun for weather_etl to 2026-09-14 14:00:00+00:00, run_after=2026-09-14 15:00:00+00:00
[2026-09-14T14:32:46.982+0000] {processor.py:208} INFO - Processing /opt/airflow/dags/weather_etl.py took 1.571 seconds
[2026-09-14T14:33:17.307+0000] {processor.py:186} INFO - Started process (PID=451) to work on /opt/airflow/dags/weather_etl.py
[2026-09-14T14:33:17.311+0000] {processor.py:914} INFO - Processing file /opt/airflow/dags/weather_etl.py for tasks to queue
[2026-09-14T14:33:17.317+0000] {logging_mixin.py:190} INFO - [2026-09-14T14:33:17.317+0000] {dagbag.py:588} INFO - Filling up the DagBag from /opt/airflow/dags/weather_etl.py
[2026-09-14T14:33:18.675+0000] {processor.py:925} INFO - DAG(s) 'weather_etl' retrieved from /opt/airflow/dags/weather_etl.py
[2026-09-14T14:33:18.770+0000] {logging_mixin.py:190} INFO - [2026-09-14T14:33:18.770+0000] {dag.py:3239} INFO - Sync 1 DAGs
[2026-09-14T14:33:18.843+0000] {logging_mixin.py:190} INFO - [2026-09-14T14:33:18.843+0000] {dag.py:4180} INFO - Setting next_dagrun for weather_etl to 2026-09-14 14:00:00+00:00, run_after=2026-09-14 15:00:00+00:00
[2026-09-14T14:33:18.900+0000] {processor.py:208} INFO - Processing /opt/airflow/dags/weather_etl.py took 1.616 seconds
[2026-09-14T14:33:49.586+0000] {processor.py:186} INFO - Started process (PID=457) to work on /opt/airflow/dags/weather_etl.py
[2026-09-14T14:33:49.589+0000] {processor.py:914} INFO - Processing file /opt/airflow/dags/weather_etl.py for tasks to queue
[2026-09-14T14:33:49.599+0000] {logging_mixin.py:190} INFO - [2026-09-14T14:33:49.597+0000] {dagbag.py:588} INFO - Filling up the DagBag from /opt/airflow/dags/weather_etl.py
[2026-09-14T14:33:50.991+0000] {processor.py:925} INFO - DAG(s) 'weather_etl' retrieved from /opt/airflow/dags/weather_etl.py
[2026-09-14T14:33:51.093+0000] {logging_mixin.py:190} INFO - [2026-09-14T14:33:51.092+0000] {dag.py:3239} INFO - Sync 1 DAGs
[2026-09-14T14:33:51.177+0000] {logging_mixin.py:190} INFO - [2026-09-14T14:33:51.176+0000] {dag.py:4180} INFO - Setting next_dagrun for weather_etl to 2026-09-14 14:00:00+00:00, run_after=2026-09-14 15:00:00+00:00
[2026-09-14T14:33:51.237+0000] {processor.py:208} INFO - Processing /opt/airflow/dags/weather_etl.py took 1.672 seconds
[2026-09-14T14:34:21.455+0000] {processor.py:186} INFO - Started process (PID=463) to work on /opt/airflow/dags/weather_etl.py
[2026-09-14T14:34:21.459+0000] {processor.py:914} INFO - Processing file /opt/airflow/dags/weather_etl.py for tasks to queue
[2026-09-14T14:34:21.465+0000] {logging_mixin.py:190} INFO - [2026-09-14T14:34:21.464+0000] {dagbag.py:588} INFO - Filling up the DagBag from /opt/airflow/dags/weather_etl.py
[2026-09-14T14:34:22.822+0000] {processor.py:925} INFO - DAG(s) 'weather_etl' retrieved from /opt/airflow/dags/weather_etl.py
[2026-09-14T14:34:22.918+0000] {logging_mixin.py:190} INFO - [2026-09-14T14:34:22.918+0000] {dag.py:3239} INFO - Sync 1 DAGs
[2026-09-14T14:34:23.005+0000] {logging_mixin.py:190} INFO - [2026-09-14T14:34:23.004+0000] {dag.py:4180} INFO - Setting next_dagrun for weather_etl to 2026-09-14 14:00:00+00:00, run_after=2026-09-14 15:00:00+00:00
[2026-09-14T14:34:23.075+0000] {processor.py:208} INFO - Processing /opt/airflow/dags/weather_etl.py took 1.639 seconds
[2026-09-14T14:34:53.245+0000] {processor.py:186} INFO - Started process (PID=469) to work on /opt/airflow/dags/weather_etl.py
[2026-09-14T14:34:53.249+0000] {processor.py:914} INFO - Processing file /opt/airflow/dags/weather_etl.py for tasks to queue
[2026-09-14T14:34:53.259+0000] {logging_mixin.py:190} INFO - [2026-09-14T14:34:53.258+0000] {dagbag.py:588} INFO - Filling up the DagBag from /opt/airflow/dags/weather_etl.py
[2026-09-14T14:34:55.051+0000] {processor.py:925} INFO - DAG(s) 'weather_etl' retrieved from /opt/airflow/dags/weather_etl.py
[2026-09-14T14:34:55.147+0000] {logging_mixin.py:190} INFO - [2026-09-14T14:34:55.146+0000] {dag.py:3239} INFO - Sync 1 DAGs
[2026-09-14T14:34:55.255+0000] {logging_mixin.py:190} INFO - [2026-09-14T14:34:55.254+0000] {dag.py:4180} INFO - Setting next_dagrun for weather_etl to 2026-09-14 14:00:00+00:00, run_after=2026-09-14 15:00:00+00:00
[2026-09-14T14:34:55.348+0000] {processor.py:208} INFO - Processing /opt/airflow/dags/weather_etl.py took 2.126 seconds
[2026-09-14T14:35:25.751+0000] {processor.py:186} INFO - Started process (PID=475) to work on /opt/airflow/dags/weather_etl.py
[2026-09-14T14:35:25.754+0000] {processor.py:914} INFO - Processing file /opt/airflow/dags/weather_etl.py for tasks to queue
[2026-09-14T14:35:25.762+0000] {logging_mixin.py:190} INFO - [2026-09-14T14:35:25.761+0000] {dagbag.py:588} INFO - Filling up the DagBag from /opt/airflow/dags/weather_etl.py
[2026-09-14T14:35:27.124+0000] {processor.py:925} INFO - DAG(s) 'weather_etl' retrieved from /opt/airflow/dags/weather_etl.py
[2026-09-14T14:35:27.211+0000] {logging_mixin.py:190} INFO - [2026-09-14T14:35:27.211+0000] {dag.py:3239} INFO - Sync 1 DAGs
[2026-09-14T14:35:27.286+0000] {logging_mixin.py:190} INFO - [2026-09-14T14:35:27.285+0000] {dag.py:4180} INFO - Setting next_dagrun for weather_etl to 2026-09-14 14:00:00+00:00, run_after=2026-09-14 15:00:00+00:00
[2026-09-14T14:35:27.344+0000] {processor.py:208} INFO - Processing /opt/airflow/dags/weather_etl.py took 1.612 seconds
[2026-09-14T14:35:57.943+0000] {processor.py:186} INFO - Started process (PID=481) to work on /opt/airflow/dags/weather_etl.py
[2026-09-14T14:35:57.946+0000] {processor.py:914} INFO - Processing file /opt/airflow/dags/weather_etl.py for tasks to queue
[2026-09-14T14:35:57.953+0000] {logging_mixin.py:190} INFO - [2026-09-14T14:35:57.952+0000] {dagbag.py:588} INFO - Filling up the DagBag from /opt/airflow/dags/weather_etl.py
[2026-09-14T14:35:59.926+0000] {processor.py:925} INFO - DAG(s) 'weather_etl' retrieved from /opt/airflow/dags/weather_etl.py
[2026-09-14T14:36:00.133+0000] {logging_mixin.py:190} INFO - [2026-09-14T14:36:00.127+0000] {dag.py:3239} INFO - Sync 1 DAGs
[2026-09-14T14:36:00.297+0000] {logging_mixin.py:190} INFO - [2026-09-14T14:36:00.296+0000] {dag.py:4180} INFO - Setting next_dagrun for weather_etl to 2026-09-14 14:00:00+00:00, run_after=2026-09-14 15:00:00+00:00
[2026-09-14T14:36:00.390+0000] {processor.py:208} INFO - Processing /opt/airflow/dags/weather_etl.py took 2.473 seconds
[2026-09-14T14:36:31.006+0000] {processor.py:186} INFO - Started process (PID=487) to work on /opt/airflow/dags/weather_etl.py
[2026-09-14T14:36:31.010+0000] {processor.py:914} INFO - Processing file /opt/airflow/dags/weather_etl.py for tasks to queue
[2026-09-14T14:36:31.019+0000] {logging_mixin.py:190} INFO - [2026-09-14T14:36:31.018+0000] {dagbag.py:588} INFO - Filling up the DagBag from /opt/airflow/dags/weather_etl.py
[2026-09-14T14:36:32.625+0000] {processor.py:925} INFO - DAG(s) 'weather_etl' retrieved from /opt/airflow/dags/weather_etl.py
[2026-09-14T14:36:32.730+0000] {logging_mixin.py:190} INFO - [2026-09-14T14:36:32.729+0000] {dag.py:3239} INFO - Sync 1 DAGs
[2026-09-14T14:36:32.818+0000] {logging_mixin.py:190} INFO - [2026-09-14T14:36:32.817+0000] {dag.py:4180} INFO - Setting next_dagrun for weather_etl to 2026-09-14 14:00:00+00:00, run_after=2026-09-14 15:00:00+00:00
[2026-09-14T14:36:32.896+0000] {processor.py:208} INFO - Processing /opt/airflow/dags/weather_etl.py took 1.912 seconds
[2026-09-14T14:37:03.567+0000] {processor.py:186} INFO - Started process (PID=493) to work on /opt/airflow/dags/weather_etl.py
[2026-09-14T14:37:03.571+0000] {processor.py:914} INFO - Processing file /opt/airflow/dags/weather_etl.py for tasks to queue
[2026-09-14T14:37:03.587+0000] {logging_mixin.py:190} INFO - [2026-09-14T14:37:03.585+0000] {dagbag.py:588} INFO - Filling up the DagBag from /opt/airflow/dags/weather_etl.py
[2026-09-14T14:37:05.220+0000] {processor.py:925} INFO - DAG(s) 'weather_etl' retrieved from /opt/airflow/dags/weather_etl.py
[2026-09-14T14:37:05.305+0000] {logging_mixin.py:190} INFO - [2026-09-14T14:37:05.304+0000] {dag.py:3239} INFO - Sync 1 DAGs
[2026-09-14T14:37:05.379+0000] {logging_mixin.py:190} INFO - [2026-09-14T14:37:05.378+0000] {dag.py:4180} INFO - Setting next_dagrun for weather_etl to 2026-09-14 14:00:00+00:00, run_after=2026-09-14 15:00:00+00:00
[2026-09-14T14:37:05.455+0000] {processor.py:208} INFO - Processing /opt/airflow/dags/weather_etl.py took 1.927 seconds
[2026-09-14T14:37:36.085+0000] {processor.py:186} INFO - Started process (PID=499) to work on /opt/airflow/dags/weather_etl.py
[2026-09-14T14:37:36.088+0000] {processor.py:914} INFO - Processing file /opt/airflow/dags/weather_etl.py for tasks to queue
[2026-09-14T14:37:36.096+0000] {logging_mixin.py:190} INFO - [2026-09-14T14:37:36.095+0000] {dagbag.py:588} INFO - Filling up the DagBag from /opt/airflow/dags/weather_etl.py
[2026-09-14T14:37:37.684+0000] {processor.py:925} INFO - DAG(s) 'weather_etl' retrieved from /opt/airflow/dags/weather_etl.py
[2026-09-14T14:37:37.796+0000] {logging_mixin.py:190} INFO - [2026-09-14T14:37:37.794+0000] {dag.py:3239} INFO - Sync 1 DAGs
[2026-09-14T14:37:37.924+0000] {logging_mixin.py:190} INFO - [2026-09-14T14:37:37.924+0000] {dag.py:4180} INFO - Setting next_dagrun for weather_etl to 2026-09-14 14:00:00+00:00, run_after=2026-09-14 15:00:00+00:00
[2026-09-14T14:37:38.005+0000] {processor.py:208} INFO - Processing /opt/airflow/dags/weather_etl.py took 1.945 seconds
[2026-09-14T14:38:08.653+0000] {processor.py:186} INFO - Started process (PID=505) to work on /opt/airflow/dags/weather_etl.py
[2026-09-14T14:38:08.656+0000] {processor.py:914} INFO - Processing file /opt/airflow/dags/weather_etl.py for tasks to queue
[2026-09-14T14:38:08.663+0000] {logging_mixin.py:190} INFO - [2026-09-14T14:38:08.662+0000] {dagbag.py:588} INFO - Filling up the DagBag from /opt/airflow/dags/weather_etl.py
[2026-09-14T14:38:10.083+0000] {processor.py:925} INFO - DAG(s) 'weather_etl' retrieved from /opt/airflow/dags/weather_etl.py
[2026-09-14T14:38:10.202+0000] {logging_mixin.py:190} INFO - [2026-09-14T14:38:10.201+0000] {dag.py:3239} INFO - Sync 1 DAGs
[2026-09-14T14:38:10.292+0000] {logging_mixin.py:190} INFO - [2026-09-14T14:38:10.291+0000] {dag.py:4180} INFO - Setting next_dagrun for weather_etl to 2026-09-14 14:00:00+00:00, run_after=2026-09-14 15:00:00+00:00
[2026-09-14T14:38:10.355+0000] {processor.py:208} INFO - Processing /opt/airflow/dags/weather_etl.py took 1.720 seconds
[2026-09-14T14:38:40.937+0000] {processor.py:186} INFO - Started process (PID=511) to work on /opt/airflow/dags/weather_etl.py
[2026-09-14T14:38:40.940+0000] {processor.py:914} INFO - Processing file /opt/airflow/dags/weather_etl.py for tasks to queue
[2026-09-14T14:38:40.948+0000] {logging_mixin.py:190} INFO - [2026-09-14T14:38:40.947+0000] {dagbag.py:588} INFO - Filling up the DagBag from /opt/airflow/dags/weather_etl.py
[2026-09-14T14:38:42.338+0000] {processor.py:925} INFO - DAG(s) 'weather_etl' retrieved from /opt/airflow/dags/weather_etl.py
[2026-09-14T14:38:42.448+0000] {logging_mixin.py:190} INFO - [2026-09-14T14:38:42.448+0000] {dag.py:3239} INFO - Sync 1 DAGs
[2026-09-14T14:38:42.528+0000] {logging_mixin.py:190} INFO - [2026-09-14T14:38:42.527+0000] {dag.py:4180} INFO - Setting next_dagrun for weather_etl to 2026-09-14 14:00:00+00:00, run_after=2026-09-14 15:00:00+00:00
[2026-09-14T14:38:42.593+0000] {processor.py:208} INFO - Processing /opt/airflow/dags/weather_etl.py took 1.674 seconds
[2026-09-14T14:39:13.264+0000] {processor.py:186} INFO - Started process (PID=517) to work on /opt/airflow/dags/weather_etl.py
[2026-09-14T14:39:13.267+0000] {processor.py:914} INFO - Processing file /opt/airflow/dags/weather_etl.py for tasks to queue
[2026-09-14T14:39:13.274+0000] {logging_mixin.py:190} INFO - [2026-09-14T14:39:13.273+0000] {dagbag.py:588} INFO - Filling up the DagBag from /opt/airflow/dags/weather_etl.py
[2026-09-14T14:39:14.592+0000] {processor.py:925} INFO - DAG(s) 'weather_etl' retrieved from /opt/airflow/dags/weather_etl.py
[2026-09-14T14:39:14.697+0000] {logging_mixin.py:190} INFO - [2026-09-14T14:39:14.696+0000] {dag.py:3239} INFO - Sync 1 DAGs
[2026-09-14T14:39:14.791+0000] {logging_mixin.py:190} INFO - [2026-09-14T14:39:14.790+0000] {dag.py:4180} INFO - Setting next_dagrun for weather_etl to 2026-09-14 14:00:00+00:00, run_after=2026-09-14 15:00:00+00:00
[2026-09-14T14:39:14.853+0000] {processor.py:208} INFO - Processing /opt/airflow/dags/weather_etl.py took 1.609 seconds
[2026-09-14T14:39:45.028+0000] {processor.py:186} INFO - Started process (PID=523) to work on /opt/airflow/dags/weather_etl.py
[2026-09-14T14:39:45.031+0000] {processor.py:914} INFO - Processing file /opt/airflow/dags/weather_etl.py for tasks to queue
[2026-09-14T14:39:45.036+0000] {logging_mixin.py:190} INFO - [2026-09-14T14:39:45.036+0000] {dagbag.py:588} INFO - Filling up the DagBag from /opt/airflow/dags/weather_etl.py
[2026-09-14T14:39:46.436+0000] {processor.py:925} INFO - DAG(s) 'weather_etl' retrieved from /opt/airflow/dags/weather_etl.py
[2026-09-14T14:39:46.522+0000] {logging_mixin.py:190} INFO - [2026-09-14T14:39:46.522+0000] {dag.py:3239} INFO - Sync 1 DAGs
[2026-09-14T14:39:46.604+0000] {logging_mixin.py:190} INFO - [2026-09-14T14:39:46.604+0000] {dag.py:4180} INFO - Setting next_dagrun for weather_etl to 2026-09-14 14:00:00+00:00, run_after=2026-09-14 15:00:00+00:00
[2026-09-14T14:39:46.659+0000] {processor.py:208} INFO - Processing /opt/airflow/dags/weather_etl.py took 1.651 seconds
[2026-09-14T14:40:16.892+0000] {processor.py:186} INFO - Started process (PID=529) to work on /opt/airflow/dags/weather_etl.py
[2026-09-14T14:40:16.894+0000] {processor.py:914} INFO - Processing file /opt/airflow/dags/weather_etl.py for tasks to queue
[2026-09-14T14:40:16.901+0000] {logging_mixin.py:190} INFO - [2026-09-14T14:40:16.900+0000] {dagbag.py:588} INFO - Filling up the DagBag from /opt/airflow/dags/weather_etl.py
[2026-09-14T14:40:18.235+0000] {processor.py:925} INFO - DAG(s) 'weather_etl' retrieved from /opt/airflow/dags/weather_etl.py
[2026-09-14T14:40:18.324+0000] {logging_mixin.py:190} INFO - [2026-09-14T14:40:18.323+0000] {dag.py:3239} INFO - Sync 1 DAGs
[2026-09-14T14:40:18.400+0000] {logging_mixin.py:190} INFO - [2026-09-14T14:40:18.399+0000] {dag.py:4180} INFO - Setting next_dagrun for weather_etl to 2026-09-14 14:00:00+00:00, run_after=2026-09-14 15:00:00+00:00
[2026-09-14T14:40:18.458+0000] {processor.py:208} INFO - Processing /opt/airflow/dags/weather_etl.py took 1.581 seconds
[2026-09-14T14:40:48.644+0000] {processor.py:186} INFO - Started process (PID=535) to work on /opt/airflow/dags/weather_etl.py
[2026-09-14T14:40:48.647+0000] {processor.py:914} INFO - Processing file /opt/airflow/dags/weather_etl.py for tasks to queue
[2026-09-14T14:40:48.653+0000] {logging_mixin.py:190} INFO - [2026-09-14T14:40:48.652+0000] {dagbag.py:588} INFO - Filling up the DagBag from /opt/airflow/dags/weather_etl.py
[2026-09-14T14:40:50.087+0000] {processor.py:925} INFO - DAG(s) 'weather_etl' retrieved from /opt/airflow/dags/weather_etl.py
[2026-09-14T14:40:50.172+0000] {logging_mixin.py:190} INFO - [2026-09-14T14:40:50.171+0000] {dag.py:3239} INFO - Sync 1 DAGs
[2026-09-14T14:40:50.252+0000] {logging_mixin.py:190} INFO - [2026-09-14T14:40:50.251+0000] {dag.py:4180} INFO - Setting next_dagrun for weather_etl to 2026-09-14 14:00:00+00:00, run_after=2026-09-14 15:00:00+00:00
[2026-09-14T14:40:50.309+0000] {processor.py:208} INFO - Processing /opt/airflow/dags/weather_etl.py took 1.684 seconds
[2026-09-14T14:41:20.478+0000] {processor.py:186} INFO - Started process (PID=541) to work on /opt/airflow/dags/weather_etl.py
[2026-09-14T14:41:20.481+0000] {processor.py:914} INFO - Processing file /opt/airflow/dags/weather_etl.py for tasks to queue
[2026-09-14T14:41:20.488+0000] {logging_mixin.py:190} INFO - [2026-09-14T14:41:20.487+0000] {dagbag.py:588} INFO - Filling up the DagBag from /opt/airflow/dags/weather_etl.py
[2026-09-14T14:41:21.941+0000] {processor.py:925} INFO - DAG(s) 'weather_etl' retrieved from /opt/airflow/dags/weather_etl.py
[2026-09-14T14:41:22.047+0000] {logging_mixin.py:190} INFO - [2026-09-14T14:41:22.047+0000] {dag.py:3239} INFO - Sync 1 DAGs
[2026-09-14T14:41:22.138+0000] {logging_mixin.py:190} INFO - [2026-09-14T14:41:22.137+0000] {dag.py:4180} INFO - Setting next_dagrun for weather_etl to 2026-09-14 14:00:00+00:00, run_after=2026-09-14 15:00:00+00:00
[2026-09-14T14:41:22.199+0000] {processor.py:208} INFO - Processing /opt/airflow/dags/weather_etl.py took 1.741 seconds
[2026-09-14T14:41:52.782+0000] {processor.py:186} INFO - Started process (PID=547) to work on /opt/airflow/dags/weather_etl.py
[2026-09-14T14:41:52.786+0000] {processor.py:914} INFO - Processing file /opt/airflow/dags/weather_etl.py for tasks to queue
[2026-09-14T14:41:52.796+0000] {logging_mixin.py:190} INFO - [2026-09-14T14:41:52.795+0000] {dagbag.py:588} INFO - Filling up the DagBag from /opt/airflow/dags/weather_etl.py
[2026-09-14T14:41:54.421+0000] {processor.py:925} INFO - DAG(s) 'weather_etl' retrieved from /opt/airflow/dags/weather_etl.py
[2026-09-14T14:41:54.509+0000] {logging_mixin.py:190} INFO - [2026-09-14T14:41:54.508+0000] {dag.py:3239} INFO - Sync 1 DAGs
[2026-09-14T14:41:54.586+0000] {logging_mixin.py:190} INFO - [2026-09-14T14:41:54.585+0000] {dag.py:4180} INFO - Setting next_dagrun for weather_etl to 2026-09-14 14:00:00+00:00, run_after=2026-09-14 15:00:00+00:00
[2026-09-14T14:41:54.646+0000] {processor.py:208} INFO - Processing /opt/airflow/dags/weather_etl.py took 1.891 seconds
[2026-09-14T14:42:24.808+0000] {processor.py:186} INFO - Started process (PID=553) to work on /opt/airflow/dags/weather_etl.py
[2026-09-14T14:42:24.811+0000] {processor.py:914} INFO - Processing file /opt/airflow/dags/weather_etl.py for tasks to queue
[2026-09-14T14:42:24.817+0000] {logging_mixin.py:190} INFO - [2026-09-14T14:42:24.816+0000] {dagbag.py:588} INFO - Filling up the DagBag from /opt/airflow/dags/weather_etl.py
[2026-09-14T14:42:26.083+0000] {processor.py:925} INFO - DAG(s) 'weather_etl' retrieved from /opt/airflow/dags/weather_etl.py
[2026-09-14T14:42:26.176+0000] {logging_mixin.py:190} INFO - [2026-09-14T14:42:26.175+0000] {dag.py:3239} INFO - Sync 1 DAGs
[2026-09-14T14:42:26.259+0000] {logging_mixin.py:190} INFO - [2026-09-14T14:42:26.259+0000] {dag.py:4180} INFO - Setting next_dagrun for weather_etl to 2026-09-14 14:00:00+00:00, run_after=2026-09-14 15:00:00+00:00
[2026-09-14T14:42:26.318+0000] {processor.py:208} INFO - Processing /opt/airflow/dags/weather_etl.py took 1.529 seconds
[2026-09-14T14:42:56.635+0000] {processor.py:186} INFO - Started process (PID=559) to work on /opt/airflow/dags/weather_etl.py
[2026-09-14T14:42:56.638+0000] {processor.py:914} INFO - Processing file /opt/airflow/dags/weather_etl.py for tasks to queue
[2026-09-14T14:42:56.647+0000] {logging_mixin.py:190} INFO - [2026-09-14T14:42:56.646+0000] {dagbag.py:588} INFO - Filling up the DagBag from /opt/airflow/dags/weather_etl.py
[2026-09-14T14:42:57.996+0000] {processor.py:925} INFO - DAG(s) 'weather_etl' retrieved from /opt/airflow/dags/weather_etl.py
[2026-09-14T14:42:58.089+0000] {logging_mixin.py:190} INFO - [2026-09-14T14:42:58.089+0000] {dag.py:3239} INFO - Sync 1 DAGs
[2026-09-14T14:42:58.178+0000] {logging_mixin.py:190} INFO - [2026-09-14T14:42:58.178+0000] {dag.py:4180} INFO - Setting next_dagrun for weather_etl to 2026-09-14 14:00:00+00:00, run_after=2026-09-14 15:00:00+00:00
[2026-09-14T14:42:58.239+0000] {processor.py:208} INFO - Processing /opt/airflow/dags/weather_etl.py took 1.622 seconds
[2026-09-14T14:43:28.806+0000] {processor.py:186} INFO - Started process (PID=565) to work on /opt/airflow/dags/weather_etl.py
[2026-09-14T14:43:28.809+0000] {processor.py:914} INFO - Processing file /opt/airflow/dags/weather_etl.py for tasks to queue
[2026-09-14T14:43:28.816+0000] {logging_mixin.py:190} INFO - [2026-09-14T14:43:28.815+0000] {dagbag.py:588} INFO - Filling up the DagBag from /opt/airflow/dags/weather_etl.py
[2026-09-14T14:43:30.128+0000] {processor.py:925} INFO - DAG(s) 'weather_etl' retrieved from /opt/airflow/dags/weather_etl.py
[2026-09-14T14:43:30.217+0000] {logging_mixin.py:190} INFO - [2026-09-14T14:43:30.217+0000] {dag.py:3239} INFO - Sync 1 DAGs
[2026-09-14T14:43:30.307+0000] {logging_mixin.py:190} INFO - [2026-09-14T14:43:30.306+0000] {dag.py:4180} INFO - Setting next_dagrun for weather_etl to 2026-09-14 14:00:00+00:00, run_after=2026-09-14 15:00:00+00:00
[2026-09-14T14:43:30.367+0000] {processor.py:208} INFO - Processing /opt/airflow/dags/weather_etl.py took 1.581 seconds
[2026-09-14T14:58:15.847+0000] {processor.py:186} INFO - Started process (PID=571) to work on /opt/airflow/dags/weather_etl.py
[2026-09-14T14:58:15.855+0000] {processor.py:914} INFO - Processing file /opt/airflow/dags/weather_etl.py for tasks to queue
[2026-09-14T14:58:15.865+0000] {logging_mixin.py:190} INFO - [2026-09-14T14:58:15.864+0000] {dagbag.py:588} INFO - Filling up the DagBag from /opt/airflow/dags/weather_etl.py
[2026-09-14T14:58:17.785+0000] {processor.py:925} INFO - DAG(s) 'weather_etl' retrieved from /opt/airflow/dags/weather_etl.py
[2026-09-14T14:58:17.900+0000] {logging_mixin.py:190} INFO - [2026-09-14T14:58:17.899+0000] {dag.py:3239} INFO - Sync 1 DAGs
[2026-09-14T14:58:18.003+0000] {logging_mixin.py:190} INFO - [2026-09-14T14:58:18.003+0000] {dag.py:4180} INFO - Setting next_dagrun for weather_etl to 2026-09-14 14:00:00+00:00, run_after=2026-09-14 15:00:00+00:00
[2026-09-14T14:58:18.066+0000] {processor.py:208} INFO - Processing /opt/airflow/dags/weather_etl.py took 2.287 seconds
[2026-09-14T14:58:48.344+0000] {processor.py:186} INFO - Started process (PID=577) to work on /opt/airflow/dags/weather_etl.py
[2026-09-14T14:58:48.347+0000] {processor.py:914} INFO - Processing file /opt/airflow/dags/weather_etl.py for tasks to queue
[2026-09-14T14:58:48.354+0000] {logging_mixin.py:190} INFO - [2026-09-14T14:58:48.353+0000] {dagbag.py:588} INFO - Filling up the DagBag from /opt/airflow/dags/weather_etl.py
[2026-09-14T14:58:49.805+0000] {processor.py:925} INFO - DAG(s) 'weather_etl' retrieved from /opt/airflow/dags/weather_etl.py
[2026-09-14T14:58:49.891+0000] {logging_mixin.py:190} INFO - [2026-09-14T14:58:49.890+0000] {dag.py:3239} INFO - Sync 1 DAGs
[2026-09-14T14:58:49.959+0000] {logging_mixin.py:190} INFO - [2026-09-14T14:58:49.959+0000] {dag.py:4180} INFO - Setting next_dagrun for weather_etl to 2026-09-14 14:00:00+00:00, run_after=2026-09-14 15:00:00+00:00
[2026-09-14T14:58:50.016+0000] {processor.py:208} INFO - Processing /opt/airflow/dags/weather_etl.py took 1.691 seconds
[2026-09-14T14:59:20.581+0000] {processor.py:186} INFO - Started process (PID=583) to work on /opt/airflow/dags/weather_etl.py
[2026-09-14T14:59:20.584+0000] {processor.py:914} INFO - Processing file /opt/airflow/dags/weather_etl.py for tasks to queue
[2026-09-14T14:59:20.591+0000] {logging_mixin.py:190} INFO - [2026-09-14T14:59:20.589+0000] {dagbag.py:588} INFO - Filling up the DagBag from /opt/airflow/dags/weather_etl.py
[2026-09-14T14:59:21.996+0000] {processor.py:925} INFO - DAG(s) 'weather_etl' retrieved from /opt/airflow/dags/weather_etl.py
[2026-09-14T14:59:22.073+0000] {logging_mixin.py:190} INFO - [2026-09-14T14:59:22.072+0000] {dag.py:3239} INFO - Sync 1 DAGs
[2026-09-14T14:59:22.144+0000] {logging_mixin.py:190} INFO - [2026-09-14T14:59:22.144+0000] {dag.py:4180} INFO - Setting next_dagrun for weather_etl to 2026-09-14 14:00:00+00:00, run_after=2026-09-14 15:00:00+00:00
[2026-09-14T14:59:22.205+0000] {processor.py:208} INFO - Processing /opt/airflow/dags/weather_etl.py took 1.656 seconds
[2026-09-14T14:59:52.521+0000] {processor.py:186} INFO - Started process (PID=589) to work on /opt/airflow/dags/weather_etl.py
[2026-09-14T14:59:52.524+0000] {processor.py:914} INFO - Processing file /opt/airflow/dags/weather_etl.py for tasks to queue
[2026-09-14T14:59:52.530+0000] {logging_mixin.py:190} INFO - [2026-09-14T14:59:52.529+0000] {dagbag.py:588} INFO - Filling up the DagBag from /opt/airflow/dags/weather_etl.py
[2026-09-14T14:59:54.055+0000] {processor.py:925} INFO - DAG(s) 'weather_etl' retrieved from /opt/airflow/dags/weather_etl.py
[2026-09-14T14:59:54.158+0000] {logging_mixin.py:190} INFO - [2026-09-14T14:59:54.158+0000] {dag.py:3239} INFO - Sync 1 DAGs
[2026-09-14T14:59:54.262+0000] {logging_mixin.py:190} INFO - [2026-09-14T14:59:54.261+0000] {dag.py:4180} INFO - Setting next_dagrun for weather_etl to 2026-09-14 14:00:00+00:00, run_after=2026-09-14 15:00:00+00:00
[2026-09-14T14:59:54.331+0000] {processor.py:208} INFO - Processing /opt/airflow/dags/weather_etl.py took 1.826 seconds
[2026-09-14T15:00:24.928+0000] {processor.py:186} INFO - Started process (PID=612) to work on /opt/airflow/dags/weather_etl.py
[2026-09-14T15:00:24.930+0000] {processor.py:914} INFO - Processing file /opt/airflow/dags/weather_etl.py for tasks to queue
[2026-09-14T15:00:24.938+0000] {logging_mixin.py:190} INFO - [2026-09-14T15:00:24.937+0000] {dagbag.py:588} INFO - Filling up the DagBag from /opt/airflow/dags/weather_etl.py
[2026-09-14T15:00:26.799+0000] {processor.py:925} INFO - DAG(s) 'weather_etl' retrieved from /opt/airflow/dags/weather_etl.py
[2026-09-14T15:00:26.931+0000] {logging_mixin.py:190} INFO - [2026-09-14T15:00:26.930+0000] {dag.py:3239} INFO - Sync 1 DAGs
[2026-09-14T15:00:27.035+0000] {logging_mixin.py:190} INFO - [2026-09-14T15:00:27.034+0000] {dag.py:4180} INFO - Setting next_dagrun for weather_etl to 2026-09-14 15:00:00+00:00, run_after=2026-09-14 16:00:00+00:00
[2026-09-14T15:00:27.108+0000] {processor.py:208} INFO - Processing /opt/airflow/dags/weather_etl.py took 2.194 seconds
[2026-09-14T15:00:57.445+0000] {processor.py:186} INFO - Started process (PID=618) to work on /opt/airflow/dags/weather_etl.py
[2026-09-14T15:00:57.450+0000] {processor.py:914} INFO - Processing file /opt/airflow/dags/weather_etl.py for tasks to queue
[2026-09-14T15:00:57.459+0000] {logging_mixin.py:190} INFO - [2026-09-14T15:00:57.458+0000] {dagbag.py:588} INFO - Filling up the DagBag from /opt/airflow/dags/weather_etl.py
[2026-09-14T15:00:59.008+0000] {processor.py:925} INFO - DAG(s) 'weather_etl' retrieved from /opt/airflow/dags/weather_etl.py
[2026-09-14T15:00:59.115+0000] {logging_mixin.py:190} INFO - [2026-09-14T15:00:59.114+0000] {dag.py:3239} INFO - Sync 1 DAGs
[2026-09-14T15:00:59.194+0000] {logging_mixin.py:190} INFO - [2026-09-14T15:00:59.193+0000] {dag.py:4180} INFO - Setting next_dagrun for weather_etl to 2026-09-14 15:00:00+00:00, run_after=2026-09-14 16:00:00+00:00
[2026-09-14T15:00:59.254+0000] {processor.py:208} INFO - Processing /opt/airflow/dags/weather_etl.py took 1.835 seconds
[2026-09-14T15:01:29.851+0000] {processor.py:186} INFO - Started process (PID=624) to work on /opt/airflow/dags/weather_etl.py
[2026-09-14T15:01:29.856+0000] {processor.py:914} INFO - Processing file /opt/airflow/dags/weather_etl.py for tasks to queue
[2026-09-14T15:01:29.865+0000] {logging_mixin.py:190} INFO - [2026-09-14T15:01:29.864+0000] {dagbag.py:588} INFO - Filling up the DagBag from /opt/airflow/dags/weather_etl.py
[2026-09-14T15:01:31.228+0000] {processor.py:925} INFO - DAG(s) 'weather_etl' retrieved from /opt/airflow/dags/weather_etl.py
[2026-09-14T15:01:31.310+0000] {logging_mixin.py:190} INFO - [2026-09-14T15:01:31.309+0000] {dag.py:3239} INFO - Sync 1 DAGs
[2026-09-14T15:01:31.392+0000] {logging_mixin.py:190} INFO - [2026-09-14T15:01:31.391+0000] {dag.py:4180} INFO - Setting next_dagrun for weather_etl to 2026-09-14 15:00:00+00:00, run_after=2026-09-14 16:00:00+00:00
[2026-09-14T15:01:31.450+0000] {processor.py:208} INFO - Processing /opt/airflow/dags/weather_etl.py took 1.619 seconds
[2026-09-14T15:02:02.043+0000] {processor.py:186} INFO - Started process (PID=637) to work on /opt/airflow/dags/weather_etl.py
[2026-09-14T15:02:02.046+0000] {processor.py:914} INFO - Processing file /opt/airflow/dags/weather_etl.py for tasks to queue
[2026-09-14T15:02:02.052+0000] {logging_mixin.py:190} INFO - [2026-09-14T15:02:02.051+0000] {dagbag.py:588} INFO - Filling up the DagBag from /opt/airflow/dags/weather_etl.py
[2026-09-14T15:02:03.635+0000] {processor.py:925} INFO - DAG(s) 'weather_etl' retrieved from /opt/airflow/dags/weather_etl.py
[2026-09-14T15:02:03.722+0000] {logging_mixin.py:190} INFO - [2026-09-14T15:02:03.721+0000] {dag.py:3239} INFO - Sync 1 DAGs
[2026-09-14T15:02:03.808+0000] {logging_mixin.py:190} INFO - [2026-09-14T15:02:03.808+0000] {dag.py:4180} INFO - Setting next_dagrun for weather_etl to 2026-09-14 15:00:00+00:00, run_after=2026-09-14 16:00:00+00:00
[2026-09-14T15:02:03.883+0000] {processor.py:208} INFO - Processing /opt/airflow/dags/weather_etl.py took 1.860 seconds
[2026-09-14T15:02:34.069+0000] {processor.py:186} INFO - Started process (PID=643) to work on /opt/airflow/dags/weather_etl.py
[2026-09-14T15:02:34.072+0000] {processor.py:914} INFO - Processing file /opt/airflow/dags/weather_etl.py for tasks to queue
[2026-09-14T15:02:34.079+0000] {logging_mixin.py:190} INFO - [2026-09-14T15:02:34.078+0000] {dagbag.py:588} INFO - Filling up the DagBag from /opt/airflow/dags/weather_etl.py
[2026-09-14T15:02:35.475+0000] {processor.py:925} INFO - DAG(s) 'weather_etl' retrieved from /opt/airflow/dags/weather_etl.py
[2026-09-14T15:02:35.573+0000] {logging_mixin.py:190} INFO - [2026-09-14T15:02:35.573+0000] {dag.py:3239} INFO - Sync 1 DAGs
[2026-09-14T15:02:35.650+0000] {logging_mixin.py:190} INFO - [2026-09-14T15:02:35.649+0000] {dag.py:4180} INFO - Setting next_dagrun for weather_etl to 2026-09-14 15:00:00+00:00, run_after=2026-09-14 16:00:00+00:00
[2026-09-14T15:02:35.711+0000] {processor.py:208} INFO - Processing /opt/airflow/dags/weather_etl.py took 1.662 seconds
[2026-09-14T15:03:06.185+0000] {processor.py:186} INFO - Started process (PID=649) to work on /opt/airflow/dags/weather_etl.py
[2026-09-14T15:03:06.197+0000] {processor.py:914} INFO - Processing file /opt/airflow/dags/weather_etl.py for tasks to queue
[2026-09-14T15:03:06.220+0000] {logging_mixin.py:190} INFO - [2026-09-14T15:03:06.217+0000] {dagbag.py:588} INFO - Filling up the DagBag from /opt/airflow/dags/weather_etl.py
[2026-09-14T15:03:09.411+0000] {processor.py:925} INFO - DAG(s) 'weather_etl' retrieved from /opt/airflow/dags/weather_etl.py
[2026-09-14T15:03:09.499+0000] {logging_mixin.py:190} INFO - [2026-09-14T15:03:09.498+0000] {dag.py:3239} INFO - Sync 1 DAGs
[2026-09-14T15:03:09.584+0000] {logging_mixin.py:190} INFO - [2026-09-14T15:03:09.583+0000] {dag.py:4180} INFO - Setting next_dagrun for weather_etl to 2026-09-14 15:00:00+00:00, run_after=2026-09-14 16:00:00+00:00
[2026-09-14T15:03:09.660+0000] {processor.py:208} INFO - Processing /opt/airflow/dags/weather_etl.py took 3.515 seconds
[2026-09-14T15:03:39.912+0000] {processor.py:186} INFO - Started process (PID=655) to work on /opt/airflow/dags/weather_etl.py
[2026-09-14T15:03:39.915+0000] {processor.py:914} INFO - Processing file /opt/airflow/dags/weather_etl.py for tasks to queue
[2026-09-14T15:03:39.923+0000] {logging_mixin.py:190} INFO - [2026-09-14T15:03:39.922+0000] {dagbag.py:588} INFO - Filling up the DagBag from /opt/airflow/dags/weather_etl.py
[2026-09-14T15:03:41.481+0000] {processor.py:925} INFO - DAG(s) 'weather_etl' retrieved from /opt/airflow/dags/weather_etl.py
[2026-09-14T15:03:41.587+0000] {logging_mixin.py:190} INFO - [2026-09-14T15:03:41.587+0000] {dag.py:3239} INFO - Sync 1 DAGs
[2026-09-14T15:03:41.681+0000] {logging_mixin.py:190} INFO - [2026-09-14T15:03:41.681+0000] {dag.py:4180} INFO - Setting next_dagrun for weather_etl to 2026-09-14 15:00:00+00:00, run_after=2026-09-14 16:00:00+00:00
[2026-09-14T15:03:41.741+0000] {processor.py:208} INFO - Processing /opt/airflow/dags/weather_etl.py took 1.853 seconds
[2026-09-14T15:04:12.311+0000] {processor.py:186} INFO - Started process (PID=661) to work on /opt/airflow/dags/weather_etl.py
[2026-09-14T15:04:12.314+0000] {processor.py:914} INFO - Processing file /opt/airflow/dags/weather_etl.py for tasks to queue
[2026-09-14T15:04:12.320+0000] {logging_mixin.py:190} INFO - [2026-09-14T15:04:12.319+0000] {dagbag.py:588} INFO - Filling up the DagBag from /opt/airflow/dags/weather_etl.py
[2026-09-14T15:04:13.594+0000] {processor.py:925} INFO - DAG(s) 'weather_etl' retrieved from /opt/airflow/dags/weather_etl.py
[2026-09-14T15:04:13.681+0000] {logging_mixin.py:190} INFO - [2026-09-14T15:04:13.681+0000] {dag.py:3239} INFO - Sync 1 DAGs
[2026-09-14T15:04:13.766+0000] {logging_mixin.py:190} INFO - [2026-09-14T15:04:13.766+0000] {dag.py:4180} INFO - Setting next_dagrun for weather_etl to 2026-09-14 15:00:00+00:00, run_after=2026-09-14 16:00:00+00:00
[2026-09-14T15:04:13.821+0000] {processor.py:208} INFO - Processing /opt/airflow/dags/weather_etl.py took 1.524 seconds
[2026-09-14T15:04:44.299+0000] {processor.py:186} INFO - Started process (PID=667) to work on /opt/airflow/dags/weather_etl.py
[2026-09-14T15:04:44.302+0000] {processor.py:914} INFO - Processing file /opt/airflow/dags/weather_etl.py for tasks to queue
[2026-09-14T15:04:44.318+0000] {logging_mixin.py:190} INFO - [2026-09-14T15:04:44.316+0000] {dagbag.py:588} INFO - Filling up the DagBag from /opt/airflow/dags/weather_etl.py
[2026-09-14T15:04:45.919+0000] {processor.py:925} INFO - DAG(s) 'weather_etl' retrieved from /opt/airflow/dags/weather_etl.py
[2026-09-14T15:04:46.027+0000] {logging_mixin.py:190} INFO - [2026-09-14T15:04:46.026+0000] {dag.py:3239} INFO - Sync 1 DAGs
[2026-09-14T15:04:46.126+0000] {logging_mixin.py:190} INFO - [2026-09-14T15:04:46.126+0000] {dag.py:4180} INFO - Setting next_dagrun for weather_etl to 2026-09-14 15:00:00+00:00, run_after=2026-09-14 16:00:00+00:00
[2026-09-14T15:04:46.201+0000] {processor.py:208} INFO - Processing /opt/airflow/dags/weather_etl.py took 1.924 seconds
[2026-09-14T15:05:16.783+0000] {processor.py:186} INFO - Started process (PID=673) to work on /opt/airflow/dags/weather_etl.py
[2026-09-14T15:05:16.786+0000] {processor.py:914} INFO - Processing file /opt/airflow/dags/weather_etl.py for tasks to queue
[2026-09-14T15:05:16.793+0000] {logging_mixin.py:190} INFO - [2026-09-14T15:05:16.792+0000] {dagbag.py:588} INFO - Filling up the DagBag from /opt/airflow/dags/weather_etl.py
[2026-09-14T15:05:18.234+0000] {processor.py:925} INFO - DAG(s) 'weather_etl' retrieved from /opt/airflow/dags/weather_etl.py
[2026-09-14T15:05:18.332+0000] {logging_mixin.py:190} INFO - [2026-09-14T15:05:18.331+0000] {dag.py:3239} INFO - Sync 1 DAGs
[2026-09-14T15:05:18.433+0000] {logging_mixin.py:190} INFO - [2026-09-14T15:05:18.432+0000] {dag.py:4180} INFO - Setting next_dagrun for weather_etl to 2026-09-14 15:00:00+00:00, run_after=2026-09-14 16:00:00+00:00
[2026-09-14T15:05:18.497+0000] {processor.py:208} INFO - Processing /opt/airflow/dags/weather_etl.py took 1.733 seconds
[2026-09-14T15:05:49.081+0000] {processor.py:186} INFO - Started process (PID=679) to work on /opt/airflow/dags/weather_etl.py
[2026-09-14T15:05:49.083+0000] {processor.py:914} INFO - Processing file /opt/airflow/dags/weather_etl.py for tasks to queue
[2026-09-14T15:05:49.089+0000] {logging_mixin.py:190} INFO - [2026-09-14T15:05:49.089+0000] {dagbag.py:588} INFO - Filling up the DagBag from /opt/airflow/dags/weather_etl.py
[2026-09-14T15:05:50.377+0000] {processor.py:925} INFO - DAG(s) 'weather_etl' retrieved from /opt/airflow/dags/weather_etl.py
[2026-09-14T15:05:50.455+0000] {logging_mixin.py:190} INFO - [2026-09-14T15:05:50.455+0000] {dag.py:3239} INFO - Sync 1 DAGs
[2026-09-14T15:05:50.532+0000] {logging_mixin.py:190} INFO - [2026-09-14T15:05:50.531+0000] {dag.py:4180} INFO - Setting next_dagrun for weather_etl to 2026-09-14 15:00:00+00:00, run_after=2026-09-14 16:00:00+00:00
[2026-09-14T15:05:50.597+0000] {processor.py:208} INFO - Processing /opt/airflow/dags/weather_etl.py took 1.531 seconds
[2026-09-14T15:06:20.745+0000] {processor.py:186} INFO - Started process (PID=685) to work on /opt/airflow/dags/weather_etl.py
[2026-09-14T15:06:20.748+0000] {processor.py:914} INFO - Processing file /opt/airflow/dags/weather_etl.py for tasks to queue
[2026-09-14T15:06:20.754+0000] {logging_mixin.py:190} INFO - [2026-09-14T15:06:20.753+0000] {dagbag.py:588} INFO - Filling up the DagBag from /opt/airflow/dags/weather_etl.py
[2026-09-14T15:06:22.351+0000] {processor.py:925} INFO - DAG(s) 'weather_etl' retrieved from /opt/airflow/dags/weather_etl.py
[2026-09-14T15:06:22.454+0000] {logging_mixin.py:190} INFO - [2026-09-14T15:06:22.453+0000] {dag.py:3239} INFO - Sync 1 DAGs
[2026-09-14T15:06:22.529+0000] {logging_mixin.py:190} INFO - [2026-09-14T15:06:22.528+0000] {dag.py:4180} INFO - Setting next_dagrun for weather_etl to 2026-09-14 15:00:00+00:00, run_after=2026-09-14 16:00:00+00:00
[2026-09-14T15:06:22.592+0000] {processor.py:208} INFO - Processing /opt/airflow/dags/weather_etl.py took 1.867 seconds
[2026-09-14T15:06:53.207+0000] {processor.py:186} INFO - Started process (PID=691) to work on /opt/airflow/dags/weather_etl.py
[2026-09-14T15:06:53.212+0000] {processor.py:914} INFO - Processing file /opt/airflow/dags/weather_etl.py for tasks to queue
[2026-09-14T15:06:53.224+0000] {logging_mixin.py:190} INFO - [2026-09-14T15:06:53.223+0000] {dagbag.py:588} INFO - Filling up the DagBag from /opt/airflow/dags/weather_etl.py
[2026-09-14T15:06:54.897+0000] {processor.py:925} INFO - DAG(s) 'weather_etl' retrieved from /opt/airflow/dags/weather_etl.py
[2026-09-14T15:06:54.996+0000] {logging_mixin.py:190} INFO - [2026-09-14T15:06:54.995+0000] {dag.py:3239} INFO - Sync 1 DAGs
[2026-09-14T15:06:55.086+0000] {logging_mixin.py:190} INFO - [2026-09-14T15:06:55.085+0000] {dag.py:4180} INFO - Setting next_dagrun for weather_etl to 2026-09-14 15:00:00+00:00, run_after=2026-09-14 16:00:00+00:00
[2026-09-14T15:06:55.157+0000] {processor.py:208} INFO - Processing /opt/airflow/dags/weather_etl.py took 1.980 seconds
[2026-09-14T15:07:25.725+0000] {processor.py:186} INFO - Started process (PID=697) to work on /opt/airflow/dags/weather_etl.py
[2026-09-14T15:07:25.729+0000] {processor.py:914} INFO - Processing file /opt/airflow/dags/weather_etl.py for tasks to queue
[2026-09-14T15:07:25.744+0000] {logging_mixin.py:190} INFO - [2026-09-14T15:07:25.742+0000] {dagbag.py:588} INFO - Filling up the DagBag from /opt/airflow/dags/weather_etl.py
[2026-09-14T15:07:27.625+0000] {processor.py:925} INFO - DAG(s) 'weather_etl' retrieved from /opt/airflow/dags/weather_etl.py
[2026-09-14T15:07:27.736+0000] {logging_mixin.py:190} INFO - [2026-09-14T15:07:27.736+0000] {dag.py:3239} INFO - Sync 1 DAGs
[2026-09-14T15:07:27.846+0000] {logging_mixin.py:190} INFO - [2026-09-14T15:07:27.845+0000] {dag.py:4180} INFO - Setting next_dagrun for weather_etl to 2026-09-14 15:00:00+00:00, run_after=2026-09-14 16:00:00+00:00
[2026-09-14T15:07:27.921+0000] {processor.py:208} INFO - Processing /opt/airflow/dags/weather_etl.py took 2.214 seconds
[2026-09-14T15:07:58.253+0000] {processor.py:186} INFO - Started process (PID=703) to work on /opt/airflow/dags/weather_etl.py
[2026-09-14T15:07:58.257+0000] {processor.py:914} INFO - Processing file /opt/airflow/dags/weather_etl.py for tasks to queue
[2026-09-14T15:07:58.266+0000] {logging_mixin.py:190} INFO - [2026-09-14T15:07:58.264+0000] {dagbag.py:588} INFO - Filling up the DagBag from /opt/airflow/dags/weather_etl.py
[2026-09-14T15:07:59.639+0000] {processor.py:925} INFO - DAG(s) 'weather_etl' retrieved from /opt/airflow/dags/weather_etl.py
[2026-09-14T15:07:59.721+0000] {logging_mixin.py:190} INFO - [2026-09-14T15:07:59.720+0000] {dag.py:3239} INFO - Sync 1 DAGs
[2026-09-14T15:07:59.807+0000] {logging_mixin.py:190} INFO - [2026-09-14T15:07:59.806+0000] {dag.py:4180} INFO - Setting next_dagrun for weather_etl to 2026-09-14 15:00:00+00:00, run_after=2026-09-14 16:00:00+00:00
[2026-09-14T15:07:59.869+0000] {processor.py:208} INFO - Processing /opt/airflow/dags/weather_etl.py took 1.632 seconds
[2026-09-14T15:08:30.542+0000] {processor.py:186} INFO - Started process (PID=709) to work on /opt/airflow/dags/weather_etl.py
[2026-09-14T15:08:30.545+0000] {processor.py:914} INFO - Processing file /opt/airflow/dags/weather_etl.py for tasks to queue
[2026-09-14T15:08:30.551+0000] {logging_mixin.py:190} INFO - [2026-09-14T15:08:30.550+0000] {dagbag.py:588} INFO - Filling up the DagBag from /opt/airflow/dags/weather_etl.py
[2026-09-14T15:08:31.854+0000] {processor.py:925} INFO - DAG(s) 'weather_etl' retrieved from /opt/airflow/dags/weather_etl.py
[2026-09-14T15:08:31.953+0000] {logging_mixin.py:190} INFO - [2026-09-14T15:08:31.952+0000] {dag.py:3239} INFO - Sync 1 DAGs
[2026-09-14T15:08:32.061+0000] {logging_mixin.py:190} INFO - [2026-09-14T15:08:32.060+0000] {dag.py:4180} INFO - Setting next_dagrun for weather_etl to 2026-09-14 15:00:00+00:00, run_after=2026-09-14 16:00:00+00:00
[2026-09-14T15:08:32.138+0000] {processor.py:208} INFO - Processing /opt/airflow/dags/weather_etl.py took 1.610 seconds
[2026-09-14T15:09:02.464+0000] {processor.py:186} INFO - Started process (PID=715) to work on /opt/airflow/dags/weather_etl.py
[2026-09-14T15:09:02.467+0000] {processor.py:914} INFO - Processing file /opt/airflow/dags/weather_etl.py for tasks to queue
[2026-09-14T15:09:02.473+0000] {logging_mixin.py:190} INFO - [2026-09-14T15:09:02.472+0000] {dagbag.py:588} INFO - Filling up the DagBag from /opt/airflow/dags/weather_etl.py
[2026-09-14T15:09:03.870+0000] {processor.py:925} INFO - DAG(s) 'weather_etl' retrieved from /opt/airflow/dags/weather_etl.py
[2026-09-14T15:09:03.958+0000] {logging_mixin.py:190} INFO - [2026-09-14T15:09:03.957+0000] {dag.py:3239} INFO - Sync 1 DAGs
[2026-09-14T15:09:04.039+0000] {logging_mixin.py:190} INFO - [2026-09-14T15:09:04.039+0000] {dag.py:4180} INFO - Setting next_dagrun for weather_etl to 2026-09-14 15:00:00+00:00, run_after=2026-09-14 16:00:00+00:00
[2026-09-14T15:09:04.097+0000] {processor.py:208} INFO - Processing /opt/airflow/dags/weather_etl.py took 1.653 seconds
[2026-09-14T15:09:34.687+0000] {processor.py:186} INFO - Started process (PID=721) to work on /opt/airflow/dags/weather_etl.py
[2026-09-14T15:09:34.691+0000] {processor.py:914} INFO - Processing file /opt/airflow/dags/weather_etl.py for tasks to queue
[2026-09-14T15:09:34.697+0000] {logging_mixin.py:190} INFO - [2026-09-14T15:09:34.697+0000] {dagbag.py:588} INFO - Filling up the DagBag from /opt/airflow/dags/weather_etl.py
[2026-09-14T15:09:36.244+0000] {processor.py:925} INFO - DAG(s) 'weather_etl' retrieved from /opt/airflow/dags/weather_etl.py
[2026-09-14T15:09:36.340+0000] {logging_mixin.py:190} INFO - [2026-09-14T15:09:36.339+0000] {dag.py:3239} INFO - Sync 1 DAGs
[2026-09-14T15:09:36.414+0000] {logging_mixin.py:190} INFO - [2026-09-14T15:09:36.414+0000] {dag.py:4180} INFO - Setting next_dagrun for weather_etl to 2026-09-14 15:00:00+00:00, run_after=2026-09-14 16:00:00+00:00
[2026-09-14T15:09:36.477+0000] {processor.py:208} INFO - Processing /opt/airflow/dags/weather_etl.py took 1.805 seconds
[2026-09-14T15:10:06.700+0000] {processor.py:186} INFO - Started process (PID=727) to work on /opt/airflow/dags/weather_etl.py
[2026-09-14T15:10:06.704+0000] {processor.py:914} INFO - Processing file /opt/airflow/dags/weather_etl.py for tasks to queue
[2026-09-14T15:10:06.712+0000] {logging_mixin.py:190} INFO - [2026-09-14T15:10:06.711+0000] {dagbag.py:588} INFO - Filling up the DagBag from /opt/airflow/dags/weather_etl.py
[2026-09-14T15:10:08.165+0000] {processor.py:925} INFO - DAG(s) 'weather_etl' retrieved from /opt/airflow/dags/weather_etl.py
[2026-09-14T15:10:08.281+0000] {logging_mixin.py:190} INFO - [2026-09-14T15:10:08.280+0000] {dag.py:3239} INFO - Sync 1 DAGs
[2026-09-14T15:10:08.409+0000] {logging_mixin.py:190} INFO - [2026-09-14T15:10:08.408+0000] {dag.py:4180} INFO - Setting next_dagrun for weather_etl to 2026-09-14 15:00:00+00:00, run_after=2026-09-14 16:00:00+00:00
[2026-09-14T15:10:08.495+0000] {processor.py:208} INFO - Processing /opt/airflow/dags/weather_etl.py took 1.816 seconds
[2026-09-14T15:10:39.098+0000] {processor.py:186} INFO - Started process (PID=733) to work on /opt/airflow/dags/weather_etl.py
[2026-09-14T15:10:39.101+0000] {processor.py:914} INFO - Processing file /opt/airflow/dags/weather_etl.py for tasks to queue
[2026-09-14T15:10:39.108+0000] {logging_mixin.py:190} INFO - [2026-09-14T15:10:39.107+0000] {dagbag.py:588} INFO - Filling up the DagBag from /opt/airflow/dags/weather_etl.py
[2026-09-14T15:10:40.609+0000] {processor.py:925} INFO - DAG(s) 'weather_etl' retrieved from /opt/airflow/dags/weather_etl.py
[2026-09-14T15:10:40.722+0000] {logging_mixin.py:190} INFO - [2026-09-14T15:10:40.721+0000] {dag.py:3239} INFO - Sync 1 DAGs
[2026-09-14T15:10:40.826+0000] {logging_mixin.py:190} INFO - [2026-09-14T15:10:40.826+0000] {dag.py:4180} INFO - Setting next_dagrun for weather_etl to 2026-09-14 15:00:00+00:00, run_after=2026-09-14 16:00:00+00:00
[2026-09-14T15:10:40.897+0000] {processor.py:208} INFO - Processing /opt/airflow/dags/weather_etl.py took 1.816 seconds
[2026-09-14T15:11:11.538+0000] {processor.py:186} INFO - Started process (PID=739) to work on /opt/airflow/dags/weather_etl.py
[2026-09-14T15:11:11.544+0000] {processor.py:914} INFO - Processing file /opt/airflow/dags/weather_etl.py for tasks to queue
[2026-09-14T15:11:11.562+0000] {logging_mixin.py:190} INFO - [2026-09-14T15:11:11.561+0000] {dagbag.py:588} INFO - Filling up the DagBag from /opt/airflow/dags/weather_etl.py
[2026-09-14T15:11:13.214+0000] {processor.py:925} INFO - DAG(s) 'weather_etl' retrieved from /opt/airflow/dags/weather_etl.py
[2026-09-14T15:11:13.304+0000] {logging_mixin.py:190} INFO - [2026-09-14T15:11:13.304+0000] {dag.py:3239} INFO - Sync 1 DAGs
[2026-09-14T15:11:13.383+0000] {logging_mixin.py:190} INFO - [2026-09-14T15:11:13.383+0000] {dag.py:4180} INFO - Setting next_dagrun for weather_etl to 2026-09-14 15:00:00+00:00, run_after=2026-09-14 16:00:00+00:00
[2026-09-14T15:11:13.446+0000] {processor.py:208} INFO - Processing /opt/airflow/dags/weather_etl.py took 1.949 seconds
[2026-09-14T15:11:44.015+0000] {processor.py:186} INFO - Started process (PID=745) to work on /opt/airflow/dags/weather_etl.py
[2026-09-14T15:11:44.017+0000] {processor.py:914} INFO - Processing file /opt/airflow/dags/weather_etl.py for tasks to queue
[2026-09-14T15:11:44.024+0000] {logging_mixin.py:190} INFO - [2026-09-14T15:11:44.023+0000] {dagbag.py:588} INFO - Filling up the DagBag from /opt/airflow/dags/weather_etl.py
[2026-09-14T15:11:45.466+0000] {processor.py:925} INFO - DAG(s) 'weather_etl' retrieved from /opt/airflow/dags/weather_etl.py
[2026-09-14T15:11:45.568+0000] {logging_mixin.py:190} INFO - [2026-09-14T15:11:45.567+0000] {dag.py:3239} INFO - Sync 1 DAGs
[2026-09-14T15:11:45.644+0000] {logging_mixin.py:190} INFO - [2026-09-14T15:11:45.644+0000] {dag.py:4180} INFO - Setting next_dagrun for weather_etl to 2026-09-14 15:00:00+00:00, run_after=2026-09-14 16:00:00+00:00
[2026-09-14T15:11:45.705+0000] {processor.py:208} INFO - Processing /opt/airflow/dags/weather_etl.py took 1.705 seconds
[2026-09-14T15:12:16.314+0000] {processor.py:186} INFO - Started process (PID=751) to work on /opt/airflow/dags/weather_etl.py
[2026-09-14T15:12:16.317+0000] {processor.py:914} INFO - Processing file /opt/airflow/dags/weather_etl.py for tasks to queue
[2026-09-14T15:12:16.323+0000] {logging_mixin.py:190} INFO - [2026-09-14T15:12:16.322+0000] {dagbag.py:588} INFO - Filling up the DagBag from /opt/airflow/dags/weather_etl.py
[2026-09-14T15:12:17.965+0000] {processor.py:925} INFO - DAG(s) 'weather_etl' retrieved from /opt/airflow/dags/weather_etl.py
[2026-09-14T15:12:18.063+0000] {logging_mixin.py:190} INFO - [2026-09-14T15:12:18.062+0000] {dag.py:3239} INFO - Sync 1 DAGs
[2026-09-14T15:12:18.148+0000] {logging_mixin.py:190} INFO - [2026-09-14T15:12:18.147+0000] {dag.py:4180} INFO - Setting next_dagrun for weather_etl to 2026-09-14 15:00:00+00:00, run_after=2026-09-14 16:00:00+00:00
[2026-09-14T15:12:18.208+0000] {processor.py:208} INFO - Processing /opt/airflow/dags/weather_etl.py took 1.918 seconds
[2026-09-14T15:12:48.808+0000] {processor.py:186} INFO - Started process (PID=757) to work on /opt/airflow/dags/weather_etl.py
[2026-09-14T15:12:48.811+0000] {processor.py:914} INFO - Processing file /opt/airflow/dags/weather_etl.py for tasks to queue
[2026-09-14T15:12:48.818+0000] {logging_mixin.py:190} INFO - [2026-09-14T15:12:48.817+0000] {dagbag.py:588} INFO - Filling up the DagBag from /opt/airflow/dags/weather_etl.py
[2026-09-14T15:12:50.192+0000] {processor.py:925} INFO - DAG(s) 'weather_etl' retrieved from /opt/airflow/dags/weather_etl.py
[2026-09-14T15:12:50.282+0000] {logging_mixin.py:190} INFO - [2026-09-14T15:12:50.281+0000] {dag.py:3239} INFO - Sync 1 DAGs
[2026-09-14T15:12:50.360+0000] {logging_mixin.py:190} INFO - [2026-09-14T15:12:50.359+0000] {dag.py:4180} INFO - Setting next_dagrun for weather_etl to 2026-09-14 15:00:00+00:00, run_after=2026-09-14 16:00:00+00:00
[2026-09-14T15:12:50.418+0000] {processor.py:208} INFO - Processing /opt/airflow/dags/weather_etl.py took 1.629 seconds
[2026-09-14T15:13:10.306+0000] {processor.py:186} INFO - Started process (PID=763) to work on /opt/airflow/dags/weather_etl.py
[2026-09-14T15:13:10.310+0000] {processor.py:914} INFO - Processing file /opt/airflow/dags/weather_etl.py for tasks to queue
[2026-09-14T15:13:10.322+0000] {logging_mixin.py:190} INFO - [2026-09-14T15:13:10.320+0000] {dagbag.py:588} INFO - Filling up the DagBag from /opt/airflow/dags/weather_etl.py
[2026-09-14T15:13:12.410+0000] {processor.py:925} INFO - DAG(s) 'weather_etl' retrieved from /opt/airflow/dags/weather_etl.py
[2026-09-14T15:13:12.524+0000] {logging_mixin.py:190} INFO - [2026-09-14T15:13:12.523+0000] {dag.py:3239} INFO - Sync 1 DAGs
[2026-09-14T15:13:12.635+0000] {logging_mixin.py:190} INFO - [2026-09-14T15:13:12.634+0000] {dag.py:4180} INFO - Setting next_dagrun for weather_etl to 2026-09-14 15:00:00+00:00, run_after=2026-09-14 16:00:00+00:00
[2026-09-14T15:13:12.717+0000] {processor.py:208} INFO - Processing /opt/airflow/dags/weather_etl.py took 2.438 seconds
[2026-09-14T15:13:16.537+0000] {processor.py:186} INFO - Started process (PID=769) to work on /opt/airflow/dags/weather_etl.py
[2026-09-14T15:13:16.540+0000] {processor.py:914} INFO - Processing file /opt/airflow/dags/weather_etl.py for tasks to queue
[2026-09-14T15:13:16.550+0000] {logging_mixin.py:190} INFO - [2026-09-14T15:13:16.548+0000] {dagbag.py:588} INFO - Filling up the DagBag from /opt/airflow/dags/weather_etl.py
[2026-09-14T15:13:18.584+0000] {processor.py:925} INFO - DAG(s) 'weather_etl' retrieved from /opt/airflow/dags/weather_etl.py
[2026-09-14T15:13:18.677+0000] {logging_mixin.py:190} INFO - [2026-09-14T15:13:18.677+0000] {dag.py:3239} INFO - Sync 1 DAGs
[2026-09-14T15:13:18.763+0000] {logging_mixin.py:190} INFO - [2026-09-14T15:13:18.762+0000] {dag.py:4180} INFO - Setting next_dagrun for weather_etl to 2026-09-14 15:00:00+00:00, run_after=2026-09-14 16:00:00+00:00
[2026-09-14T15:13:18.842+0000] {processor.py:208} INFO - Processing /opt/airflow/dags/weather_etl.py took 2.329 seconds
[2026-09-14T15:13:19.990+0000] {processor.py:186} INFO - Started process (PID=775) to work on /opt/airflow/dags/weather_etl.py
[2026-09-14T15:13:19.993+0000] {processor.py:914} INFO - Processing file /opt/airflow/dags/weather_etl.py for tasks to queue
[2026-09-14T15:13:19.999+0000] {logging_mixin.py:190} INFO - [2026-09-14T15:13:19.998+0000] {dagbag.py:588} INFO - Filling up the DagBag from /opt/airflow/dags/weather_etl.py
[2026-09-14T15:13:21.539+0000] {processor.py:925} INFO - DAG(s) 'weather_etl' retrieved from /opt/airflow/dags/weather_etl.py
[2026-09-14T15:13:21.689+0000] {logging_mixin.py:190} INFO - [2026-09-14T15:13:21.688+0000] {dag.py:3239} INFO - Sync 1 DAGs
[2026-09-14T15:13:21.783+0000] {logging_mixin.py:190} INFO - [2026-09-14T15:13:21.782+0000] {dag.py:4180} INFO - Setting next_dagrun for weather_etl to 2026-09-14 15:00:00+00:00, run_after=2026-09-14 16:00:00+00:00
[2026-09-14T15:13:21.874+0000] {processor.py:208} INFO - Processing /opt/airflow/dags/weather_etl.py took 1.901 seconds
[2026-09-14T15:13:23.074+0000] {processor.py:186} INFO - Started process (PID=781) to work on /opt/airflow/dags/weather_etl.py
[2026-09-14T15:13:23.077+0000] {processor.py:914} INFO - Processing file /opt/airflow/dags/weather_etl.py for tasks to queue
[2026-09-14T15:13:23.085+0000] {logging_mixin.py:190} INFO - [2026-09-14T15:13:23.084+0000] {dagbag.py:588} INFO - Filling up the DagBag from /opt/airflow/dags/weather_etl.py
[2026-09-14T15:13:24.456+0000] {processor.py:925} INFO - DAG(s) 'weather_etl' retrieved from /opt/airflow/dags/weather_etl.py
[2026-09-14T15:13:24.543+0000] {logging_mixin.py:190} INFO - [2026-09-14T15:13:24.543+0000] {dag.py:3239} INFO - Sync 1 DAGs
[2026-09-14T15:13:24.624+0000] {logging_mixin.py:190} INFO - [2026-09-14T15:13:24.623+0000] {dag.py:4180} INFO - Setting next_dagrun for weather_etl to 2026-09-14 15:00:00+00:00, run_after=2026-09-14 16:00:00+00:00
[2026-09-14T15:13:24.698+0000] {processor.py:208} INFO - Processing /opt/airflow/dags/weather_etl.py took 1.644 seconds
[2026-09-14T15:13:27.921+0000] {processor.py:186} INFO - Started process (PID=787) to work on /opt/airflow/dags/weather_etl.py
[2026-09-14T15:13:27.925+0000] {processor.py:914} INFO - Processing file /opt/airflow/dags/weather_etl.py for tasks to queue
[2026-09-14T15:13:27.933+0000] {logging_mixin.py:190} INFO - [2026-09-14T15:13:27.932+0000] {dagbag.py:588} INFO - Filling up the DagBag from /opt/airflow/dags/weather_etl.py
[2026-09-14T15:13:29.426+0000] {processor.py:925} INFO - DAG(s) 'weather_etl' retrieved from /opt/airflow/dags/weather_etl.py
[2026-09-14T15:13:29.516+0000] {logging_mixin.py:190} INFO - [2026-09-14T15:13:29.515+0000] {dag.py:3239} INFO - Sync 1 DAGs
[2026-09-14T15:13:29.597+0000] {logging_mixin.py:190} INFO - [2026-09-14T15:13:29.596+0000] {dag.py:4180} INFO - Setting next_dagrun for weather_etl to 2026-09-14 15:00:00+00:00, run_after=2026-09-14 16:00:00+00:00
[2026-09-14T15:13:29.669+0000] {processor.py:208} INFO - Processing /opt/airflow/dags/weather_etl.py took 1.772 seconds
[2026-09-14T15:13:33.928+0000] {processor.py:186} INFO - Started process (PID=793) to work on /opt/airflow/dags/weather_etl.py
[2026-09-14T15:13:33.931+0000] {processor.py:914} INFO - Processing file /opt/airflow/dags/weather_etl.py for tasks to queue
[2026-09-14T15:13:33.938+0000] {logging_mixin.py:190} INFO - [2026-09-14T15:13:33.937+0000] {dagbag.py:588} INFO - Filling up the DagBag from /opt/airflow/dags/weather_etl.py
[2026-09-14T15:13:35.574+0000] {processor.py:925} INFO - DAG(s) 'weather_etl' retrieved from /opt/airflow/dags/weather_etl.py
[2026-09-14T15:13:35.677+0000] {logging_mixin.py:190} INFO - [2026-09-14T15:13:35.677+0000] {dag.py:3239} INFO - Sync 1 DAGs
[2026-09-14T15:13:35.773+0000] {logging_mixin.py:190} INFO - [2026-09-14T15:13:35.772+0000] {dag.py:4180} INFO - Setting next_dagrun for weather_etl to 2026-09-14 15:00:00+00:00, run_after=2026-09-14 16:00:00+00:00
[2026-09-14T15:13:35.854+0000] {processor.py:208} INFO - Processing /opt/airflow/dags/weather_etl.py took 1.958 seconds
[2026-09-14T15:13:41.066+0000] {processor.py:186} INFO - Started process (PID=799) to work on /opt/airflow/dags/weather_etl.py
[2026-09-14T15:13:41.069+0000] {processor.py:914} INFO - Processing file /opt/airflow/dags/weather_etl.py for tasks to queue
[2026-09-14T15:13:41.080+0000] {logging_mixin.py:190} INFO - [2026-09-14T15:13:41.079+0000] {dagbag.py:588} INFO - Filling up the DagBag from /opt/airflow/dags/weather_etl.py
[2026-09-14T15:13:43.136+0000] {processor.py:925} INFO - DAG(s) 'weather_etl' retrieved from /opt/airflow/dags/weather_etl.py
[2026-09-14T15:13:43.231+0000] {logging_mixin.py:190} INFO - [2026-09-14T15:13:43.230+0000] {dag.py:3239} INFO - Sync 1 DAGs
[2026-09-14T15:13:43.333+0000] {logging_mixin.py:190} INFO - [2026-09-14T15:13:43.333+0000] {dag.py:4180} INFO - Setting next_dagrun for weather_etl to 2026-09-14 15:00:00+00:00, run_after=2026-09-14 16:00:00+00:00
[2026-09-14T15:13:43.409+0000] {processor.py:208} INFO - Processing /opt/airflow/dags/weather_etl.py took 2.368 seconds
[2026-09-14T15:13:45.641+0000] {processor.py:186} INFO - Started process (PID=805) to work on /opt/airflow/dags/weather_etl.py
[2026-09-14T15:13:45.643+0000] {processor.py:914} INFO - Processing file /opt/airflow/dags/weather_etl.py for tasks to queue
[2026-09-14T15:13:45.650+0000] {logging_mixin.py:190} INFO - [2026-09-14T15:13:45.649+0000] {dagbag.py:588} INFO - Filling up the DagBag from /opt/airflow/dags/weather_etl.py
[2026-09-14T15:13:47.015+0000] {processor.py:925} INFO - DAG(s) 'weather_etl' retrieved from /opt/airflow/dags/weather_etl.py
[2026-09-14T15:13:47.113+0000] {logging_mixin.py:190} INFO - [2026-09-14T15:13:47.112+0000] {dag.py:3239} INFO - Sync 1 DAGs
[2026-09-14T15:13:47.203+0000] {logging_mixin.py:190} INFO - [2026-09-14T15:13:47.202+0000] {dag.py:4180} INFO - Setting next_dagrun for weather_etl to 2026-09-14 15:00:00+00:00, run_after=2026-09-14 16:00:00+00:00
[2026-09-14T15:13:47.274+0000] {processor.py:208} INFO - Processing /opt/airflow/dags/weather_etl.py took 1.654 seconds
[2026-09-14T15:14:17.671+0000] {processor.py:186} INFO - Started process (PID=811) to work on /opt/airflow/dags/weather_etl.py
[2026-09-14T15:14:17.674+0000] {processor.py:914} INFO - Processing file /opt/airflow/dags/weather_etl.py for tasks to queue
[2026-09-14T15:14:17.682+0000] {logging_mixin.py:190} INFO - [2026-09-14T15:14:17.680+0000] {dagbag.py:588} INFO - Filling up the DagBag from /opt/airflow/dags/weather_etl.py
[2026-09-14T15:14:19.140+0000] {processor.py:925} INFO - DAG(s) 'weather_etl' retrieved from /opt/airflow/dags/weather_etl.py
[2026-09-14T15:14:19.244+0000] {logging_mixin.py:190} INFO - [2026-09-14T15:14:19.243+0000] {dag.py:3239} INFO - Sync 1 DAGs
[2026-09-14T15:14:19.349+0000] {logging_mixin.py:190} INFO - [2026-09-14T15:14:19.348+0000] {dag.py:4180} INFO - Setting next_dagrun for weather_etl to 2026-09-14 15:00:00+00:00, run_after=2026-09-14 16:00:00+00:00
[2026-09-14T15:14:19.421+0000] {processor.py:208} INFO - Processing /opt/airflow/dags/weather_etl.py took 1.772 seconds
[2026-09-14T15:14:50.142+0000] {processor.py:186} INFO - Started process (PID=817) to work on /opt/airflow/dags/weather_etl.py
[2026-09-14T15:14:50.146+0000] {processor.py:914} INFO - Processing file /opt/airflow/dags/weather_etl.py for tasks to queue
[2026-09-14T15:14:50.156+0000] {logging_mixin.py:190} INFO - [2026-09-14T15:14:50.155+0000] {dagbag.py:588} INFO - Filling up the DagBag from /opt/airflow/dags/weather_etl.py
[2026-09-14T15:14:52.151+0000] {processor.py:925} INFO - DAG(s) 'weather_etl' retrieved from /opt/airflow/dags/weather_etl.py
[2026-09-14T15:14:52.264+0000] {logging_mixin.py:190} INFO - [2026-09-14T15:14:52.264+0000] {dag.py:3239} INFO - Sync 1 DAGs
[2026-09-14T15:14:52.357+0000] {logging_mixin.py:190} INFO - [2026-09-14T15:14:52.357+0000] {dag.py:4180} INFO - Setting next_dagrun for weather_etl to 2026-09-14 15:00:00+00:00, run_after=2026-09-14 16:00:00+00:00
[2026-09-14T15:14:52.426+0000] {processor.py:208} INFO - Processing /opt/airflow/dags/weather_etl.py took 2.305 seconds
[2026-09-14T15:15:22.957+0000] {processor.py:186} INFO - Started process (PID=823) to work on /opt/airflow/dags/weather_etl.py
[2026-09-14T15:15:22.961+0000] {processor.py:914} INFO - Processing file /opt/airflow/dags/weather_etl.py for tasks to queue
[2026-09-14T15:15:22.974+0000] {logging_mixin.py:190} INFO - [2026-09-14T15:15:22.973+0000] {dagbag.py:588} INFO - Filling up the DagBag from /opt/airflow/dags/weather_etl.py
[2026-09-14T15:15:25.525+0000] {processor.py:925} INFO - DAG(s) 'weather_etl' retrieved from /opt/airflow/dags/weather_etl.py
[2026-09-14T15:15:25.677+0000] {logging_mixin.py:190} INFO - [2026-09-14T15:15:25.676+0000] {dag.py:3239} INFO - Sync 1 DAGs
[2026-09-14T15:15:25.787+0000] {logging_mixin.py:190} INFO - [2026-09-14T15:15:25.786+0000] {dag.py:4180} INFO - Setting next_dagrun for weather_etl to 2026-09-14 15:00:00+00:00, run_after=2026-09-14 16:00:00+00:00
[2026-09-14T15:15:25.859+0000] {processor.py:208} INFO - Processing /opt/airflow/dags/weather_etl.py took 2.931 seconds
[2026-09-14T15:15:56.583+0000] {processor.py:186} INFO - Started process (PID=829) to work on /opt/airflow/dags/weather_etl.py
[2026-09-14T15:15:56.587+0000] {processor.py:914} INFO - Processing file /opt/airflow/dags/weather_etl.py for tasks to queue
[2026-09-14T15:15:56.599+0000] {logging_mixin.py:190} INFO - [2026-09-14T15:15:56.597+0000] {dagbag.py:588} INFO - Filling up the DagBag from /opt/airflow/dags/weather_etl.py
[2026-09-14T15:15:58.576+0000] {processor.py:925} INFO - DAG(s) 'weather_etl' retrieved from /opt/airflow/dags/weather_etl.py
[2026-09-14T15:15:58.682+0000] {logging_mixin.py:190} INFO - [2026-09-14T15:15:58.682+0000] {dag.py:3239} INFO - Sync 1 DAGs
[2026-09-14T15:15:58.778+0000] {logging_mixin.py:190} INFO - [2026-09-14T15:15:58.778+0000] {dag.py:4180} INFO - Setting next_dagrun for weather_etl to 2026-09-14 15:00:00+00:00, run_after=2026-09-14 16:00:00+00:00
[2026-09-14T15:15:58.855+0000] {processor.py:208} INFO - Processing /opt/airflow/dags/weather_etl.py took 2.298 seconds
[2026-09-14T15:16:29.233+0000] {processor.py:186} INFO - Started process (PID=835) to work on /opt/airflow/dags/weather_etl.py
[2026-09-14T15:16:29.236+0000] {processor.py:914} INFO - Processing file /opt/airflow/dags/weather_etl.py for tasks to queue
[2026-09-14T15:16:29.245+0000] {logging_mixin.py:190} INFO - [2026-09-14T15:16:29.244+0000] {dagbag.py:588} INFO - Filling up the DagBag from /opt/airflow/dags/weather_etl.py
[2026-09-14T15:16:31.020+0000] {processor.py:925} INFO - DAG(s) 'weather_etl' retrieved from /opt/airflow/dags/weather_etl.py
[2026-09-14T15:16:31.126+0000] {logging_mixin.py:190} INFO - [2026-09-14T15:16:31.125+0000] {dag.py:3239} INFO - Sync 1 DAGs
[2026-09-14T15:16:31.237+0000] {logging_mixin.py:190} INFO - [2026-09-14T15:16:31.236+0000] {dag.py:4180} INFO - Setting next_dagrun for weather_etl to 2026-09-14 15:00:00+00:00, run_after=2026-09-14 16:00:00+00:00
[2026-09-14T15:16:31.313+0000] {processor.py:208} INFO - Processing /opt/airflow/dags/weather_etl.py took 2.098 seconds
[2026-09-14T15:17:01.830+0000] {processor.py:186} INFO - Started process (PID=841) to work on /opt/airflow/dags/weather_etl.py
[2026-09-14T15:17:01.833+0000] {processor.py:914} INFO - Processing file /opt/airflow/dags/weather_etl.py for tasks to queue
[2026-09-14T15:17:01.845+0000] {logging_mixin.py:190} INFO - [2026-09-14T15:17:01.844+0000] {dagbag.py:588} INFO - Filling up the DagBag from /opt/airflow/dags/weather_etl.py
[2026-09-14T15:17:03.435+0000] {processor.py:925} INFO - DAG(s) 'weather_etl' retrieved from /opt/airflow/dags/weather_etl.py
[2026-09-14T15:17:03.532+0000] {logging_mixin.py:190} INFO - [2026-09-14T15:17:03.532+0000] {dag.py:3239} INFO - Sync 1 DAGs
[2026-09-14T15:17:03.627+0000] {logging_mixin.py:190} INFO - [2026-09-14T15:17:03.626+0000] {dag.py:4180} INFO - Setting next_dagrun for weather_etl to 2026-09-14 15:00:00+00:00, run_after=2026-09-14 16:00:00+00:00
[2026-09-14T15:17:03.694+0000] {processor.py:208} INFO - Processing /opt/airflow/dags/weather_etl.py took 1.885 seconds
[2026-09-14T15:17:34.354+0000] {processor.py:186} INFO - Started process (PID=847) to work on /opt/airflow/dags/weather_etl.py
[2026-09-14T15:17:34.357+0000] {processor.py:914} INFO - Processing file /opt/airflow/dags/weather_etl.py for tasks to queue
[2026-09-14T15:17:34.367+0000] {logging_mixin.py:190} INFO - [2026-09-14T15:17:34.366+0000] {dagbag.py:588} INFO - Filling up the DagBag from /opt/airflow/dags/weather_etl.py
[2026-09-14T15:17:35.957+0000] {processor.py:925} INFO - DAG(s) 'weather_etl' retrieved from /opt/airflow/dags/weather_etl.py
[2026-09-14T15:17:36.064+0000] {logging_mixin.py:190} INFO - [2026-09-14T15:17:36.063+0000] {dag.py:3239} INFO - Sync 1 DAGs
[2026-09-14T15:17:36.144+0000] {logging_mixin.py:190} INFO - [2026-09-14T15:17:36.143+0000] {dag.py:4180} INFO - Setting next_dagrun for weather_etl to 2026-09-14 15:00:00+00:00, run_after=2026-09-14 16:00:00+00:00
[2026-09-14T15:17:36.213+0000] {processor.py:208} INFO - Processing /opt/airflow/dags/weather_etl.py took 1.876 seconds
[2026-09-14T15:18:06.854+0000] {processor.py:186} INFO - Started process (PID=853) to work on /opt/airflow/dags/weather_etl.py
[2026-09-14T15:18:06.857+0000] {processor.py:914} INFO - Processing file /opt/airflow/dags/weather_etl.py for tasks to queue
[2026-09-14T15:18:06.867+0000] {logging_mixin.py:190} INFO - [2026-09-14T15:18:06.866+0000] {dagbag.py:588} INFO - Filling up the DagBag from /opt/airflow/dags/weather_etl.py
[2026-09-14T15:18:08.683+0000] {processor.py:925} INFO - DAG(s) 'weather_etl' retrieved from /opt/airflow/dags/weather_etl.py
[2026-09-14T15:18:08.826+0000] {logging_mixin.py:190} INFO - [2026-09-14T15:18:08.826+0000] {dag.py:3239} INFO - Sync 1 DAGs
[2026-09-14T15:18:08.939+0000] {logging_mixin.py:190} INFO - [2026-09-14T15:18:08.938+0000] {dag.py:4180} INFO - Setting next_dagrun for weather_etl to 2026-09-14 15:00:00+00:00, run_after=2026-09-14 16:00:00+00:00
[2026-09-14T15:18:09.009+0000] {processor.py:208} INFO - Processing /opt/airflow/dags/weather_etl.py took 2.171 seconds
[2026-09-14T15:18:39.598+0000] {processor.py:186} INFO - Started process (PID=859) to work on /opt/airflow/dags/weather_etl.py
[2026-09-14T15:18:39.600+0000] {processor.py:914} INFO - Processing file /opt/airflow/dags/weather_etl.py for tasks to queue
[2026-09-14T15:18:39.608+0000] {logging_mixin.py:190} INFO - [2026-09-14T15:18:39.607+0000] {dagbag.py:588} INFO - Filling up the DagBag from /opt/airflow/dags/weather_etl.py
[2026-09-14T15:18:41.289+0000] {processor.py:925} INFO - DAG(s) 'weather_etl' retrieved from /opt/airflow/dags/weather_etl.py
[2026-09-14T15:18:41.397+0000] {logging_mixin.py:190} INFO - [2026-09-14T15:18:41.396+0000] {dag.py:3239} INFO - Sync 1 DAGs
[2026-09-14T15:18:41.484+0000] {logging_mixin.py:190} INFO - [2026-09-14T15:18:41.482+0000] {dag.py:4180} INFO - Setting next_dagrun for weather_etl to 2026-09-14 15:00:00+00:00, run_after=2026-09-14 16:00:00+00:00
[2026-09-14T15:18:41.564+0000] {processor.py:208} INFO - Processing /opt/airflow/dags/weather_etl.py took 1.986 seconds
[2026-09-14T15:19:12.150+0000] {processor.py:186} INFO - Started process (PID=865) to work on /opt/airflow/dags/weather_etl.py
[2026-09-14T15:19:12.152+0000] {processor.py:914} INFO - Processing file /opt/airflow/dags/weather_etl.py for tasks to queue
[2026-09-14T15:19:12.160+0000] {logging_mixin.py:190} INFO - [2026-09-14T15:19:12.159+0000] {dagbag.py:588} INFO - Filling up the DagBag from /opt/airflow/dags/weather_etl.py
[2026-09-14T15:19:14.071+0000] {processor.py:925} INFO - DAG(s) 'weather_etl' retrieved from /opt/airflow/dags/weather_etl.py
[2026-09-14T15:19:14.195+0000] {logging_mixin.py:190} INFO - [2026-09-14T15:19:14.195+0000] {dag.py:3239} INFO - Sync 1 DAGs
[2026-09-14T15:19:14.296+0000] {logging_mixin.py:190} INFO - [2026-09-14T15:19:14.296+0000] {dag.py:4180} INFO - Setting next_dagrun for weather_etl to 2026-09-14 15:00:00+00:00, run_after=2026-09-14 16:00:00+00:00
[2026-09-14T15:19:14.361+0000] {processor.py:208} INFO - Processing /opt/airflow/dags/weather_etl.py took 2.229 seconds
[2026-09-14T15:19:44.735+0000] {processor.py:186} INFO - Started process (PID=871) to work on /opt/airflow/dags/weather_etl.py
[2026-09-14T15:19:44.738+0000] {processor.py:914} INFO - Processing file /opt/airflow/dags/weather_etl.py for tasks to queue
[2026-09-14T15:19:44.744+0000] {logging_mixin.py:190} INFO - [2026-09-14T15:19:44.743+0000] {dagbag.py:588} INFO - Filling up the DagBag from /opt/airflow/dags/weather_etl.py
[2026-09-14T15:19:46.220+0000] {processor.py:925} INFO - DAG(s) 'weather_etl' retrieved from /opt/airflow/dags/weather_etl.py
[2026-09-14T15:19:46.321+0000] {logging_mixin.py:190} INFO - [2026-09-14T15:19:46.320+0000] {dag.py:3239} INFO - Sync 1 DAGs
[2026-09-14T15:19:46.419+0000] {logging_mixin.py:190} INFO - [2026-09-14T15:19:46.418+0000] {dag.py:4180} INFO - Setting next_dagrun for weather_etl to 2026-09-14 15:00:00+00:00, run_after=2026-09-14 16:00:00+00:00
[2026-09-14T15:19:46.489+0000] {processor.py:208} INFO - Processing /opt/airflow/dags/weather_etl.py took 1.782 seconds
[2026-09-14T15:20:17.110+0000] {processor.py:186} INFO - Started process (PID=877) to work on /opt/airflow/dags/weather_etl.py
[2026-09-14T15:20:17.114+0000] {processor.py:914} INFO - Processing file /opt/airflow/dags/weather_etl.py for tasks to queue
[2026-09-14T15:20:17.122+0000] {logging_mixin.py:190} INFO - [2026-09-14T15:20:17.122+0000] {dagbag.py:588} INFO - Filling up the DagBag from /opt/airflow/dags/weather_etl.py
[2026-09-14T15:20:18.527+0000] {processor.py:925} INFO - DAG(s) 'weather_etl' retrieved from /opt/airflow/dags/weather_etl.py
[2026-09-14T15:20:18.618+0000] {logging_mixin.py:190} INFO - [2026-09-14T15:20:18.618+0000] {dag.py:3239} INFO - Sync 1 DAGs
[2026-09-14T15:20:18.693+0000] {logging_mixin.py:190} INFO - [2026-09-14T15:20:18.693+0000] {dag.py:4180} INFO - Setting next_dagrun for weather_etl to 2026-09-14 15:00:00+00:00, run_after=2026-09-14 16:00:00+00:00
[2026-09-14T15:20:18.750+0000] {processor.py:208} INFO - Processing /opt/airflow/dags/weather_etl.py took 1.664 seconds
[2026-09-14T15:20:48.910+0000] {processor.py:186} INFO - Started process (PID=883) to work on /opt/airflow/dags/weather_etl.py
[2026-09-14T15:20:48.912+0000] {processor.py:914} INFO - Processing file /opt/airflow/dags/weather_etl.py for tasks to queue
[2026-09-14T15:20:48.920+0000] {logging_mixin.py:190} INFO - [2026-09-14T15:20:48.919+0000] {dagbag.py:588} INFO - Filling up the DagBag from /opt/airflow/dags/weather_etl.py
[2026-09-14T15:20:50.264+0000] {processor.py:925} INFO - DAG(s) 'weather_etl' retrieved from /opt/airflow/dags/weather_etl.py
[2026-09-14T15:20:50.344+0000] {logging_mixin.py:190} INFO - [2026-09-14T15:20:50.343+0000] {dag.py:3239} INFO - Sync 1 DAGs
[2026-09-14T15:20:50.416+0000] {logging_mixin.py:190} INFO - [2026-09-14T15:20:50.416+0000] {dag.py:4180} INFO - Setting next_dagrun for weather_etl to 2026-09-14 15:00:00+00:00, run_after=2026-09-14 16:00:00+00:00
[2026-09-14T15:20:50.476+0000] {processor.py:208} INFO - Processing /opt/airflow/dags/weather_etl.py took 1.584 seconds
[2026-09-14T15:21:20.787+0000] {processor.py:186} INFO - Started process (PID=889) to work on /opt/airflow/dags/weather_etl.py
[2026-09-14T15:21:20.790+0000] {processor.py:914} INFO - Processing file /opt/airflow/dags/weather_etl.py for tasks to queue
[2026-09-14T15:21:20.797+0000] {logging_mixin.py:190} INFO - [2026-09-14T15:21:20.796+0000] {dagbag.py:588} INFO - Filling up the DagBag from /opt/airflow/dags/weather_etl.py
[2026-09-14T15:21:22.240+0000] {processor.py:925} INFO - DAG(s) 'weather_etl' retrieved from /opt/airflow/dags/weather_etl.py
[2026-09-14T15:21:22.325+0000] {logging_mixin.py:190} INFO - [2026-09-14T15:21:22.325+0000] {dag.py:3239} INFO - Sync 1 DAGs
[2026-09-14T15:21:22.418+0000] {logging_mixin.py:190} INFO - [2026-09-14T15:21:22.418+0000] {dag.py:4180} INFO - Setting next_dagrun for weather_etl to 2026-09-14 15:00:00+00:00, run_after=2026-09-14 16:00:00+00:00
[2026-09-14T15:21:22.483+0000] {processor.py:208} INFO - Processing /opt/airflow/dags/weather_etl.py took 1.715 seconds
[2026-09-14T15:21:53.114+0000] {processor.py:186} INFO - Started process (PID=895) to work on /opt/airflow/dags/weather_etl.py
[2026-09-14T15:21:53.118+0000] {processor.py:914} INFO - Processing file /opt/airflow/dags/weather_etl.py for tasks to queue
[2026-09-14T15:21:53.126+0000] {logging_mixin.py:190} INFO - [2026-09-14T15:21:53.125+0000] {dagbag.py:588} INFO - Filling up the DagBag from /opt/airflow/dags/weather_etl.py
[2026-09-14T15:21:54.515+0000] {processor.py:925} INFO - DAG(s) 'weather_etl' retrieved from /opt/airflow/dags/weather_etl.py
[2026-09-14T15:21:54.612+0000] {logging_mixin.py:190} INFO - [2026-09-14T15:21:54.611+0000] {dag.py:3239} INFO - Sync 1 DAGs
[2026-09-14T15:21:54.695+0000] {logging_mixin.py:190} INFO - [2026-09-14T15:21:54.694+0000] {dag.py:4180} INFO - Setting next_dagrun for weather_etl to 2026-09-14 15:00:00+00:00, run_after=2026-09-14 16:00:00+00:00
[2026-09-14T15:21:54.757+0000] {processor.py:208} INFO - Processing /opt/airflow/dags/weather_etl.py took 1.665 seconds
[2026-09-14T15:22:25.098+0000] {processor.py:186} INFO - Started process (PID=901) to work on /opt/airflow/dags/weather_etl.py
[2026-09-14T15:22:25.108+0000] {processor.py:914} INFO - Processing file /opt/airflow/dags/weather_etl.py for tasks to queue
[2026-09-14T15:22:25.120+0000] {logging_mixin.py:190} INFO - [2026-09-14T15:22:25.119+0000] {dagbag.py:588} INFO - Filling up the DagBag from /opt/airflow/dags/weather_etl.py
[2026-09-14T15:22:27.608+0000] {processor.py:925} INFO - DAG(s) 'weather_etl' retrieved from /opt/airflow/dags/weather_etl.py
[2026-09-14T15:22:27.724+0000] {logging_mixin.py:190} INFO - [2026-09-14T15:22:27.723+0000] {dag.py:3239} INFO - Sync 1 DAGs
[2026-09-14T15:22:27.828+0000] {logging_mixin.py:190} INFO - [2026-09-14T15:22:27.827+0000] {dag.py:4180} INFO - Setting next_dagrun for weather_etl to 2026-09-14 15:00:00+00:00, run_after=2026-09-14 16:00:00+00:00
[2026-09-14T15:22:27.896+0000] {processor.py:208} INFO - Processing /opt/airflow/dags/weather_etl.py took 2.838 seconds
[2026-09-14T15:22:58.562+0000] {processor.py:186} INFO - Started process (PID=907) to work on /opt/airflow/dags/weather_etl.py
[2026-09-14T15:22:58.566+0000] {processor.py:914} INFO - Processing file /opt/airflow/dags/weather_etl.py for tasks to queue
[2026-09-14T15:22:58.572+0000] {logging_mixin.py:190} INFO - [2026-09-14T15:22:58.571+0000] {dagbag.py:588} INFO - Filling up the DagBag from /opt/airflow/dags/weather_etl.py
[2026-09-14T15:23:00.395+0000] {processor.py:925} INFO - DAG(s) 'weather_etl' retrieved from /opt/airflow/dags/weather_etl.py
[2026-09-14T15:23:00.506+0000] {logging_mixin.py:190} INFO - [2026-09-14T15:23:00.505+0000] {dag.py:3239} INFO - Sync 1 DAGs
[2026-09-14T15:23:00.608+0000] {logging_mixin.py:190} INFO - [2026-09-14T15:23:00.607+0000] {dag.py:4180} INFO - Setting next_dagrun for weather_etl to 2026-09-14 15:00:00+00:00, run_after=2026-09-14 16:00:00+00:00
[2026-09-14T15:23:00.688+0000] {processor.py:208} INFO - Processing /opt/airflow/dags/weather_etl.py took 2.142 seconds
[2026-09-14T15:23:31.177+0000] {processor.py:186} INFO - Started process (PID=913) to work on /opt/airflow/dags/weather_etl.py
[2026-09-14T15:23:31.180+0000] {processor.py:914} INFO - Processing file /opt/airflow/dags/weather_etl.py for tasks to queue
[2026-09-14T15:23:31.187+0000] {logging_mixin.py:190} INFO - [2026-09-14T15:23:31.186+0000] {dagbag.py:588} INFO - Filling up the DagBag from /opt/airflow/dags/weather_etl.py
[2026-09-14T15:23:33.072+0000] {processor.py:925} INFO - DAG(s) 'weather_etl' retrieved from /opt/airflow/dags/weather_etl.py
[2026-09-14T15:23:33.197+0000] {logging_mixin.py:190} INFO - [2026-09-14T15:23:33.195+0000] {dag.py:3239} INFO - Sync 1 DAGs
[2026-09-14T15:23:33.306+0000] {logging_mixin.py:190} INFO - [2026-09-14T15:23:33.305+0000] {dag.py:4180} INFO - Setting next_dagrun for weather_etl to 2026-09-14 15:00:00+00:00, run_after=2026-09-14 16:00:00+00:00
[2026-09-14T15:23:33.384+0000] {processor.py:208} INFO - Processing /opt/airflow/dags/weather_etl.py took 2.227 seconds
[2026-09-14T15:24:04.040+0000] {processor.py:186} INFO - Started process (PID=919) to work on /opt/airflow/dags/weather_etl.py
[2026-09-14T15:24:04.045+0000] {processor.py:914} INFO - Processing file /opt/airflow/dags/weather_etl.py for tasks to queue
[2026-09-14T15:24:04.072+0000] {logging_mixin.py:190} INFO - [2026-09-14T15:24:04.063+0000] {dagbag.py:588} INFO - Filling up the DagBag from /opt/airflow/dags/weather_etl.py
[2026-09-14T15:24:08.477+0000] {processor.py:925} INFO - DAG(s) 'weather_etl' retrieved from /opt/airflow/dags/weather_etl.py
[2026-09-14T15:24:08.720+0000] {logging_mixin.py:190} INFO - [2026-09-14T15:24:08.719+0000] {dag.py:3239} INFO - Sync 1 DAGs
[2026-09-14T15:24:08.942+0000] {logging_mixin.py:190} INFO - [2026-09-14T15:24:08.942+0000] {dag.py:4180} INFO - Setting next_dagrun for weather_etl to 2026-09-14 15:00:00+00:00, run_after=2026-09-14 16:00:00+00:00
[2026-09-14T15:24:09.084+0000] {processor.py:208} INFO - Processing /opt/airflow/dags/weather_etl.py took 5.095 seconds
[2026-09-14T15:24:39.700+0000] {processor.py:186} INFO - Started process (PID=925) to work on /opt/airflow/dags/weather_etl.py
[2026-09-14T15:24:39.703+0000] {processor.py:914} INFO - Processing file /opt/airflow/dags/weather_etl.py for tasks to queue
[2026-09-14T15:24:39.712+0000] {logging_mixin.py:190} INFO - [2026-09-14T15:24:39.711+0000] {dagbag.py:588} INFO - Filling up the DagBag from /opt/airflow/dags/weather_etl.py
[2026-09-14T15:24:41.294+0000] {processor.py:925} INFO - DAG(s) 'weather_etl' retrieved from /opt/airflow/dags/weather_etl.py
[2026-09-14T15:24:41.383+0000] {logging_mixin.py:190} INFO - [2026-09-14T15:24:41.382+0000] {dag.py:3239} INFO - Sync 1 DAGs
[2026-09-14T15:24:41.463+0000] {logging_mixin.py:190} INFO - [2026-09-14T15:24:41.462+0000] {dag.py:4180} INFO - Setting next_dagrun for weather_etl to 2026-09-14 15:00:00+00:00, run_after=2026-09-14 16:00:00+00:00
[2026-09-14T15:24:41.526+0000] {processor.py:208} INFO - Processing /opt/airflow/dags/weather_etl.py took 1.847 seconds
[2026-09-14T15:25:12.193+0000] {processor.py:186} INFO - Started process (PID=931) to work on /opt/airflow/dags/weather_etl.py
[2026-09-14T15:25:12.196+0000] {processor.py:914} INFO - Processing file /opt/airflow/dags/weather_etl.py for tasks to queue
[2026-09-14T15:25:12.204+0000] {logging_mixin.py:190} INFO - [2026-09-14T15:25:12.203+0000] {dagbag.py:588} INFO - Filling up the DagBag from /opt/airflow/dags/weather_etl.py
[2026-09-14T15:25:13.954+0000] {processor.py:925} INFO - DAG(s) 'weather_etl' retrieved from /opt/airflow/dags/weather_etl.py
[2026-09-14T15:25:14.051+0000] {logging_mixin.py:190} INFO - [2026-09-14T15:25:14.050+0000] {dag.py:3239} INFO - Sync 1 DAGs
[2026-09-14T15:25:14.153+0000] {logging_mixin.py:190} INFO - [2026-09-14T15:25:14.152+0000] {dag.py:4180} INFO - Setting next_dagrun for weather_etl to 2026-09-14 15:00:00+00:00, run_after=2026-09-14 16:00:00+00:00
[2026-09-14T15:25:14.241+0000] {processor.py:208} INFO - Processing /opt/airflow/dags/weather_etl.py took 2.070 seconds
[2026-09-14T15:25:44.712+0000] {processor.py:186} INFO - Started process (PID=937) to work on /opt/airflow/dags/weather_etl.py
[2026-09-14T15:25:44.715+0000] {processor.py:914} INFO - Processing file /opt/airflow/dags/weather_etl.py for tasks to queue
[2026-09-14T15:25:44.726+0000] {logging_mixin.py:190} INFO - [2026-09-14T15:25:44.724+0000] {dagbag.py:588} INFO - Filling up the DagBag from /opt/airflow/dags/weather_etl.py
[2026-09-14T15:25:46.307+0000] {processor.py:925} INFO - DAG(s) 'weather_etl' retrieved from /opt/airflow/dags/weather_etl.py
[2026-09-14T15:25:46.416+0000] {logging_mixin.py:190} INFO - [2026-09-14T15:25:46.415+0000] {dag.py:3239} INFO - Sync 1 DAGs
[2026-09-14T15:25:46.502+0000] {logging_mixin.py:190} INFO - [2026-09-14T15:25:46.502+0000] {dag.py:4180} INFO - Setting next_dagrun for weather_etl to 2026-09-14 15:00:00+00:00, run_after=2026-09-14 16:00:00+00:00
[2026-09-14T15:25:46.567+0000] {processor.py:208} INFO - Processing /opt/airflow/dags/weather_etl.py took 1.877 seconds
[2026-09-14T15:26:17.146+0000] {processor.py:186} INFO - Started process (PID=943) to work on /opt/airflow/dags/weather_etl.py
[2026-09-14T15:26:17.149+0000] {processor.py:914} INFO - Processing file /opt/airflow/dags/weather_etl.py for tasks to queue
[2026-09-14T15:26:17.157+0000] {logging_mixin.py:190} INFO - [2026-09-14T15:26:17.156+0000] {dagbag.py:588} INFO - Filling up the DagBag from /opt/airflow/dags/weather_etl.py
[2026-09-14T15:26:18.526+0000] {processor.py:925} INFO - DAG(s) 'weather_etl' retrieved from /opt/airflow/dags/weather_etl.py
[2026-09-14T15:26:18.626+0000] {logging_mixin.py:190} INFO - [2026-09-14T15:26:18.625+0000] {dag.py:3239} INFO - Sync 1 DAGs
[2026-09-14T15:26:18.700+0000] {logging_mixin.py:190} INFO - [2026-09-14T15:26:18.699+0000] {dag.py:4180} INFO - Setting next_dagrun for weather_etl to 2026-09-14 15:00:00+00:00, run_after=2026-09-14 16:00:00+00:00
[2026-09-14T15:26:18.762+0000] {processor.py:208} INFO - Processing /opt/airflow/dags/weather_etl.py took 1.639 seconds
[2026-09-14T15:26:49.346+0000] {processor.py:186} INFO - Started process (PID=949) to work on /opt/airflow/dags/weather_etl.py
[2026-09-14T15:26:49.349+0000] {processor.py:914} INFO - Processing file /opt/airflow/dags/weather_etl.py for tasks to queue
[2026-09-14T15:26:49.355+0000] {logging_mixin.py:190} INFO - [2026-09-14T15:26:49.354+0000] {dagbag.py:588} INFO - Filling up the DagBag from /opt/airflow/dags/weather_etl.py
[2026-09-14T15:26:50.740+0000] {processor.py:925} INFO - DAG(s) 'weather_etl' retrieved from /opt/airflow/dags/weather_etl.py
[2026-09-14T15:26:50.841+0000] {logging_mixin.py:190} INFO - [2026-09-14T15:26:50.840+0000] {dag.py:3239} INFO - Sync 1 DAGs
[2026-09-14T15:26:50.927+0000] {logging_mixin.py:190} INFO - [2026-09-14T15:26:50.926+0000] {dag.py:4180} INFO - Setting next_dagrun for weather_etl to 2026-09-14 15:00:00+00:00, run_after=2026-09-14 16:00:00+00:00
[2026-09-14T15:26:50.992+0000] {processor.py:208} INFO - Processing /opt/airflow/dags/weather_etl.py took 1.659 seconds
[2026-09-14T15:27:21.180+0000] {processor.py:186} INFO - Started process (PID=955) to work on /opt/airflow/dags/weather_etl.py
[2026-09-14T15:27:21.183+0000] {processor.py:914} INFO - Processing file /opt/airflow/dags/weather_etl.py for tasks to queue
[2026-09-14T15:27:21.191+0000] {logging_mixin.py:190} INFO - [2026-09-14T15:27:21.190+0000] {dagbag.py:588} INFO - Filling up the DagBag from /opt/airflow/dags/weather_etl.py
[2026-09-14T15:27:22.584+0000] {processor.py:925} INFO - DAG(s) 'weather_etl' retrieved from /opt/airflow/dags/weather_etl.py
[2026-09-14T15:27:22.660+0000] {logging_mixin.py:190} INFO - [2026-09-14T15:27:22.660+0000] {dag.py:3239} INFO - Sync 1 DAGs
[2026-09-14T15:27:22.734+0000] {logging_mixin.py:190} INFO - [2026-09-14T15:27:22.734+0000] {dag.py:4180} INFO - Setting next_dagrun for weather_etl to 2026-09-14 15:00:00+00:00, run_after=2026-09-14 16:00:00+00:00
[2026-09-14T15:27:22.792+0000] {processor.py:208} INFO - Processing /opt/airflow/dags/weather_etl.py took 1.633 seconds
[2026-09-14T15:27:53.003+0000] {processor.py:186} INFO - Started process (PID=961) to work on /opt/airflow/dags/weather_etl.py
[2026-09-14T15:27:53.006+0000] {processor.py:914} INFO - Processing file /opt/airflow/dags/weather_etl.py for tasks to queue
[2026-09-14T15:27:53.012+0000] {logging_mixin.py:190} INFO - [2026-09-14T15:27:53.012+0000] {dagbag.py:588} INFO - Filling up the DagBag from /opt/airflow/dags/weather_etl.py
[2026-09-14T15:27:54.296+0000] {processor.py:925} INFO - DAG(s) 'weather_etl' retrieved from /opt/airflow/dags/weather_etl.py
[2026-09-14T15:27:54.394+0000] {logging_mixin.py:190} INFO - [2026-09-14T15:27:54.393+0000] {dag.py:3239} INFO - Sync 1 DAGs
[2026-09-14T15:27:54.475+0000] {logging_mixin.py:190} INFO - [2026-09-14T15:27:54.474+0000] {dag.py:4180} INFO - Setting next_dagrun for weather_etl to 2026-09-14 15:00:00+00:00, run_after=2026-09-14 16:00:00+00:00
[2026-09-14T15:27:54.539+0000] {processor.py:208} INFO - Processing /opt/airflow/dags/weather_etl.py took 1.557 seconds
[2026-09-14T15:28:24.801+0000] {processor.py:186} INFO - Started process (PID=967) to work on /opt/airflow/dags/weather_etl.py
[2026-09-14T15:28:24.804+0000] {processor.py:914} INFO - Processing file /opt/airflow/dags/weather_etl.py for tasks to queue
[2026-09-14T15:28:24.812+0000] {logging_mixin.py:190} INFO - [2026-09-14T15:28:24.811+0000] {dagbag.py:588} INFO - Filling up the DagBag from /opt/airflow/dags/weather_etl.py
[2026-09-14T15:28:26.139+0000] {processor.py:925} INFO - DAG(s) 'weather_etl' retrieved from /opt/airflow/dags/weather_etl.py
[2026-09-14T15:28:26.250+0000] {logging_mixin.py:190} INFO - [2026-09-14T15:28:26.249+0000] {dag.py:3239} INFO - Sync 1 DAGs
[2026-09-14T15:28:26.338+0000] {logging_mixin.py:190} INFO - [2026-09-14T15:28:26.337+0000] {dag.py:4180} INFO - Setting next_dagrun for weather_etl to 2026-09-14 15:00:00+00:00, run_after=2026-09-14 16:00:00+00:00
[2026-09-14T15:28:26.402+0000] {processor.py:208} INFO - Processing /opt/airflow/dags/weather_etl.py took 1.620 seconds
[2026-09-14T15:28:56.634+0000] {processor.py:186} INFO - Started process (PID=973) to work on /opt/airflow/dags/weather_etl.py
[2026-09-14T15:28:56.638+0000] {processor.py:914} INFO - Processing file /opt/airflow/dags/weather_etl.py for tasks to queue
[2026-09-14T15:28:56.646+0000] {logging_mixin.py:190} INFO - [2026-09-14T15:28:56.645+0000] {dagbag.py:588} INFO - Filling up the DagBag from /opt/airflow/dags/weather_etl.py
[2026-09-14T15:28:58.024+0000] {processor.py:925} INFO - DAG(s) 'weather_etl' retrieved from /opt/airflow/dags/weather_etl.py
[2026-09-14T15:28:58.127+0000] {logging_mixin.py:190} INFO - [2026-09-14T15:28:58.126+0000] {dag.py:3239} INFO - Sync 1 DAGs
[2026-09-14T15:28:58.202+0000] {logging_mixin.py:190} INFO - [2026-09-14T15:28:58.202+0000] {dag.py:4180} INFO - Setting next_dagrun for weather_etl to 2026-09-14 15:00:00+00:00, run_after=2026-09-14 16:00:00+00:00
[2026-09-14T15:28:58.255+0000] {processor.py:208} INFO - Processing /opt/airflow/dags/weather_etl.py took 1.642 seconds
[2026-09-14T15:29:28.804+0000] {processor.py:186} INFO - Started process (PID=979) to work on /opt/airflow/dags/weather_etl.py
[2026-09-14T15:29:28.809+0000] {processor.py:914} INFO - Processing file /opt/airflow/dags/weather_etl.py for tasks to queue
[2026-09-14T15:29:28.814+0000] {logging_mixin.py:190} INFO - [2026-09-14T15:29:28.814+0000] {dagbag.py:588} INFO - Filling up the DagBag from /opt/airflow/dags/weather_etl.py
[2026-09-14T15:29:30.255+0000] {processor.py:925} INFO - DAG(s) 'weather_etl' retrieved from /opt/airflow/dags/weather_etl.py
[2026-09-14T15:29:30.353+0000] {logging_mixin.py:190} INFO - [2026-09-14T15:29:30.352+0000] {dag.py:3239} INFO - Sync 1 DAGs
[2026-09-14T15:29:30.426+0000] {logging_mixin.py:190} INFO - [2026-09-14T15:29:30.426+0000] {dag.py:4180} INFO - Setting next_dagrun for weather_etl to 2026-09-14 15:00:00+00:00, run_after=2026-09-14 16:00:00+00:00
[2026-09-14T15:29:30.485+0000] {processor.py:208} INFO - Processing /opt/airflow/dags/weather_etl.py took 1.700 seconds
[2026-09-14T15:30:00.824+0000] {processor.py:186} INFO - Started process (PID=985) to work on /opt/airflow/dags/weather_etl.py
[2026-09-14T15:30:00.827+0000] {processor.py:914} INFO - Processing file /opt/airflow/dags/weather_etl.py for tasks to queue
[2026-09-14T15:30:00.834+0000] {logging_mixin.py:190} INFO - [2026-09-14T15:30:00.834+0000] {dagbag.py:588} INFO - Filling up the DagBag from /opt/airflow/dags/weather_etl.py
[2026-09-14T15:30:02.292+0000] {processor.py:925} INFO - DAG(s) 'weather_etl' retrieved from /opt/airflow/dags/weather_etl.py
[2026-09-14T15:30:02.405+0000] {logging_mixin.py:190} INFO - [2026-09-14T15:30:02.404+0000] {dag.py:3239} INFO - Sync 1 DAGs
[2026-09-14T15:30:02.530+0000] {logging_mixin.py:190} INFO - [2026-09-14T15:30:02.529+0000] {dag.py:4180} INFO - Setting next_dagrun for weather_etl to 2026-09-14 15:00:00+00:00, run_after=2026-09-14 16:00:00+00:00
[2026-09-14T15:30:02.595+0000] {processor.py:208} INFO - Processing /opt/airflow/dags/weather_etl.py took 1.789 seconds
[2026-09-14T15:30:33.185+0000] {processor.py:186} INFO - Started process (PID=991) to work on /opt/airflow/dags/weather_etl.py
[2026-09-14T15:30:33.188+0000] {processor.py:914} INFO - Processing file /opt/airflow/dags/weather_etl.py for tasks to queue
[2026-09-14T15:30:33.197+0000] {logging_mixin.py:190} INFO - [2026-09-14T15:30:33.196+0000] {dagbag.py:588} INFO - Filling up the DagBag from /opt/airflow/dags/weather_etl.py
[2026-09-14T15:30:34.562+0000] {processor.py:925} INFO - DAG(s) 'weather_etl' retrieved from /opt/airflow/dags/weather_etl.py
[2026-09-14T15:30:34.665+0000] {logging_mixin.py:190} INFO - [2026-09-14T15:30:34.664+0000] {dag.py:3239} INFO - Sync 1 DAGs
[2026-09-14T15:30:34.761+0000] {logging_mixin.py:190} INFO - [2026-09-14T15:30:34.760+0000] {dag.py:4180} INFO - Setting next_dagrun for weather_etl to 2026-09-14 15:00:00+00:00, run_after=2026-09-14 16:00:00+00:00
[2026-09-14T15:30:34.830+0000] {processor.py:208} INFO - Processing /opt/airflow/dags/weather_etl.py took 1.661 seconds
[2026-09-14T15:31:05.394+0000] {processor.py:186} INFO - Started process (PID=997) to work on /opt/airflow/dags/weather_etl.py
[2026-09-14T15:31:05.397+0000] {processor.py:914} INFO - Processing file /opt/airflow/dags/weather_etl.py for tasks to queue
[2026-09-14T15:31:05.404+0000] {logging_mixin.py:190} INFO - [2026-09-14T15:31:05.403+0000] {dagbag.py:588} INFO - Filling up the DagBag from /opt/airflow/dags/weather_etl.py
[2026-09-14T15:31:06.673+0000] {processor.py:925} INFO - DAG(s) 'weather_etl' retrieved from /opt/airflow/dags/weather_etl.py
[2026-09-14T15:31:06.757+0000] {logging_mixin.py:190} INFO - [2026-09-14T15:31:06.756+0000] {dag.py:3239} INFO - Sync 1 DAGs
[2026-09-14T15:31:06.829+0000] {logging_mixin.py:190} INFO - [2026-09-14T15:31:06.829+0000] {dag.py:4180} INFO - Setting next_dagrun for weather_etl to 2026-09-14 15:00:00+00:00, run_after=2026-09-14 16:00:00+00:00
[2026-09-14T15:31:06.884+0000] {processor.py:208} INFO - Processing /opt/airflow/dags/weather_etl.py took 1.508 seconds
[2026-09-14T15:31:37.383+0000] {processor.py:186} INFO - Started process (PID=1003) to work on /opt/airflow/dags/weather_etl.py
[2026-09-14T15:31:37.386+0000] {processor.py:914} INFO - Processing file /opt/airflow/dags/weather_etl.py for tasks to queue
[2026-09-14T15:31:37.392+0000] {logging_mixin.py:190} INFO - [2026-09-14T15:31:37.391+0000] {dagbag.py:588} INFO - Filling up the DagBag from /opt/airflow/dags/weather_etl.py
[2026-09-14T15:31:38.845+0000] {processor.py:925} INFO - DAG(s) 'weather_etl' retrieved from /opt/airflow/dags/weather_etl.py
[2026-09-14T15:31:38.934+0000] {logging_mixin.py:190} INFO - [2026-09-14T15:31:38.933+0000] {dag.py:3239} INFO - Sync 1 DAGs
[2026-09-14T15:31:39.015+0000] {logging_mixin.py:190} INFO - [2026-09-14T15:31:39.015+0000] {dag.py:4180} INFO - Setting next_dagrun for weather_etl to 2026-09-14 15:00:00+00:00, run_after=2026-09-14 16:00:00+00:00
[2026-09-14T15:31:39.117+0000] {processor.py:208} INFO - Processing /opt/airflow/dags/weather_etl.py took 1.752 seconds
[2026-09-14T15:32:09.701+0000] {processor.py:186} INFO - Started process (PID=1009) to work on /opt/airflow/dags/weather_etl.py
[2026-09-14T15:32:09.705+0000] {processor.py:914} INFO - Processing file /opt/airflow/dags/weather_etl.py for tasks to queue
[2026-09-14T15:32:09.712+0000] {logging_mixin.py:190} INFO - [2026-09-14T15:32:09.711+0000] {dagbag.py:588} INFO - Filling up the DagBag from /opt/airflow/dags/weather_etl.py
[2026-09-14T15:32:11.042+0000] {processor.py:925} INFO - DAG(s) 'weather_etl' retrieved from /opt/airflow/dags/weather_etl.py
[2026-09-14T15:32:11.134+0000] {logging_mixin.py:190} INFO - [2026-09-14T15:32:11.133+0000] {dag.py:3239} INFO - Sync 1 DAGs
[2026-09-14T15:32:11.216+0000] {logging_mixin.py:190} INFO - [2026-09-14T15:32:11.216+0000] {dag.py:4180} INFO - Setting next_dagrun for weather_etl to 2026-09-14 15:00:00+00:00, run_after=2026-09-14 16:00:00+00:00
[2026-09-14T15:32:11.281+0000] {processor.py:208} INFO - Processing /opt/airflow/dags/weather_etl.py took 1.606 seconds
[2026-09-14T15:32:41.868+0000] {processor.py:186} INFO - Started process (PID=1015) to work on /opt/airflow/dags/weather_etl.py
[2026-09-14T15:32:41.871+0000] {processor.py:914} INFO - Processing file /opt/airflow/dags/weather_etl.py for tasks to queue
[2026-09-14T15:32:41.877+0000] {logging_mixin.py:190} INFO - [2026-09-14T15:32:41.876+0000] {dagbag.py:588} INFO - Filling up the DagBag from /opt/airflow/dags/weather_etl.py
[2026-09-14T15:32:43.164+0000] {processor.py:925} INFO - DAG(s) 'weather_etl' retrieved from /opt/airflow/dags/weather_etl.py
[2026-09-14T15:32:43.256+0000] {logging_mixin.py:190} INFO - [2026-09-14T15:32:43.256+0000] {dag.py:3239} INFO - Sync 1 DAGs
[2026-09-14T15:32:43.352+0000] {logging_mixin.py:190} INFO - [2026-09-14T15:32:43.351+0000] {dag.py:4180} INFO - Setting next_dagrun for weather_etl to 2026-09-14 15:00:00+00:00, run_after=2026-09-14 16:00:00+00:00
[2026-09-14T15:32:43.419+0000] {processor.py:208} INFO - Processing /opt/airflow/dags/weather_etl.py took 1.570 seconds
[2026-09-14T15:33:13.779+0000] {processor.py:186} INFO - Started process (PID=1021) to work on /opt/airflow/dags/weather_etl.py
[2026-09-14T15:33:13.783+0000] {processor.py:914} INFO - Processing file /opt/airflow/dags/weather_etl.py for tasks to queue
[2026-09-14T15:33:13.791+0000] {logging_mixin.py:190} INFO - [2026-09-14T15:33:13.790+0000] {dagbag.py:588} INFO - Filling up the DagBag from /opt/airflow/dags/weather_etl.py
[2026-09-14T15:33:15.065+0000] {processor.py:925} INFO - DAG(s) 'weather_etl' retrieved from /opt/airflow/dags/weather_etl.py
[2026-09-14T15:33:15.152+0000] {logging_mixin.py:190} INFO - [2026-09-14T15:33:15.151+0000] {dag.py:3239} INFO - Sync 1 DAGs
[2026-09-14T15:33:15.239+0000] {logging_mixin.py:190} INFO - [2026-09-14T15:33:15.238+0000] {dag.py:4180} INFO - Setting next_dagrun for weather_etl to 2026-09-14 15:00:00+00:00, run_after=2026-09-14 16:00:00+00:00
[2026-09-14T15:33:15.297+0000] {processor.py:208} INFO - Processing /opt/airflow/dags/weather_etl.py took 1.540 seconds
[2026-09-14T15:33:45.495+0000] {processor.py:186} INFO - Started process (PID=1027) to work on /opt/airflow/dags/weather_etl.py
[2026-09-14T15:33:45.498+0000] {processor.py:914} INFO - Processing file /opt/airflow/dags/weather_etl.py for tasks to queue
[2026-09-14T15:33:45.505+0000] {logging_mixin.py:190} INFO - [2026-09-14T15:33:45.504+0000] {dagbag.py:588} INFO - Filling up the DagBag from /opt/airflow/dags/weather_etl.py
[2026-09-14T15:33:46.849+0000] {processor.py:925} INFO - DAG(s) 'weather_etl' retrieved from /opt/airflow/dags/weather_etl.py
[2026-09-14T15:33:46.945+0000] {logging_mixin.py:190} INFO - [2026-09-14T15:33:46.944+0000] {dag.py:3239} INFO - Sync 1 DAGs
[2026-09-14T15:33:47.020+0000] {logging_mixin.py:190} INFO - [2026-09-14T15:33:47.019+0000] {dag.py:4180} INFO - Setting next_dagrun for weather_etl to 2026-09-14 15:00:00+00:00, run_after=2026-09-14 16:00:00+00:00
[2026-09-14T15:33:47.080+0000] {processor.py:208} INFO - Processing /opt/airflow/dags/weather_etl.py took 1.599 seconds
[2026-09-14T15:34:17.279+0000] {processor.py:186} INFO - Started process (PID=1033) to work on /opt/airflow/dags/weather_etl.py
[2026-09-14T15:34:17.283+0000] {processor.py:914} INFO - Processing file /opt/airflow/dags/weather_etl.py for tasks to queue
[2026-09-14T15:34:17.291+0000] {logging_mixin.py:190} INFO - [2026-09-14T15:34:17.290+0000] {dagbag.py:588} INFO - Filling up the DagBag from /opt/airflow/dags/weather_etl.py
[2026-09-14T15:34:18.716+0000] {processor.py:925} INFO - DAG(s) 'weather_etl' retrieved from /opt/airflow/dags/weather_etl.py
[2026-09-14T15:34:18.815+0000] {logging_mixin.py:190} INFO - [2026-09-14T15:34:18.815+0000] {dag.py:3239} INFO - Sync 1 DAGs
[2026-09-14T15:34:18.901+0000] {logging_mixin.py:190} INFO - [2026-09-14T15:34:18.900+0000] {dag.py:4180} INFO - Setting next_dagrun for weather_etl to 2026-09-14 15:00:00+00:00, run_after=2026-09-14 16:00:00+00:00
[2026-09-14T15:34:18.968+0000] {processor.py:208} INFO - Processing /opt/airflow/dags/weather_etl.py took 1.714 seconds
[2026-09-14T15:34:49.517+0000] {processor.py:186} INFO - Started process (PID=1039) to work on /opt/airflow/dags/weather_etl.py
[2026-09-14T15:34:49.520+0000] {processor.py:914} INFO - Processing file /opt/airflow/dags/weather_etl.py for tasks to queue
[2026-09-14T15:34:49.527+0000] {logging_mixin.py:190} INFO - [2026-09-14T15:34:49.527+0000] {dagbag.py:588} INFO - Filling up the DagBag from /opt/airflow/dags/weather_etl.py
[2026-09-14T15:34:50.939+0000] {processor.py:925} INFO - DAG(s) 'weather_etl' retrieved from /opt/airflow/dags/weather_etl.py
[2026-09-14T15:34:51.025+0000] {logging_mixin.py:190} INFO - [2026-09-14T15:34:51.024+0000] {dag.py:3239} INFO - Sync 1 DAGs
[2026-09-14T15:34:51.106+0000] {logging_mixin.py:190} INFO - [2026-09-14T15:34:51.105+0000] {dag.py:4180} INFO - Setting next_dagrun for weather_etl to 2026-09-14 15:00:00+00:00, run_after=2026-09-14 16:00:00+00:00
[2026-09-14T15:34:51.164+0000] {processor.py:208} INFO - Processing /opt/airflow/dags/weather_etl.py took 1.665 seconds
[2026-09-14T15:35:21.511+0000] {processor.py:186} INFO - Started process (PID=1045) to work on /opt/airflow/dags/weather_etl.py
[2026-09-14T15:35:21.514+0000] {processor.py:914} INFO - Processing file /opt/airflow/dags/weather_etl.py for tasks to queue
[2026-09-14T15:35:21.521+0000] {logging_mixin.py:190} INFO - [2026-09-14T15:35:21.520+0000] {dagbag.py:588} INFO - Filling up the DagBag from /opt/airflow/dags/weather_etl.py
[2026-09-14T15:35:22.761+0000] {processor.py:925} INFO - DAG(s) 'weather_etl' retrieved from /opt/airflow/dags/weather_etl.py
[2026-09-14T15:35:22.843+0000] {logging_mixin.py:190} INFO - [2026-09-14T15:35:22.842+0000] {dag.py:3239} INFO - Sync 1 DAGs
[2026-09-14T15:35:22.919+0000] {logging_mixin.py:190} INFO - [2026-09-14T15:35:22.918+0000] {dag.py:4180} INFO - Setting next_dagrun for weather_etl to 2026-09-14 15:00:00+00:00, run_after=2026-09-14 16:00:00+00:00
[2026-09-14T15:35:22.977+0000] {processor.py:208} INFO - Processing /opt/airflow/dags/weather_etl.py took 1.485 seconds
[2026-09-14T15:35:53.145+0000] {processor.py:186} INFO - Started process (PID=1051) to work on /opt/airflow/dags/weather_etl.py
[2026-09-14T15:35:53.148+0000] {processor.py:914} INFO - Processing file /opt/airflow/dags/weather_etl.py for tasks to queue
[2026-09-14T15:35:53.154+0000] {logging_mixin.py:190} INFO - [2026-09-14T15:35:53.154+0000] {dagbag.py:588} INFO - Filling up the DagBag from /opt/airflow/dags/weather_etl.py
[2026-09-14T15:35:54.370+0000] {processor.py:925} INFO - DAG(s) 'weather_etl' retrieved from /opt/airflow/dags/weather_etl.py
[2026-09-14T15:35:54.470+0000] {logging_mixin.py:190} INFO - [2026-09-14T15:35:54.469+0000] {dag.py:3239} INFO - Sync 1 DAGs
[2026-09-14T15:35:54.552+0000] {logging_mixin.py:190} INFO - [2026-09-14T15:35:54.552+0000] {dag.py:4180} INFO - Setting next_dagrun for weather_etl to 2026-09-14 15:00:00+00:00, run_after=2026-09-14 16:00:00+00:00
[2026-09-14T15:35:54.615+0000] {processor.py:208} INFO - Processing /opt/airflow/dags/weather_etl.py took 1.489 seconds
[2026-09-14T15:36:24.972+0000] {processor.py:186} INFO - Started process (PID=1057) to work on /opt/airflow/dags/weather_etl.py
[2026-09-14T15:36:24.975+0000] {processor.py:914} INFO - Processing file /opt/airflow/dags/weather_etl.py for tasks to queue
[2026-09-14T15:36:24.984+0000] {logging_mixin.py:190} INFO - [2026-09-14T15:36:24.982+0000] {dagbag.py:588} INFO - Filling up the DagBag from /opt/airflow/dags/weather_etl.py
[2026-09-14T15:36:26.269+0000] {processor.py:925} INFO - DAG(s) 'weather_etl' retrieved from /opt/airflow/dags/weather_etl.py
[2026-09-14T15:36:26.356+0000] {logging_mixin.py:190} INFO - [2026-09-14T15:36:26.355+0000] {dag.py:3239} INFO - Sync 1 DAGs
[2026-09-14T15:36:26.431+0000] {logging_mixin.py:190} INFO - [2026-09-14T15:36:26.431+0000] {dag.py:4180} INFO - Setting next_dagrun for weather_etl to 2026-09-14 15:00:00+00:00, run_after=2026-09-14 16:00:00+00:00
[2026-09-14T15:36:26.491+0000] {processor.py:208} INFO - Processing /opt/airflow/dags/weather_etl.py took 1.538 seconds
[2026-09-14T15:36:57.037+0000] {processor.py:186} INFO - Started process (PID=1063) to work on /opt/airflow/dags/weather_etl.py
[2026-09-14T15:36:57.040+0000] {processor.py:914} INFO - Processing file /opt/airflow/dags/weather_etl.py for tasks to queue
[2026-09-14T15:36:57.046+0000] {logging_mixin.py:190} INFO - [2026-09-14T15:36:57.045+0000] {dagbag.py:588} INFO - Filling up the DagBag from /opt/airflow/dags/weather_etl.py
[2026-09-14T15:36:58.333+0000] {processor.py:925} INFO - DAG(s) 'weather_etl' retrieved from /opt/airflow/dags/weather_etl.py
[2026-09-14T15:36:58.423+0000] {logging_mixin.py:190} INFO - [2026-09-14T15:36:58.423+0000] {dag.py:3239} INFO - Sync 1 DAGs
[2026-09-14T15:36:58.500+0000] {logging_mixin.py:190} INFO - [2026-09-14T15:36:58.499+0000] {dag.py:4180} INFO - Setting next_dagrun for weather_etl to 2026-09-14 15:00:00+00:00, run_after=2026-09-14 16:00:00+00:00
[2026-09-14T15:36:58.560+0000] {processor.py:208} INFO - Processing /opt/airflow/dags/weather_etl.py took 1.542 seconds
[2026-09-14T15:37:29.051+0000] {processor.py:186} INFO - Started process (PID=1069) to work on /opt/airflow/dags/weather_etl.py
[2026-09-14T15:37:29.054+0000] {processor.py:914} INFO - Processing file /opt/airflow/dags/weather_etl.py for tasks to queue
[2026-09-14T15:37:29.061+0000] {logging_mixin.py:190} INFO - [2026-09-14T15:37:29.060+0000] {dagbag.py:588} INFO - Filling up the DagBag from /opt/airflow/dags/weather_etl.py
[2026-09-14T15:37:30.364+0000] {processor.py:925} INFO - DAG(s) 'weather_etl' retrieved from /opt/airflow/dags/weather_etl.py
[2026-09-14T15:37:30.445+0000] {logging_mixin.py:190} INFO - [2026-09-14T15:37:30.444+0000] {dag.py:3239} INFO - Sync 1 DAGs
[2026-09-14T15:37:30.530+0000] {logging_mixin.py:190} INFO - [2026-09-14T15:37:30.529+0000] {dag.py:4180} INFO - Setting next_dagrun for weather_etl to 2026-09-14 15:00:00+00:00, run_after=2026-09-14 16:00:00+00:00
[2026-09-14T15:37:30.591+0000] {processor.py:208} INFO - Processing /opt/airflow/dags/weather_etl.py took 1.559 seconds
[2026-09-14T15:38:01.152+0000] {processor.py:186} INFO - Started process (PID=1075) to work on /opt/airflow/dags/weather_etl.py
[2026-09-14T15:38:01.156+0000] {processor.py:914} INFO - Processing file /opt/airflow/dags/weather_etl.py for tasks to queue
[2026-09-14T15:38:01.164+0000] {logging_mixin.py:190} INFO - [2026-09-14T15:38:01.162+0000] {dagbag.py:588} INFO - Filling up the DagBag from /opt/airflow/dags/weather_etl.py
[2026-09-14T15:38:02.404+0000] {processor.py:925} INFO - DAG(s) 'weather_etl' retrieved from /opt/airflow/dags/weather_etl.py
[2026-09-14T15:38:02.490+0000] {logging_mixin.py:190} INFO - [2026-09-14T15:38:02.490+0000] {dag.py:3239} INFO - Sync 1 DAGs
[2026-09-14T15:38:02.571+0000] {logging_mixin.py:190} INFO - [2026-09-14T15:38:02.571+0000] {dag.py:4180} INFO - Setting next_dagrun for weather_etl to 2026-09-14 15:00:00+00:00, run_after=2026-09-14 16:00:00+00:00
[2026-09-14T15:38:02.628+0000] {processor.py:208} INFO - Processing /opt/airflow/dags/weather_etl.py took 1.497 seconds
[2026-09-14T15:38:33.078+0000] {processor.py:186} INFO - Started process (PID=1081) to work on /opt/airflow/dags/weather_etl.py
[2026-09-14T15:38:33.082+0000] {processor.py:914} INFO - Processing file /opt/airflow/dags/weather_etl.py for tasks to queue
[2026-09-14T15:38:33.091+0000] {logging_mixin.py:190} INFO - [2026-09-14T15:38:33.090+0000] {dagbag.py:588} INFO - Filling up the DagBag from /opt/airflow/dags/weather_etl.py
[2026-09-14T15:38:34.451+0000] {processor.py:925} INFO - DAG(s) 'weather_etl' retrieved from /opt/airflow/dags/weather_etl.py
[2026-09-14T15:38:34.535+0000] {logging_mixin.py:190} INFO - [2026-09-14T15:38:34.535+0000] {dag.py:3239} INFO - Sync 1 DAGs
[2026-09-14T15:38:34.620+0000] {logging_mixin.py:190} INFO - [2026-09-14T15:38:34.619+0000] {dag.py:4180} INFO - Setting next_dagrun for weather_etl to 2026-09-14 15:00:00+00:00, run_after=2026-09-14 16:00:00+00:00
[2026-09-14T15:38:34.682+0000] {processor.py:208} INFO - Processing /opt/airflow/dags/weather_etl.py took 1.626 seconds
[2026-09-14T15:39:05.244+0000] {processor.py:186} INFO - Started process (PID=1087) to work on /opt/airflow/dags/weather_etl.py
[2026-09-14T15:39:05.247+0000] {processor.py:914} INFO - Processing file /opt/airflow/dags/weather_etl.py for tasks to queue
[2026-09-14T15:39:05.254+0000] {logging_mixin.py:190} INFO - [2026-09-14T15:39:05.253+0000] {dagbag.py:588} INFO - Filling up the DagBag from /opt/airflow/dags/weather_etl.py
[2026-09-14T15:39:06.629+0000] {processor.py:925} INFO - DAG(s) 'weather_etl' retrieved from /opt/airflow/dags/weather_etl.py
[2026-09-14T15:39:06.717+0000] {logging_mixin.py:190} INFO - [2026-09-14T15:39:06.716+0000] {dag.py:3239} INFO - Sync 1 DAGs
[2026-09-14T15:39:06.800+0000] {logging_mixin.py:190} INFO - [2026-09-14T15:39:06.799+0000] {dag.py:4180} INFO - Setting next_dagrun for weather_etl to 2026-09-14 15:00:00+00:00, run_after=2026-09-14 16:00:00+00:00
[2026-09-14T15:39:06.866+0000] {processor.py:208} INFO - Processing /opt/airflow/dags/weather_etl.py took 1.636 seconds
[2026-09-14T15:39:37.044+0000] {processor.py:186} INFO - Started process (PID=1093) to work on /opt/airflow/dags/weather_etl.py
[2026-09-14T15:39:37.047+0000] {processor.py:914} INFO - Processing file /opt/airflow/dags/weather_etl.py for tasks to queue
[2026-09-14T15:39:37.053+0000] {logging_mixin.py:190} INFO - [2026-09-14T15:39:37.052+0000] {dagbag.py:588} INFO - Filling up the DagBag from /opt/airflow/dags/weather_etl.py
[2026-09-14T15:39:38.471+0000] {processor.py:925} INFO - DAG(s) 'weather_etl' retrieved from /opt/airflow/dags/weather_etl.py
[2026-09-14T15:39:38.557+0000] {logging_mixin.py:190} INFO - [2026-09-14T15:39:38.557+0000] {dag.py:3239} INFO - Sync 1 DAGs
[2026-09-14T15:39:38.631+0000] {logging_mixin.py:190} INFO - [2026-09-14T15:39:38.631+0000] {dag.py:4180} INFO - Setting next_dagrun for weather_etl to 2026-09-14 15:00:00+00:00, run_after=2026-09-14 16:00:00+00:00
[2026-09-14T15:39:38.688+0000] {processor.py:208} INFO - Processing /opt/airflow/dags/weather_etl.py took 1.662 seconds
[2026-09-14T15:40:08.895+0000] {processor.py:186} INFO - Started process (PID=1099) to work on /opt/airflow/dags/weather_etl.py
[2026-09-14T15:40:08.899+0000] {processor.py:914} INFO - Processing file /opt/airflow/dags/weather_etl.py for tasks to queue
[2026-09-14T15:40:08.909+0000] {logging_mixin.py:190} INFO - [2026-09-14T15:40:08.908+0000] {dagbag.py:588} INFO - Filling up the DagBag from /opt/airflow/dags/weather_etl.py
[2026-09-14T15:40:10.427+0000] {processor.py:925} INFO - DAG(s) 'weather_etl' retrieved from /opt/airflow/dags/weather_etl.py
[2026-09-14T15:40:10.531+0000] {logging_mixin.py:190} INFO - [2026-09-14T15:40:10.530+0000] {dag.py:3239} INFO - Sync 1 DAGs
[2026-09-14T15:40:10.611+0000] {logging_mixin.py:190} INFO - [2026-09-14T15:40:10.611+0000] {dag.py:4180} INFO - Setting next_dagrun for weather_etl to 2026-09-14 15:00:00+00:00, run_after=2026-09-14 16:00:00+00:00
[2026-09-14T15:40:10.669+0000] {processor.py:208} INFO - Processing /opt/airflow/dags/weather_etl.py took 1.806 seconds
[2026-09-14T15:40:41.220+0000] {processor.py:186} INFO - Started process (PID=1105) to work on /opt/airflow/dags/weather_etl.py
[2026-09-14T15:40:41.222+0000] {processor.py:914} INFO - Processing file /opt/airflow/dags/weather_etl.py for tasks to queue
[2026-09-14T15:40:41.229+0000] {logging_mixin.py:190} INFO - [2026-09-14T15:40:41.228+0000] {dagbag.py:588} INFO - Filling up the DagBag from /opt/airflow/dags/weather_etl.py
[2026-09-14T15:40:42.633+0000] {processor.py:925} INFO - DAG(s) 'weather_etl' retrieved from /opt/airflow/dags/weather_etl.py
[2026-09-14T15:40:42.718+0000] {logging_mixin.py:190} INFO - [2026-09-14T15:40:42.717+0000] {dag.py:3239} INFO - Sync 1 DAGs
[2026-09-14T15:40:42.799+0000] {logging_mixin.py:190} INFO - [2026-09-14T15:40:42.799+0000] {dag.py:4180} INFO - Setting next_dagrun for weather_etl to 2026-09-14 15:00:00+00:00, run_after=2026-09-14 16:00:00+00:00
[2026-09-14T15:40:42.865+0000] {processor.py:208} INFO - Processing /opt/airflow/dags/weather_etl.py took 1.658 seconds
[2026-09-14T15:41:13.143+0000] {processor.py:186} INFO - Started process (PID=1111) to work on /opt/airflow/dags/weather_etl.py
[2026-09-14T15:41:13.147+0000] {processor.py:914} INFO - Processing file /opt/airflow/dags/weather_etl.py for tasks to queue
[2026-09-14T15:41:13.153+0000] {logging_mixin.py:190} INFO - [2026-09-14T15:41:13.153+0000] {dagbag.py:588} INFO - Filling up the DagBag from /opt/airflow/dags/weather_etl.py
[2026-09-14T15:41:14.575+0000] {processor.py:925} INFO - DAG(s) 'weather_etl' retrieved from /opt/airflow/dags/weather_etl.py
[2026-09-14T15:41:14.664+0000] {logging_mixin.py:190} INFO - [2026-09-14T15:41:14.664+0000] {dag.py:3239} INFO - Sync 1 DAGs
[2026-09-14T15:41:14.760+0000] {logging_mixin.py:190} INFO - [2026-09-14T15:41:14.759+0000] {dag.py:4180} INFO - Setting next_dagrun for weather_etl to 2026-09-14 15:00:00+00:00, run_after=2026-09-14 16:00:00+00:00
[2026-09-14T15:41:14.829+0000] {processor.py:208} INFO - Processing /opt/airflow/dags/weather_etl.py took 1.701 seconds
[2026-09-14T15:41:45.394+0000] {processor.py:186} INFO - Started process (PID=1117) to work on /opt/airflow/dags/weather_etl.py
[2026-09-14T15:41:45.397+0000] {processor.py:914} INFO - Processing file /opt/airflow/dags/weather_etl.py for tasks to queue
[2026-09-14T15:41:45.404+0000] {logging_mixin.py:190} INFO - [2026-09-14T15:41:45.403+0000] {dagbag.py:588} INFO - Filling up the DagBag from /opt/airflow/dags/weather_etl.py
[2026-09-14T15:41:46.682+0000] {processor.py:925} INFO - DAG(s) 'weather_etl' retrieved from /opt/airflow/dags/weather_etl.py
[2026-09-14T15:41:46.768+0000] {logging_mixin.py:190} INFO - [2026-09-14T15:41:46.767+0000] {dag.py:3239} INFO - Sync 1 DAGs
[2026-09-14T15:41:46.849+0000] {logging_mixin.py:190} INFO - [2026-09-14T15:41:46.848+0000] {dag.py:4180} INFO - Setting next_dagrun for weather_etl to 2026-09-14 15:00:00+00:00, run_after=2026-09-14 16:00:00+00:00
[2026-09-14T15:41:46.908+0000] {processor.py:208} INFO - Processing /opt/airflow/dags/weather_etl.py took 1.535 seconds
[2026-09-14T15:42:17.314+0000] {processor.py:186} INFO - Started process (PID=1123) to work on /opt/airflow/dags/weather_etl.py
[2026-09-14T15:42:17.317+0000] {processor.py:914} INFO - Processing file /opt/airflow/dags/weather_etl.py for tasks to queue
[2026-09-14T15:42:17.325+0000] {logging_mixin.py:190} INFO - [2026-09-14T15:42:17.324+0000] {dagbag.py:588} INFO - Filling up the DagBag from /opt/airflow/dags/weather_etl.py
[2026-09-14T15:42:18.731+0000] {processor.py:925} INFO - DAG(s) 'weather_etl' retrieved from /opt/airflow/dags/weather_etl.py
[2026-09-14T15:42:18.827+0000] {logging_mixin.py:190} INFO - [2026-09-14T15:42:18.826+0000] {dag.py:3239} INFO - Sync 1 DAGs
[2026-09-14T15:42:18.905+0000] {logging_mixin.py:190} INFO - [2026-09-14T15:42:18.905+0000] {dag.py:4180} INFO - Setting next_dagrun for weather_etl to 2026-09-14 15:00:00+00:00, run_after=2026-09-14 16:00:00+00:00
[2026-09-14T15:42:18.968+0000] {processor.py:208} INFO - Processing /opt/airflow/dags/weather_etl.py took 1.676 seconds
[2026-09-14T15:42:49.535+0000] {processor.py:186} INFO - Started process (PID=1129) to work on /opt/airflow/dags/weather_etl.py
[2026-09-14T15:42:49.538+0000] {processor.py:914} INFO - Processing file /opt/airflow/dags/weather_etl.py for tasks to queue
[2026-09-14T15:42:49.545+0000] {logging_mixin.py:190} INFO - [2026-09-14T15:42:49.544+0000] {dagbag.py:588} INFO - Filling up the DagBag from /opt/airflow/dags/weather_etl.py
[2026-09-14T15:42:50.920+0000] {processor.py:925} INFO - DAG(s) 'weather_etl' retrieved from /opt/airflow/dags/weather_etl.py
[2026-09-14T15:42:51.011+0000] {logging_mixin.py:190} INFO - [2026-09-14T15:42:51.011+0000] {dag.py:3239} INFO - Sync 1 DAGs
[2026-09-14T15:42:51.083+0000] {logging_mixin.py:190} INFO - [2026-09-14T15:42:51.082+0000] {dag.py:4180} INFO - Setting next_dagrun for weather_etl to 2026-09-14 15:00:00+00:00, run_after=2026-09-14 16:00:00+00:00
[2026-09-14T15:42:51.139+0000] {processor.py:208} INFO - Processing /opt/airflow/dags/weather_etl.py took 1.623 seconds
[2026-09-14T15:43:21.410+0000] {processor.py:186} INFO - Started process (PID=1135) to work on /opt/airflow/dags/weather_etl.py
[2026-09-14T15:43:21.413+0000] {processor.py:914} INFO - Processing file /opt/airflow/dags/weather_etl.py for tasks to queue
[2026-09-14T15:43:21.419+0000] {logging_mixin.py:190} INFO - [2026-09-14T15:43:21.418+0000] {dagbag.py:588} INFO - Filling up the DagBag from /opt/airflow/dags/weather_etl.py
[2026-09-14T15:43:22.639+0000] {processor.py:925} INFO - DAG(s) 'weather_etl' retrieved from /opt/airflow/dags/weather_etl.py
[2026-09-14T15:43:22.733+0000] {logging_mixin.py:190} INFO - [2026-09-14T15:43:22.733+0000] {dag.py:3239} INFO - Sync 1 DAGs
[2026-09-14T15:43:22.803+0000] {logging_mixin.py:190} INFO - [2026-09-14T15:43:22.803+0000] {dag.py:4180} INFO - Setting next_dagrun for weather_etl to 2026-09-14 15:00:00+00:00, run_after=2026-09-14 16:00:00+00:00
[2026-09-14T15:43:22.861+0000] {processor.py:208} INFO - Processing /opt/airflow/dags/weather_etl.py took 1.472 seconds
[2026-09-14T15:43:53.194+0000] {processor.py:186} INFO - Started process (PID=1141) to work on /opt/airflow/dags/weather_etl.py
[2026-09-14T15:43:53.196+0000] {processor.py:914} INFO - Processing file /opt/airflow/dags/weather_etl.py for tasks to queue
[2026-09-14T15:43:53.204+0000] {logging_mixin.py:190} INFO - [2026-09-14T15:43:53.203+0000] {dagbag.py:588} INFO - Filling up the DagBag from /opt/airflow/dags/weather_etl.py
[2026-09-14T15:43:54.526+0000] {processor.py:925} INFO - DAG(s) 'weather_etl' retrieved from /opt/airflow/dags/weather_etl.py
[2026-09-14T15:43:54.624+0000] {logging_mixin.py:190} INFO - [2026-09-14T15:43:54.624+0000] {dag.py:3239} INFO - Sync 1 DAGs
[2026-09-14T15:43:54.703+0000] {logging_mixin.py:190} INFO - [2026-09-14T15:43:54.702+0000] {dag.py:4180} INFO - Setting next_dagrun for weather_etl to 2026-09-14 15:00:00+00:00, run_after=2026-09-14 16:00:00+00:00
[2026-09-14T15:43:54.763+0000] {processor.py:208} INFO - Processing /opt/airflow/dags/weather_etl.py took 1.596 seconds
[2026-09-14T15:44:25.312+0000] {processor.py:186} INFO - Started process (PID=1147) to work on /opt/airflow/dags/weather_etl.py
[2026-09-14T15:44:25.315+0000] {processor.py:914} INFO - Processing file /opt/airflow/dags/weather_etl.py for tasks to queue
[2026-09-14T15:44:25.321+0000] {logging_mixin.py:190} INFO - [2026-09-14T15:44:25.320+0000] {dagbag.py:588} INFO - Filling up the DagBag from /opt/airflow/dags/weather_etl.py
[2026-09-14T15:44:26.681+0000] {processor.py:925} INFO - DAG(s) 'weather_etl' retrieved from /opt/airflow/dags/weather_etl.py
[2026-09-14T15:44:26.773+0000] {logging_mixin.py:190} INFO - [2026-09-14T15:44:26.772+0000] {dag.py:3239} INFO - Sync 1 DAGs
[2026-09-14T15:44:26.860+0000] {logging_mixin.py:190} INFO - [2026-09-14T15:44:26.859+0000] {dag.py:4180} INFO - Setting next_dagrun for weather_etl to 2026-09-14 15:00:00+00:00, run_after=2026-09-14 16:00:00+00:00
[2026-09-14T15:44:26.921+0000] {processor.py:208} INFO - Processing /opt/airflow/dags/weather_etl.py took 1.628 seconds
[2026-09-14T15:44:57.297+0000] {processor.py:186} INFO - Started process (PID=1153) to work on /opt/airflow/dags/weather_etl.py
[2026-09-14T15:44:57.300+0000] {processor.py:914} INFO - Processing file /opt/airflow/dags/weather_etl.py for tasks to queue
[2026-09-14T15:44:57.307+0000] {logging_mixin.py:190} INFO - [2026-09-14T15:44:57.306+0000] {dagbag.py:588} INFO - Filling up the DagBag from /opt/airflow/dags/weather_etl.py
[2026-09-14T15:44:58.700+0000] {processor.py:925} INFO - DAG(s) 'weather_etl' retrieved from /opt/airflow/dags/weather_etl.py
[2026-09-14T15:44:58.798+0000] {logging_mixin.py:190} INFO - [2026-09-14T15:44:58.797+0000] {dag.py:3239} INFO - Sync 1 DAGs
[2026-09-14T15:44:58.868+0000] {logging_mixin.py:190} INFO - [2026-09-14T15:44:58.867+0000] {dag.py:4180} INFO - Setting next_dagrun for weather_etl to 2026-09-14 15:00:00+00:00, run_after=2026-09-14 16:00:00+00:00
[2026-09-14T15:44:58.927+0000] {processor.py:208} INFO - Processing /opt/airflow/dags/weather_etl.py took 1.650 seconds
[2026-09-14T15:45:29.500+0000] {processor.py:186} INFO - Started process (PID=1159) to work on /opt/airflow/dags/weather_etl.py
[2026-09-14T15:45:29.504+0000] {processor.py:914} INFO - Processing file /opt/airflow/dags/weather_etl.py for tasks to queue
[2026-09-14T15:45:29.511+0000] {logging_mixin.py:190} INFO - [2026-09-14T15:45:29.510+0000] {dagbag.py:588} INFO - Filling up the DagBag from /opt/airflow/dags/weather_etl.py
[2026-09-14T15:45:30.953+0000] {processor.py:925} INFO - DAG(s) 'weather_etl' retrieved from /opt/airflow/dags/weather_etl.py
[2026-09-14T15:45:31.042+0000] {logging_mixin.py:190} INFO - [2026-09-14T15:45:31.041+0000] {dag.py:3239} INFO - Sync 1 DAGs
[2026-09-14T15:45:31.115+0000] {logging_mixin.py:190} INFO - [2026-09-14T15:45:31.114+0000] {dag.py:4180} INFO - Setting next_dagrun for weather_etl to 2026-09-14 15:00:00+00:00, run_after=2026-09-14 16:00:00+00:00
[2026-09-14T15:45:31.177+0000] {processor.py:208} INFO - Processing /opt/airflow/dags/weather_etl.py took 1.699 seconds
[2026-09-14T15:46:01.415+0000] {processor.py:186} INFO - Started process (PID=1165) to work on /opt/airflow/dags/weather_etl.py
[2026-09-14T15:46:01.421+0000] {processor.py:914} INFO - Processing file /opt/airflow/dags/weather_etl.py for tasks to queue
[2026-09-14T15:46:01.433+0000] {logging_mixin.py:190} INFO - [2026-09-14T15:46:01.431+0000] {dagbag.py:588} INFO - Filling up the DagBag from /opt/airflow/dags/weather_etl.py
[2026-09-14T15:46:03.105+0000] {processor.py:925} INFO - DAG(s) 'weather_etl' retrieved from /opt/airflow/dags/weather_etl.py
[2026-09-14T15:46:03.207+0000] {logging_mixin.py:190} INFO - [2026-09-14T15:46:03.206+0000] {dag.py:3239} INFO - Sync 1 DAGs
[2026-09-14T15:46:03.285+0000] {logging_mixin.py:190} INFO - [2026-09-14T15:46:03.284+0000] {dag.py:4180} INFO - Setting next_dagrun for weather_etl to 2026-09-14 15:00:00+00:00, run_after=2026-09-14 16:00:00+00:00
[2026-09-14T15:46:03.346+0000] {processor.py:208} INFO - Processing /opt/airflow/dags/weather_etl.py took 1.959 seconds
[2026-09-14T15:46:33.977+0000] {processor.py:186} INFO - Started process (PID=1171) to work on /opt/airflow/dags/weather_etl.py
[2026-09-14T15:46:33.980+0000] {processor.py:914} INFO - Processing file /opt/airflow/dags/weather_etl.py for tasks to queue
[2026-09-14T15:46:33.987+0000] {logging_mixin.py:190} INFO - [2026-09-14T15:46:33.986+0000] {dagbag.py:588} INFO - Filling up the DagBag from /opt/airflow/dags/weather_etl.py
[2026-09-14T15:46:35.414+0000] {processor.py:925} INFO - DAG(s) 'weather_etl' retrieved from /opt/airflow/dags/weather_etl.py
[2026-09-14T15:46:35.502+0000] {logging_mixin.py:190} INFO - [2026-09-14T15:46:35.501+0000] {dag.py:3239} INFO - Sync 1 DAGs
[2026-09-14T15:46:35.582+0000] {logging_mixin.py:190} INFO - [2026-09-14T15:46:35.582+0000] {dag.py:4180} INFO - Setting next_dagrun for weather_etl to 2026-09-14 15:00:00+00:00, run_after=2026-09-14 16:00:00+00:00
[2026-09-14T15:46:35.650+0000] {processor.py:208} INFO - Processing /opt/airflow/dags/weather_etl.py took 1.689 seconds
[2026-09-14T15:47:06.243+0000] {processor.py:186} INFO - Started process (PID=1177) to work on /opt/airflow/dags/weather_etl.py
[2026-09-14T15:47:06.246+0000] {processor.py:914} INFO - Processing file /opt/airflow/dags/weather_etl.py for tasks to queue
[2026-09-14T15:47:06.252+0000] {logging_mixin.py:190} INFO - [2026-09-14T15:47:06.251+0000] {dagbag.py:588} INFO - Filling up the DagBag from /opt/airflow/dags/weather_etl.py
[2026-09-14T15:47:07.555+0000] {processor.py:925} INFO - DAG(s) 'weather_etl' retrieved from /opt/airflow/dags/weather_etl.py
[2026-09-14T15:47:07.641+0000] {logging_mixin.py:190} INFO - [2026-09-14T15:47:07.640+0000] {dag.py:3239} INFO - Sync 1 DAGs
[2026-09-14T15:47:07.733+0000] {logging_mixin.py:190} INFO - [2026-09-14T15:47:07.732+0000] {dag.py:4180} INFO - Setting next_dagrun for weather_etl to 2026-09-14 15:00:00+00:00, run_after=2026-09-14 16:00:00+00:00
[2026-09-14T15:47:07.788+0000] {processor.py:208} INFO - Processing /opt/airflow/dags/weather_etl.py took 1.567 seconds
[2026-09-14T15:47:37.972+0000] {processor.py:186} INFO - Started process (PID=1183) to work on /opt/airflow/dags/weather_etl.py
[2026-09-14T15:47:37.975+0000] {processor.py:914} INFO - Processing file /opt/airflow/dags/weather_etl.py for tasks to queue
[2026-09-14T15:47:37.981+0000] {logging_mixin.py:190} INFO - [2026-09-14T15:47:37.980+0000] {dagbag.py:588} INFO - Filling up the DagBag from /opt/airflow/dags/weather_etl.py
[2026-09-14T15:47:39.498+0000] {processor.py:925} INFO - DAG(s) 'weather_etl' retrieved from /opt/airflow/dags/weather_etl.py
[2026-09-14T15:47:39.616+0000] {logging_mixin.py:190} INFO - [2026-09-14T15:47:39.614+0000] {dag.py:3239} INFO - Sync 1 DAGs
[2026-09-14T15:47:39.709+0000] {logging_mixin.py:190} INFO - [2026-09-14T15:47:39.709+0000] {dag.py:4180} INFO - Setting next_dagrun for weather_etl to 2026-09-14 15:00:00+00:00, run_after=2026-09-14 16:00:00+00:00
[2026-09-14T15:47:39.769+0000] {processor.py:208} INFO - Processing /opt/airflow/dags/weather_etl.py took 1.817 seconds
[2026-09-14T15:48:10.374+0000] {processor.py:186} INFO - Started process (PID=1189) to work on /opt/airflow/dags/weather_etl.py
[2026-09-14T15:48:10.378+0000] {processor.py:914} INFO - Processing file /opt/airflow/dags/weather_etl.py for tasks to queue
[2026-09-14T15:48:10.387+0000] {logging_mixin.py:190} INFO - [2026-09-14T15:48:10.386+0000] {dagbag.py:588} INFO - Filling up the DagBag from /opt/airflow/dags/weather_etl.py
[2026-09-14T15:48:12.222+0000] {processor.py:925} INFO - DAG(s) 'weather_etl' retrieved from /opt/airflow/dags/weather_etl.py
[2026-09-14T15:48:12.335+0000] {logging_mixin.py:190} INFO - [2026-09-14T15:48:12.334+0000] {dag.py:3239} INFO - Sync 1 DAGs
[2026-09-14T15:48:12.442+0000] {logging_mixin.py:190} INFO - [2026-09-14T15:48:12.441+0000] {dag.py:4180} INFO - Setting next_dagrun for weather_etl to 2026-09-14 15:00:00+00:00, run_after=2026-09-14 16:00:00+00:00
[2026-09-14T15:48:12.517+0000] {processor.py:208} INFO - Processing /opt/airflow/dags/weather_etl.py took 2.167 seconds
[2026-09-14T15:48:43.032+0000] {processor.py:186} INFO - Started process (PID=1195) to work on /opt/airflow/dags/weather_etl.py
[2026-09-14T15:48:43.035+0000] {processor.py:914} INFO - Processing file /opt/airflow/dags/weather_etl.py for tasks to queue
[2026-09-14T15:48:43.042+0000] {logging_mixin.py:190} INFO - [2026-09-14T15:48:43.041+0000] {dagbag.py:588} INFO - Filling up the DagBag from /opt/airflow/dags/weather_etl.py
[2026-09-14T15:48:44.585+0000] {processor.py:925} INFO - DAG(s) 'weather_etl' retrieved from /opt/airflow/dags/weather_etl.py
[2026-09-14T15:48:44.671+0000] {logging_mixin.py:190} INFO - [2026-09-14T15:48:44.670+0000] {dag.py:3239} INFO - Sync 1 DAGs
[2026-09-14T15:48:44.749+0000] {logging_mixin.py:190} INFO - [2026-09-14T15:48:44.748+0000] {dag.py:4180} INFO - Setting next_dagrun for weather_etl to 2026-09-14 15:00:00+00:00, run_after=2026-09-14 16:00:00+00:00
[2026-09-14T15:48:44.808+0000] {processor.py:208} INFO - Processing /opt/airflow/dags/weather_etl.py took 1.800 seconds
[2026-09-14T15:49:15.419+0000] {processor.py:186} INFO - Started process (PID=1201) to work on /opt/airflow/dags/weather_etl.py
[2026-09-14T15:49:15.423+0000] {processor.py:914} INFO - Processing file /opt/airflow/dags/weather_etl.py for tasks to queue
[2026-09-14T15:49:15.434+0000] {logging_mixin.py:190} INFO - [2026-09-14T15:49:15.432+0000] {dagbag.py:588} INFO - Filling up the DagBag from /opt/airflow/dags/weather_etl.py
[2026-09-14T15:49:16.922+0000] {processor.py:925} INFO - DAG(s) 'weather_etl' retrieved from /opt/airflow/dags/weather_etl.py
[2026-09-14T15:49:17.010+0000] {logging_mixin.py:190} INFO - [2026-09-14T15:49:17.010+0000] {dag.py:3239} INFO - Sync 1 DAGs
[2026-09-14T15:49:17.092+0000] {logging_mixin.py:190} INFO - [2026-09-14T15:49:17.091+0000] {dag.py:4180} INFO - Setting next_dagrun for weather_etl to 2026-09-14 15:00:00+00:00, run_after=2026-09-14 16:00:00+00:00
[2026-09-14T15:49:17.152+0000] {processor.py:208} INFO - Processing /opt/airflow/dags/weather_etl.py took 1.767 seconds
[2026-09-14T15:49:47.736+0000] {processor.py:186} INFO - Started process (PID=1207) to work on /opt/airflow/dags/weather_etl.py
[2026-09-14T15:49:47.739+0000] {processor.py:914} INFO - Processing file /opt/airflow/dags/weather_etl.py for tasks to queue
[2026-09-14T15:49:47.745+0000] {logging_mixin.py:190} INFO - [2026-09-14T15:49:47.744+0000] {dagbag.py:588} INFO - Filling up the DagBag from /opt/airflow/dags/weather_etl.py
[2026-09-14T15:49:49.117+0000] {processor.py:925} INFO - DAG(s) 'weather_etl' retrieved from /opt/airflow/dags/weather_etl.py
[2026-09-14T15:49:49.222+0000] {logging_mixin.py:190} INFO - [2026-09-14T15:49:49.221+0000] {dag.py:3239} INFO - Sync 1 DAGs
[2026-09-14T15:49:49.337+0000] {logging_mixin.py:190} INFO - [2026-09-14T15:49:49.336+0000] {dag.py:4180} INFO - Setting next_dagrun for weather_etl to 2026-09-14 15:00:00+00:00, run_after=2026-09-14 16:00:00+00:00
[2026-09-14T15:49:49.414+0000] {processor.py:208} INFO - Processing /opt/airflow/dags/weather_etl.py took 1.697 seconds
[2026-09-14T15:50:20.048+0000] {processor.py:186} INFO - Started process (PID=1213) to work on /opt/airflow/dags/weather_etl.py
[2026-09-14T15:50:20.051+0000] {processor.py:914} INFO - Processing file /opt/airflow/dags/weather_etl.py for tasks to queue
[2026-09-14T15:50:20.059+0000] {logging_mixin.py:190} INFO - [2026-09-14T15:50:20.058+0000] {dagbag.py:588} INFO - Filling up the DagBag from /opt/airflow/dags/weather_etl.py
[2026-09-14T15:50:21.524+0000] {processor.py:925} INFO - DAG(s) 'weather_etl' retrieved from /opt/airflow/dags/weather_etl.py
[2026-09-14T15:50:21.632+0000] {logging_mixin.py:190} INFO - [2026-09-14T15:50:21.631+0000] {dag.py:3239} INFO - Sync 1 DAGs
[2026-09-14T15:50:21.748+0000] {logging_mixin.py:190} INFO - [2026-09-14T15:50:21.747+0000] {dag.py:4180} INFO - Setting next_dagrun for weather_etl to 2026-09-14 15:00:00+00:00, run_after=2026-09-14 16:00:00+00:00
[2026-09-14T15:50:21.818+0000] {processor.py:208} INFO - Processing /opt/airflow/dags/weather_etl.py took 1.790 seconds
[2026-09-14T15:50:52.023+0000] {processor.py:186} INFO - Started process (PID=1219) to work on /opt/airflow/dags/weather_etl.py
[2026-09-14T15:50:52.027+0000] {processor.py:914} INFO - Processing file /opt/airflow/dags/weather_etl.py for tasks to queue
[2026-09-14T15:50:52.040+0000] {logging_mixin.py:190} INFO - [2026-09-14T15:50:52.038+0000] {dagbag.py:588} INFO - Filling up the DagBag from /opt/airflow/dags/weather_etl.py
[2026-09-14T15:50:53.453+0000] {processor.py:925} INFO - DAG(s) 'weather_etl' retrieved from /opt/airflow/dags/weather_etl.py
[2026-09-14T15:50:53.531+0000] {logging_mixin.py:190} INFO - [2026-09-14T15:50:53.531+0000] {dag.py:3239} INFO - Sync 1 DAGs
[2026-09-14T15:50:53.596+0000] {logging_mixin.py:190} INFO - [2026-09-14T15:50:53.595+0000] {dag.py:4180} INFO - Setting next_dagrun for weather_etl to 2026-09-14 15:00:00+00:00, run_after=2026-09-14 16:00:00+00:00
[2026-09-14T15:50:53.652+0000] {processor.py:208} INFO - Processing /opt/airflow/dags/weather_etl.py took 1.654 seconds
[2026-09-14T15:51:23.966+0000] {processor.py:186} INFO - Started process (PID=1225) to work on /opt/airflow/dags/weather_etl.py
[2026-09-14T15:51:23.970+0000] {processor.py:914} INFO - Processing file /opt/airflow/dags/weather_etl.py for tasks to queue
[2026-09-14T15:51:23.979+0000] {logging_mixin.py:190} INFO - [2026-09-14T15:51:23.977+0000] {dagbag.py:588} INFO - Filling up the DagBag from /opt/airflow/dags/weather_etl.py
[2026-09-14T15:51:25.606+0000] {processor.py:925} INFO - DAG(s) 'weather_etl' retrieved from /opt/airflow/dags/weather_etl.py
[2026-09-14T15:51:25.716+0000] {logging_mixin.py:190} INFO - [2026-09-14T15:51:25.715+0000] {dag.py:3239} INFO - Sync 1 DAGs
[2026-09-14T15:51:25.802+0000] {logging_mixin.py:190} INFO - [2026-09-14T15:51:25.801+0000] {dag.py:4180} INFO - Setting next_dagrun for weather_etl to 2026-09-14 15:00:00+00:00, run_after=2026-09-14 16:00:00+00:00
[2026-09-14T15:51:25.877+0000] {processor.py:208} INFO - Processing /opt/airflow/dags/weather_etl.py took 1.934 seconds
[2026-09-14T15:51:56.514+0000] {processor.py:186} INFO - Started process (PID=1231) to work on /opt/airflow/dags/weather_etl.py
[2026-09-14T15:51:56.518+0000] {processor.py:914} INFO - Processing file /opt/airflow/dags/weather_etl.py for tasks to queue
[2026-09-14T15:51:56.528+0000] {logging_mixin.py:190} INFO - [2026-09-14T15:51:56.527+0000] {dagbag.py:588} INFO - Filling up the DagBag from /opt/airflow/dags/weather_etl.py
[2026-09-14T15:51:58.260+0000] {processor.py:925} INFO - DAG(s) 'weather_etl' retrieved from /opt/airflow/dags/weather_etl.py
[2026-09-14T15:51:58.345+0000] {logging_mixin.py:190} INFO - [2026-09-14T15:51:58.344+0000] {dag.py:3239} INFO - Sync 1 DAGs
[2026-09-14T15:51:58.432+0000] {logging_mixin.py:190} INFO - [2026-09-14T15:51:58.432+0000] {dag.py:4180} INFO - Setting next_dagrun for weather_etl to 2026-09-14 15:00:00+00:00, run_after=2026-09-14 16:00:00+00:00
[2026-09-14T15:51:58.494+0000] {processor.py:208} INFO - Processing /opt/airflow/dags/weather_etl.py took 1.996 seconds
[2026-09-14T15:52:29.065+0000] {processor.py:186} INFO - Started process (PID=1237) to work on /opt/airflow/dags/weather_etl.py
[2026-09-14T15:52:29.067+0000] {processor.py:914} INFO - Processing file /opt/airflow/dags/weather_etl.py for tasks to queue
[2026-09-14T15:52:29.076+0000] {logging_mixin.py:190} INFO - [2026-09-14T15:52:29.075+0000] {dagbag.py:588} INFO - Filling up the DagBag from /opt/airflow/dags/weather_etl.py
[2026-09-14T15:52:30.598+0000] {processor.py:925} INFO - DAG(s) 'weather_etl' retrieved from /opt/airflow/dags/weather_etl.py
[2026-09-14T15:52:30.685+0000] {logging_mixin.py:190} INFO - [2026-09-14T15:52:30.685+0000] {dag.py:3239} INFO - Sync 1 DAGs
[2026-09-14T15:52:30.767+0000] {logging_mixin.py:190} INFO - [2026-09-14T15:52:30.767+0000] {dag.py:4180} INFO - Setting next_dagrun for weather_etl to 2026-09-14 15:00:00+00:00, run_after=2026-09-14 16:00:00+00:00
[2026-09-14T15:52:30.832+0000] {processor.py:208} INFO - Processing /opt/airflow/dags/weather_etl.py took 1.789 seconds
[2026-09-14T15:53:01.426+0000] {processor.py:186} INFO - Started process (PID=1243) to work on /opt/airflow/dags/weather_etl.py
[2026-09-14T15:53:01.430+0000] {processor.py:914} INFO - Processing file /opt/airflow/dags/weather_etl.py for tasks to queue
[2026-09-14T15:53:01.439+0000] {logging_mixin.py:190} INFO - [2026-09-14T15:53:01.438+0000] {dagbag.py:588} INFO - Filling up the DagBag from /opt/airflow/dags/weather_etl.py
[2026-09-14T15:53:02.908+0000] {processor.py:925} INFO - DAG(s) 'weather_etl' retrieved from /opt/airflow/dags/weather_etl.py
[2026-09-14T15:53:03.007+0000] {logging_mixin.py:190} INFO - [2026-09-14T15:53:03.007+0000] {dag.py:3239} INFO - Sync 1 DAGs
[2026-09-14T15:53:03.085+0000] {logging_mixin.py:190} INFO - [2026-09-14T15:53:03.084+0000] {dag.py:4180} INFO - Setting next_dagrun for weather_etl to 2026-09-14 15:00:00+00:00, run_after=2026-09-14 16:00:00+00:00
[2026-09-14T15:53:03.145+0000] {processor.py:208} INFO - Processing /opt/airflow/dags/weather_etl.py took 1.742 seconds
[2026-09-14T15:53:33.764+0000] {processor.py:186} INFO - Started process (PID=1249) to work on /opt/airflow/dags/weather_etl.py
[2026-09-14T15:53:33.767+0000] {processor.py:914} INFO - Processing file /opt/airflow/dags/weather_etl.py for tasks to queue
[2026-09-14T15:53:33.774+0000] {logging_mixin.py:190} INFO - [2026-09-14T15:53:33.773+0000] {dagbag.py:588} INFO - Filling up the DagBag from /opt/airflow/dags/weather_etl.py
[2026-09-14T15:53:35.246+0000] {processor.py:925} INFO - DAG(s) 'weather_etl' retrieved from /opt/airflow/dags/weather_etl.py
[2026-09-14T15:53:35.348+0000] {logging_mixin.py:190} INFO - [2026-09-14T15:53:35.348+0000] {dag.py:3239} INFO - Sync 1 DAGs
[2026-09-14T15:53:35.452+0000] {logging_mixin.py:190} INFO - [2026-09-14T15:53:35.452+0000] {dag.py:4180} INFO - Setting next_dagrun for weather_etl to 2026-09-14 15:00:00+00:00, run_after=2026-09-14 16:00:00+00:00
[2026-09-14T15:53:35.512+0000] {processor.py:208} INFO - Processing /opt/airflow/dags/weather_etl.py took 1.767 seconds
[2026-09-14T15:54:06.140+0000] {processor.py:186} INFO - Started process (PID=1255) to work on /opt/airflow/dags/weather_etl.py
[2026-09-14T15:54:06.143+0000] {processor.py:914} INFO - Processing file /opt/airflow/dags/weather_etl.py for tasks to queue
[2026-09-14T15:54:06.153+0000] {logging_mixin.py:190} INFO - [2026-09-14T15:54:06.151+0000] {dagbag.py:588} INFO - Filling up the DagBag from /opt/airflow/dags/weather_etl.py
[2026-09-14T15:54:07.507+0000] {processor.py:925} INFO - DAG(s) 'weather_etl' retrieved from /opt/airflow/dags/weather_etl.py
[2026-09-14T15:54:07.594+0000] {logging_mixin.py:190} INFO - [2026-09-14T15:54:07.594+0000] {dag.py:3239} INFO - Sync 1 DAGs
[2026-09-14T15:54:07.667+0000] {logging_mixin.py:190} INFO - [2026-09-14T15:54:07.666+0000] {dag.py:4180} INFO - Setting next_dagrun for weather_etl to 2026-09-14 15:00:00+00:00, run_after=2026-09-14 16:00:00+00:00
[2026-09-14T15:54:07.731+0000] {processor.py:208} INFO - Processing /opt/airflow/dags/weather_etl.py took 1.621 seconds
[2026-09-14T15:54:38.130+0000] {processor.py:186} INFO - Started process (PID=1261) to work on /opt/airflow/dags/weather_etl.py
[2026-09-14T15:54:38.135+0000] {processor.py:914} INFO - Processing file /opt/airflow/dags/weather_etl.py for tasks to queue
[2026-09-14T15:54:38.143+0000] {logging_mixin.py:190} INFO - [2026-09-14T15:54:38.141+0000] {dagbag.py:588} INFO - Filling up the DagBag from /opt/airflow/dags/weather_etl.py
[2026-09-14T15:54:39.866+0000] {processor.py:925} INFO - DAG(s) 'weather_etl' retrieved from /opt/airflow/dags/weather_etl.py
[2026-09-14T15:54:39.950+0000] {logging_mixin.py:190} INFO - [2026-09-14T15:54:39.949+0000] {dag.py:3239} INFO - Sync 1 DAGs
[2026-09-14T15:54:40.031+0000] {logging_mixin.py:190} INFO - [2026-09-14T15:54:40.031+0000] {dag.py:4180} INFO - Setting next_dagrun for weather_etl to 2026-09-14 15:00:00+00:00, run_after=2026-09-14 16:00:00+00:00
[2026-09-14T15:54:40.104+0000] {processor.py:208} INFO - Processing /opt/airflow/dags/weather_etl.py took 2.003 seconds
[2026-09-14T15:55:10.674+0000] {processor.py:186} INFO - Started process (PID=1267) to work on /opt/airflow/dags/weather_etl.py
[2026-09-14T15:55:10.678+0000] {processor.py:914} INFO - Processing file /opt/airflow/dags/weather_etl.py for tasks to queue
[2026-09-14T15:55:10.687+0000] {logging_mixin.py:190} INFO - [2026-09-14T15:55:10.686+0000] {dagbag.py:588} INFO - Filling up the DagBag from /opt/airflow/dags/weather_etl.py
[2026-09-14T15:55:12.301+0000] {processor.py:925} INFO - DAG(s) 'weather_etl' retrieved from /opt/airflow/dags/weather_etl.py
[2026-09-14T15:55:12.403+0000] {logging_mixin.py:190} INFO - [2026-09-14T15:55:12.403+0000] {dag.py:3239} INFO - Sync 1 DAGs
[2026-09-14T15:55:12.487+0000] {logging_mixin.py:190} INFO - [2026-09-14T15:55:12.486+0000] {dag.py:4180} INFO - Setting next_dagrun for weather_etl to 2026-09-14 15:00:00+00:00, run_after=2026-09-14 16:00:00+00:00
[2026-09-14T15:55:12.558+0000] {processor.py:208} INFO - Processing /opt/airflow/dags/weather_etl.py took 1.908 seconds
[2026-09-14T15:55:43.187+0000] {processor.py:186} INFO - Started process (PID=1273) to work on /opt/airflow/dags/weather_etl.py
[2026-09-14T15:55:43.190+0000] {processor.py:914} INFO - Processing file /opt/airflow/dags/weather_etl.py for tasks to queue
[2026-09-14T15:55:43.199+0000] {logging_mixin.py:190} INFO - [2026-09-14T15:55:43.199+0000] {dagbag.py:588} INFO - Filling up the DagBag from /opt/airflow/dags/weather_etl.py
[2026-09-14T15:55:44.997+0000] {processor.py:925} INFO - DAG(s) 'weather_etl' retrieved from /opt/airflow/dags/weather_etl.py
[2026-09-14T15:55:45.120+0000] {logging_mixin.py:190} INFO - [2026-09-14T15:55:45.119+0000] {dag.py:3239} INFO - Sync 1 DAGs
[2026-09-14T15:55:45.228+0000] {logging_mixin.py:190} INFO - [2026-09-14T15:55:45.228+0000] {dag.py:4180} INFO - Setting next_dagrun for weather_etl to 2026-09-14 15:00:00+00:00, run_after=2026-09-14 16:00:00+00:00
[2026-09-14T15:55:45.305+0000] {processor.py:208} INFO - Processing /opt/airflow/dags/weather_etl.py took 2.141 seconds
[2026-09-14T15:56:15.829+0000] {processor.py:186} INFO - Started process (PID=1279) to work on /opt/airflow/dags/weather_etl.py
[2026-09-14T15:56:15.832+0000] {processor.py:914} INFO - Processing file /opt/airflow/dags/weather_etl.py for tasks to queue
[2026-09-14T15:56:15.841+0000] {logging_mixin.py:190} INFO - [2026-09-14T15:56:15.839+0000] {dagbag.py:588} INFO - Filling up the DagBag from /opt/airflow/dags/weather_etl.py
[2026-09-14T15:56:17.356+0000] {processor.py:925} INFO - DAG(s) 'weather_etl' retrieved from /opt/airflow/dags/weather_etl.py
[2026-09-14T15:56:17.465+0000] {logging_mixin.py:190} INFO - [2026-09-14T15:56:17.465+0000] {dag.py:3239} INFO - Sync 1 DAGs
[2026-09-14T15:56:17.556+0000] {logging_mixin.py:190} INFO - [2026-09-14T15:56:17.555+0000] {dag.py:4180} INFO - Setting next_dagrun for weather_etl to 2026-09-14 15:00:00+00:00, run_after=2026-09-14 16:00:00+00:00
[2026-09-14T15:56:17.627+0000] {processor.py:208} INFO - Processing /opt/airflow/dags/weather_etl.py took 1.821 seconds
[2026-09-14T15:56:48.309+0000] {processor.py:186} INFO - Started process (PID=1285) to work on /opt/airflow/dags/weather_etl.py
[2026-09-14T15:56:48.313+0000] {processor.py:914} INFO - Processing file /opt/airflow/dags/weather_etl.py for tasks to queue
[2026-09-14T15:56:48.322+0000] {logging_mixin.py:190} INFO - [2026-09-14T15:56:48.321+0000] {dagbag.py:588} INFO - Filling up the DagBag from /opt/airflow/dags/weather_etl.py
[2026-09-14T15:56:50.077+0000] {processor.py:925} INFO - DAG(s) 'weather_etl' retrieved from /opt/airflow/dags/weather_etl.py
[2026-09-14T15:56:50.189+0000] {logging_mixin.py:190} INFO - [2026-09-14T15:56:50.188+0000] {dag.py:3239} INFO - Sync 1 DAGs
[2026-09-14T15:56:50.284+0000] {logging_mixin.py:190} INFO - [2026-09-14T15:56:50.283+0000] {dag.py:4180} INFO - Setting next_dagrun for weather_etl to 2026-09-14 15:00:00+00:00, run_after=2026-09-14 16:00:00+00:00
[2026-09-14T15:56:50.359+0000] {processor.py:208} INFO - Processing /opt/airflow/dags/weather_etl.py took 2.073 seconds
[2026-09-14T15:57:20.929+0000] {processor.py:186} INFO - Started process (PID=1291) to work on /opt/airflow/dags/weather_etl.py
[2026-09-14T15:57:20.932+0000] {processor.py:914} INFO - Processing file /opt/airflow/dags/weather_etl.py for tasks to queue
[2026-09-14T15:57:20.938+0000] {logging_mixin.py:190} INFO - [2026-09-14T15:57:20.937+0000] {dagbag.py:588} INFO - Filling up the DagBag from /opt/airflow/dags/weather_etl.py
[2026-09-14T15:57:22.562+0000] {processor.py:925} INFO - DAG(s) 'weather_etl' retrieved from /opt/airflow/dags/weather_etl.py
[2026-09-14T15:57:22.652+0000] {logging_mixin.py:190} INFO - [2026-09-14T15:57:22.651+0000] {dag.py:3239} INFO - Sync 1 DAGs
[2026-09-14T15:57:22.744+0000] {logging_mixin.py:190} INFO - [2026-09-14T15:57:22.744+0000] {dag.py:4180} INFO - Setting next_dagrun for weather_etl to 2026-09-14 15:00:00+00:00, run_after=2026-09-14 16:00:00+00:00
[2026-09-14T15:57:22.830+0000] {processor.py:208} INFO - Processing /opt/airflow/dags/weather_etl.py took 1.915 seconds
[2026-09-14T15:57:53.535+0000] {processor.py:186} INFO - Started process (PID=1297) to work on /opt/airflow/dags/weather_etl.py
[2026-09-14T15:57:53.538+0000] {processor.py:914} INFO - Processing file /opt/airflow/dags/weather_etl.py for tasks to queue
[2026-09-14T15:57:53.546+0000] {logging_mixin.py:190} INFO - [2026-09-14T15:57:53.545+0000] {dagbag.py:588} INFO - Filling up the DagBag from /opt/airflow/dags/weather_etl.py
[2026-09-14T15:57:55.192+0000] {processor.py:925} INFO - DAG(s) 'weather_etl' retrieved from /opt/airflow/dags/weather_etl.py
[2026-09-14T15:57:55.295+0000] {logging_mixin.py:190} INFO - [2026-09-14T15:57:55.294+0000] {dag.py:3239} INFO - Sync 1 DAGs
[2026-09-14T15:57:55.378+0000] {logging_mixin.py:190} INFO - [2026-09-14T15:57:55.377+0000] {dag.py:4180} INFO - Setting next_dagrun for weather_etl to 2026-09-14 15:00:00+00:00, run_after=2026-09-14 16:00:00+00:00
[2026-09-14T15:57:55.454+0000] {processor.py:208} INFO - Processing /opt/airflow/dags/weather_etl.py took 1.933 seconds
[2026-09-14T15:58:26.222+0000] {processor.py:186} INFO - Started process (PID=1303) to work on /opt/airflow/dags/weather_etl.py
[2026-09-14T15:58:26.225+0000] {processor.py:914} INFO - Processing file /opt/airflow/dags/weather_etl.py for tasks to queue
[2026-09-14T15:58:26.237+0000] {logging_mixin.py:190} INFO - [2026-09-14T15:58:26.235+0000] {dagbag.py:588} INFO - Filling up the DagBag from /opt/airflow/dags/weather_etl.py
[2026-09-14T15:58:28.212+0000] {processor.py:925} INFO - DAG(s) 'weather_etl' retrieved from /opt/airflow/dags/weather_etl.py
[2026-09-14T15:58:28.314+0000] {logging_mixin.py:190} INFO - [2026-09-14T15:58:28.313+0000] {dag.py:3239} INFO - Sync 1 DAGs
[2026-09-14T15:58:28.471+0000] {logging_mixin.py:190} INFO - [2026-09-14T15:58:28.470+0000] {dag.py:4180} INFO - Setting next_dagrun for weather_etl to 2026-09-14 15:00:00+00:00, run_after=2026-09-14 16:00:00+00:00
[2026-09-14T15:58:28.555+0000] {processor.py:208} INFO - Processing /opt/airflow/dags/weather_etl.py took 2.357 seconds
[2026-09-14T15:58:58.762+0000] {processor.py:186} INFO - Started process (PID=1309) to work on /opt/airflow/dags/weather_etl.py
[2026-09-14T15:58:58.765+0000] {processor.py:914} INFO - Processing file /opt/airflow/dags/weather_etl.py for tasks to queue
[2026-09-14T15:58:58.775+0000] {logging_mixin.py:190} INFO - [2026-09-14T15:58:58.774+0000] {dagbag.py:588} INFO - Filling up the DagBag from /opt/airflow/dags/weather_etl.py
[2026-09-14T15:59:00.611+0000] {processor.py:925} INFO - DAG(s) 'weather_etl' retrieved from /opt/airflow/dags/weather_etl.py
[2026-09-14T15:59:00.717+0000] {logging_mixin.py:190} INFO - [2026-09-14T15:59:00.716+0000] {dag.py:3239} INFO - Sync 1 DAGs
[2026-09-14T15:59:00.818+0000] {logging_mixin.py:190} INFO - [2026-09-14T15:59:00.817+0000] {dag.py:4180} INFO - Setting next_dagrun for weather_etl to 2026-09-14 15:00:00+00:00, run_after=2026-09-14 16:00:00+00:00
[2026-09-14T15:59:00.878+0000] {processor.py:208} INFO - Processing /opt/airflow/dags/weather_etl.py took 2.138 seconds
[2026-09-14T15:59:31.300+0000] {processor.py:186} INFO - Started process (PID=1315) to work on /opt/airflow/dags/weather_etl.py
[2026-09-14T15:59:31.303+0000] {processor.py:914} INFO - Processing file /opt/airflow/dags/weather_etl.py for tasks to queue
[2026-09-14T15:59:31.311+0000] {logging_mixin.py:190} INFO - [2026-09-14T15:59:31.310+0000] {dagbag.py:588} INFO - Filling up the DagBag from /opt/airflow/dags/weather_etl.py
[2026-09-14T15:59:32.940+0000] {processor.py:925} INFO - DAG(s) 'weather_etl' retrieved from /opt/airflow/dags/weather_etl.py
[2026-09-14T15:59:33.047+0000] {logging_mixin.py:190} INFO - [2026-09-14T15:59:33.046+0000] {dag.py:3239} INFO - Sync 1 DAGs
[2026-09-14T15:59:33.127+0000] {logging_mixin.py:190} INFO - [2026-09-14T15:59:33.126+0000] {dag.py:4180} INFO - Setting next_dagrun for weather_etl to 2026-09-14 15:00:00+00:00, run_after=2026-09-14 16:00:00+00:00
[2026-09-14T15:59:33.206+0000] {processor.py:208} INFO - Processing /opt/airflow/dags/weather_etl.py took 1.926 seconds
[2026-09-14T16:00:03.869+0000] {processor.py:186} INFO - Started process (PID=1323) to work on /opt/airflow/dags/weather_etl.py
[2026-09-14T16:00:03.873+0000] {processor.py:914} INFO - Processing file /opt/airflow/dags/weather_etl.py for tasks to queue
[2026-09-14T16:00:03.884+0000] {logging_mixin.py:190} INFO - [2026-09-14T16:00:03.882+0000] {dagbag.py:588} INFO - Filling up the DagBag from /opt/airflow/dags/weather_etl.py
[2026-09-14T16:00:05.558+0000] {processor.py:925} INFO - DAG(s) 'weather_etl' retrieved from /opt/airflow/dags/weather_etl.py
[2026-09-14T16:00:05.650+0000] {logging_mixin.py:190} INFO - [2026-09-14T16:00:05.649+0000] {dag.py:3239} INFO - Sync 1 DAGs
[2026-09-14T16:00:05.730+0000] {logging_mixin.py:190} INFO - [2026-09-14T16:00:05.729+0000] {dag.py:4180} INFO - Setting next_dagrun for weather_etl to 2026-09-14 16:00:00+00:00, run_after=2026-09-14 17:00:00+00:00
[2026-09-14T16:00:05.796+0000] {processor.py:208} INFO - Processing /opt/airflow/dags/weather_etl.py took 1.956 seconds
[2026-09-14T16:00:36.379+0000] {processor.py:186} INFO - Started process (PID=1344) to work on /opt/airflow/dags/weather_etl.py
[2026-09-14T16:00:36.381+0000] {processor.py:914} INFO - Processing file /opt/airflow/dags/weather_etl.py for tasks to queue
[2026-09-14T16:00:36.388+0000] {logging_mixin.py:190} INFO - [2026-09-14T16:00:36.387+0000] {dagbag.py:588} INFO - Filling up the DagBag from /opt/airflow/dags/weather_etl.py
[2026-09-14T16:00:37.823+0000] {processor.py:925} INFO - DAG(s) 'weather_etl' retrieved from /opt/airflow/dags/weather_etl.py
[2026-09-14T16:00:37.911+0000] {logging_mixin.py:190} INFO - [2026-09-14T16:00:37.911+0000] {dag.py:3239} INFO - Sync 1 DAGs
[2026-09-14T16:00:37.991+0000] {logging_mixin.py:190} INFO - [2026-09-14T16:00:37.991+0000] {dag.py:4180} INFO - Setting next_dagrun for weather_etl to 2026-09-14 16:00:00+00:00, run_after=2026-09-14 17:00:00+00:00
[2026-09-14T16:00:38.054+0000] {processor.py:208} INFO - Processing /opt/airflow/dags/weather_etl.py took 1.691 seconds
[2026-09-14T16:01:08.645+0000] {processor.py:186} INFO - Started process (PID=1350) to work on /opt/airflow/dags/weather_etl.py
[2026-09-14T16:01:08.649+0000] {processor.py:914} INFO - Processing file /opt/airflow/dags/weather_etl.py for tasks to queue
[2026-09-14T16:01:08.659+0000] {logging_mixin.py:190} INFO - [2026-09-14T16:01:08.658+0000] {dagbag.py:588} INFO - Filling up the DagBag from /opt/airflow/dags/weather_etl.py
[2026-09-14T16:01:10.330+0000] {processor.py:925} INFO - DAG(s) 'weather_etl' retrieved from /opt/airflow/dags/weather_etl.py
[2026-09-14T16:01:10.433+0000] {logging_mixin.py:190} INFO - [2026-09-14T16:01:10.432+0000] {dag.py:3239} INFO - Sync 1 DAGs
[2026-09-14T16:01:10.542+0000] {logging_mixin.py:190} INFO - [2026-09-14T16:01:10.541+0000] {dag.py:4180} INFO - Setting next_dagrun for weather_etl to 2026-09-14 16:00:00+00:00, run_after=2026-09-14 17:00:00+00:00
[2026-09-14T16:01:10.601+0000] {processor.py:208} INFO - Processing /opt/airflow/dags/weather_etl.py took 1.980 seconds
[2026-09-14T16:01:41.160+0000] {processor.py:186} INFO - Started process (PID=1356) to work on /opt/airflow/dags/weather_etl.py
[2026-09-14T16:01:41.163+0000] {processor.py:914} INFO - Processing file /opt/airflow/dags/weather_etl.py for tasks to queue
[2026-09-14T16:01:41.173+0000] {logging_mixin.py:190} INFO - [2026-09-14T16:01:41.173+0000] {dagbag.py:588} INFO - Filling up the DagBag from /opt/airflow/dags/weather_etl.py
[2026-09-14T16:01:42.725+0000] {processor.py:925} INFO - DAG(s) 'weather_etl' retrieved from /opt/airflow/dags/weather_etl.py
[2026-09-14T16:01:42.829+0000] {logging_mixin.py:190} INFO - [2026-09-14T16:01:42.829+0000] {dag.py:3239} INFO - Sync 1 DAGs
[2026-09-14T16:01:42.914+0000] {logging_mixin.py:190} INFO - [2026-09-14T16:01:42.913+0000] {dag.py:4180} INFO - Setting next_dagrun for weather_etl to 2026-09-14 16:00:00+00:00, run_after=2026-09-14 17:00:00+00:00
[2026-09-14T16:01:42.973+0000] {processor.py:208} INFO - Processing /opt/airflow/dags/weather_etl.py took 1.834 seconds
[2026-09-14T16:02:13.586+0000] {processor.py:186} INFO - Started process (PID=1362) to work on /opt/airflow/dags/weather_etl.py
[2026-09-14T16:02:13.589+0000] {processor.py:914} INFO - Processing file /opt/airflow/dags/weather_etl.py for tasks to queue
[2026-09-14T16:02:13.599+0000] {logging_mixin.py:190} INFO - [2026-09-14T16:02:13.597+0000] {dagbag.py:588} INFO - Filling up the DagBag from /opt/airflow/dags/weather_etl.py
[2026-09-14T16:02:15.056+0000] {processor.py:925} INFO - DAG(s) 'weather_etl' retrieved from /opt/airflow/dags/weather_etl.py
[2026-09-14T16:02:15.148+0000] {logging_mixin.py:190} INFO - [2026-09-14T16:02:15.147+0000] {dag.py:3239} INFO - Sync 1 DAGs
[2026-09-14T16:02:15.236+0000] {logging_mixin.py:190} INFO - [2026-09-14T16:02:15.236+0000] {dag.py:4180} INFO - Setting next_dagrun for weather_etl to 2026-09-14 16:00:00+00:00, run_after=2026-09-14 17:00:00+00:00
[2026-09-14T16:02:15.306+0000] {processor.py:208} INFO - Processing /opt/airflow/dags/weather_etl.py took 1.745 seconds
[2026-09-14T16:02:45.899+0000] {processor.py:186} INFO - Started process (PID=1368) to work on /opt/airflow/dags/weather_etl.py
[2026-09-14T16:02:45.901+0000] {processor.py:914} INFO - Processing file /opt/airflow/dags/weather_etl.py for tasks to queue
[2026-09-14T16:02:45.907+0000] {logging_mixin.py:190} INFO - [2026-09-14T16:02:45.907+0000] {dagbag.py:588} INFO - Filling up the DagBag from /opt/airflow/dags/weather_etl.py
[2026-09-14T16:02:47.241+0000] {processor.py:925} INFO - DAG(s) 'weather_etl' retrieved from /opt/airflow/dags/weather_etl.py
[2026-09-14T16:02:47.327+0000] {logging_mixin.py:190} INFO - [2026-09-14T16:02:47.326+0000] {dag.py:3239} INFO - Sync 1 DAGs
[2026-09-14T16:02:47.414+0000] {logging_mixin.py:190} INFO - [2026-09-14T16:02:47.413+0000] {dag.py:4180} INFO - Setting next_dagrun for weather_etl to 2026-09-14 16:00:00+00:00, run_after=2026-09-14 17:00:00+00:00
[2026-09-14T16:02:47.479+0000] {processor.py:208} INFO - Processing /opt/airflow/dags/weather_etl.py took 1.597 seconds
[2026-09-14T16:03:18.042+0000] {processor.py:186} INFO - Started process (PID=1374) to work on /opt/airflow/dags/weather_etl.py
[2026-09-14T16:03:18.044+0000] {processor.py:914} INFO - Processing file /opt/airflow/dags/weather_etl.py for tasks to queue
[2026-09-14T16:03:18.051+0000] {logging_mixin.py:190} INFO - [2026-09-14T16:03:18.050+0000] {dagbag.py:588} INFO - Filling up the DagBag from /opt/airflow/dags/weather_etl.py
[2026-09-14T16:03:19.403+0000] {processor.py:925} INFO - DAG(s) 'weather_etl' retrieved from /opt/airflow/dags/weather_etl.py
[2026-09-14T16:03:19.491+0000] {logging_mixin.py:190} INFO - [2026-09-14T16:03:19.490+0000] {dag.py:3239} INFO - Sync 1 DAGs
[2026-09-14T16:03:19.580+0000] {logging_mixin.py:190} INFO - [2026-09-14T16:03:19.580+0000] {dag.py:4180} INFO - Setting next_dagrun for weather_etl to 2026-09-14 16:00:00+00:00, run_after=2026-09-14 17:00:00+00:00
[2026-09-14T16:03:19.641+0000] {processor.py:208} INFO - Processing /opt/airflow/dags/weather_etl.py took 1.617 seconds
[2026-09-14T16:03:50.123+0000] {processor.py:186} INFO - Started process (PID=1380) to work on /opt/airflow/dags/weather_etl.py
[2026-09-14T16:03:50.126+0000] {processor.py:914} INFO - Processing file /opt/airflow/dags/weather_etl.py for tasks to queue
[2026-09-14T16:03:50.131+0000] {logging_mixin.py:190} INFO - [2026-09-14T16:03:50.131+0000] {dagbag.py:588} INFO - Filling up the DagBag from /opt/airflow/dags/weather_etl.py
[2026-09-14T16:03:51.417+0000] {processor.py:925} INFO - DAG(s) 'weather_etl' retrieved from /opt/airflow/dags/weather_etl.py
[2026-09-14T16:03:51.504+0000] {logging_mixin.py:190} INFO - [2026-09-14T16:03:51.503+0000] {dag.py:3239} INFO - Sync 1 DAGs
[2026-09-14T16:03:51.591+0000] {logging_mixin.py:190} INFO - [2026-09-14T16:03:51.590+0000] {dag.py:4180} INFO - Setting next_dagrun for weather_etl to 2026-09-14 16:00:00+00:00, run_after=2026-09-14 17:00:00+00:00
[2026-09-14T16:03:51.652+0000] {processor.py:208} INFO - Processing /opt/airflow/dags/weather_etl.py took 1.548 seconds
[2026-09-14T16:04:22.229+0000] {processor.py:186} INFO - Started process (PID=1386) to work on /opt/airflow/dags/weather_etl.py
[2026-09-14T16:04:22.233+0000] {processor.py:914} INFO - Processing file /opt/airflow/dags/weather_etl.py for tasks to queue
[2026-09-14T16:04:22.241+0000] {logging_mixin.py:190} INFO - [2026-09-14T16:04:22.239+0000] {dagbag.py:588} INFO - Filling up the DagBag from /opt/airflow/dags/weather_etl.py
[2026-09-14T16:04:23.527+0000] {processor.py:925} INFO - DAG(s) 'weather_etl' retrieved from /opt/airflow/dags/weather_etl.py
[2026-09-14T16:04:23.612+0000] {logging_mixin.py:190} INFO - [2026-09-14T16:04:23.611+0000] {dag.py:3239} INFO - Sync 1 DAGs
[2026-09-14T16:04:23.694+0000] {logging_mixin.py:190} INFO - [2026-09-14T16:04:23.694+0000] {dag.py:4180} INFO - Setting next_dagrun for weather_etl to 2026-09-14 16:00:00+00:00, run_after=2026-09-14 17:00:00+00:00
[2026-09-14T16:04:23.751+0000] {processor.py:208} INFO - Processing /opt/airflow/dags/weather_etl.py took 1.543 seconds
[2026-09-14T16:04:54.080+0000] {processor.py:186} INFO - Started process (PID=1392) to work on /opt/airflow/dags/weather_etl.py
[2026-09-14T16:04:54.083+0000] {processor.py:914} INFO - Processing file /opt/airflow/dags/weather_etl.py for tasks to queue
[2026-09-14T16:04:54.090+0000] {logging_mixin.py:190} INFO - [2026-09-14T16:04:54.088+0000] {dagbag.py:588} INFO - Filling up the DagBag from /opt/airflow/dags/weather_etl.py
[2026-09-14T16:04:55.445+0000] {processor.py:925} INFO - DAG(s) 'weather_etl' retrieved from /opt/airflow/dags/weather_etl.py
[2026-09-14T16:04:55.540+0000] {logging_mixin.py:190} INFO - [2026-09-14T16:04:55.540+0000] {dag.py:3239} INFO - Sync 1 DAGs
[2026-09-14T16:04:55.621+0000] {logging_mixin.py:190} INFO - [2026-09-14T16:04:55.621+0000] {dag.py:4180} INFO - Setting next_dagrun for weather_etl to 2026-09-14 16:00:00+00:00, run_after=2026-09-14 17:00:00+00:00
[2026-09-14T16:04:55.681+0000] {processor.py:208} INFO - Processing /opt/airflow/dags/weather_etl.py took 1.622 seconds
[2026-09-14T16:05:26.265+0000] {processor.py:186} INFO - Started process (PID=1398) to work on /opt/airflow/dags/weather_etl.py
[2026-09-14T16:05:26.268+0000] {processor.py:914} INFO - Processing file /opt/airflow/dags/weather_etl.py for tasks to queue
[2026-09-14T16:05:26.276+0000] {logging_mixin.py:190} INFO - [2026-09-14T16:05:26.274+0000] {dagbag.py:588} INFO - Filling up the DagBag from /opt/airflow/dags/weather_etl.py
[2026-09-14T16:05:27.708+0000] {processor.py:925} INFO - DAG(s) 'weather_etl' retrieved from /opt/airflow/dags/weather_etl.py
[2026-09-14T16:05:27.794+0000] {logging_mixin.py:190} INFO - [2026-09-14T16:05:27.793+0000] {dag.py:3239} INFO - Sync 1 DAGs
[2026-09-14T16:05:27.874+0000] {logging_mixin.py:190} INFO - [2026-09-14T16:05:27.874+0000] {dag.py:4180} INFO - Setting next_dagrun for weather_etl to 2026-09-14 16:00:00+00:00, run_after=2026-09-14 17:00:00+00:00
[2026-09-14T16:05:27.940+0000] {processor.py:208} INFO - Processing /opt/airflow/dags/weather_etl.py took 1.696 seconds
[2026-09-14T16:05:58.237+0000] {processor.py:186} INFO - Started process (PID=1404) to work on /opt/airflow/dags/weather_etl.py
[2026-09-14T16:05:58.240+0000] {processor.py:914} INFO - Processing file /opt/airflow/dags/weather_etl.py for tasks to queue
[2026-09-14T16:05:58.247+0000] {logging_mixin.py:190} INFO - [2026-09-14T16:05:58.246+0000] {dagbag.py:588} INFO - Filling up the DagBag from /opt/airflow/dags/weather_etl.py
[2026-09-14T16:05:59.604+0000] {processor.py:925} INFO - DAG(s) 'weather_etl' retrieved from /opt/airflow/dags/weather_etl.py
[2026-09-14T16:05:59.697+0000] {logging_mixin.py:190} INFO - [2026-09-14T16:05:59.697+0000] {dag.py:3239} INFO - Sync 1 DAGs
[2026-09-14T16:05:59.794+0000] {logging_mixin.py:190} INFO - [2026-09-14T16:05:59.793+0000] {dag.py:4180} INFO - Setting next_dagrun for weather_etl to 2026-09-14 16:00:00+00:00, run_after=2026-09-14 17:00:00+00:00
[2026-09-14T16:05:59.863+0000] {processor.py:208} INFO - Processing /opt/airflow/dags/weather_etl.py took 1.646 seconds
[2026-09-14T16:06:30.485+0000] {processor.py:186} INFO - Started process (PID=1410) to work on /opt/airflow/dags/weather_etl.py
[2026-09-14T16:06:30.488+0000] {processor.py:914} INFO - Processing file /opt/airflow/dags/weather_etl.py for tasks to queue
[2026-09-14T16:06:30.497+0000] {logging_mixin.py:190} INFO - [2026-09-14T16:06:30.495+0000] {dagbag.py:588} INFO - Filling up the DagBag from /opt/airflow/dags/weather_etl.py
[2026-09-14T16:06:32.083+0000] {processor.py:925} INFO - DAG(s) 'weather_etl' retrieved from /opt/airflow/dags/weather_etl.py
[2026-09-14T16:06:32.246+0000] {logging_mixin.py:190} INFO - [2026-09-14T16:06:32.245+0000] {dag.py:3239} INFO - Sync 1 DAGs
[2026-09-14T16:06:32.343+0000] {logging_mixin.py:190} INFO - [2026-09-14T16:06:32.342+0000] {dag.py:4180} INFO - Setting next_dagrun for weather_etl to 2026-09-14 16:00:00+00:00, run_after=2026-09-14 17:00:00+00:00
[2026-09-14T16:06:32.406+0000] {processor.py:208} INFO - Processing /opt/airflow/dags/weather_etl.py took 1.944 seconds
[2026-09-14T16:07:02.984+0000] {processor.py:186} INFO - Started process (PID=1416) to work on /opt/airflow/dags/weather_etl.py
[2026-09-14T16:07:02.987+0000] {processor.py:914} INFO - Processing file /opt/airflow/dags/weather_etl.py for tasks to queue
[2026-09-14T16:07:02.994+0000] {logging_mixin.py:190} INFO - [2026-09-14T16:07:02.993+0000] {dagbag.py:588} INFO - Filling up the DagBag from /opt/airflow/dags/weather_etl.py
[2026-09-14T16:07:04.379+0000] {processor.py:925} INFO - DAG(s) 'weather_etl' retrieved from /opt/airflow/dags/weather_etl.py
[2026-09-14T16:07:04.469+0000] {logging_mixin.py:190} INFO - [2026-09-14T16:07:04.469+0000] {dag.py:3239} INFO - Sync 1 DAGs
[2026-09-14T16:07:04.610+0000] {logging_mixin.py:190} INFO - [2026-09-14T16:07:04.609+0000] {dag.py:4180} INFO - Setting next_dagrun for weather_etl to 2026-09-14 16:00:00+00:00, run_after=2026-09-14 17:00:00+00:00
[2026-09-14T16:07:04.702+0000] {processor.py:208} INFO - Processing /opt/airflow/dags/weather_etl.py took 1.737 seconds
[2026-09-14T16:07:35.324+0000] {processor.py:186} INFO - Started process (PID=1422) to work on /opt/airflow/dags/weather_etl.py
[2026-09-14T16:07:35.327+0000] {processor.py:914} INFO - Processing file /opt/airflow/dags/weather_etl.py for tasks to queue
[2026-09-14T16:07:35.337+0000] {logging_mixin.py:190} INFO - [2026-09-14T16:07:35.336+0000] {dagbag.py:588} INFO - Filling up the DagBag from /opt/airflow/dags/weather_etl.py
[2026-09-14T16:07:36.940+0000] {processor.py:925} INFO - DAG(s) 'weather_etl' retrieved from /opt/airflow/dags/weather_etl.py
[2026-09-14T16:07:37.030+0000] {logging_mixin.py:190} INFO - [2026-09-14T16:07:37.030+0000] {dag.py:3239} INFO - Sync 1 DAGs
[2026-09-14T16:07:37.112+0000] {logging_mixin.py:190} INFO - [2026-09-14T16:07:37.112+0000] {dag.py:4180} INFO - Setting next_dagrun for weather_etl to 2026-09-14 16:00:00+00:00, run_after=2026-09-14 17:00:00+00:00
[2026-09-14T16:07:37.174+0000] {processor.py:208} INFO - Processing /opt/airflow/dags/weather_etl.py took 1.874 seconds
[2026-09-14T16:08:07.891+0000] {processor.py:186} INFO - Started process (PID=1429) to work on /opt/airflow/dags/weather_etl.py
[2026-09-14T16:08:07.897+0000] {processor.py:914} INFO - Processing file /opt/airflow/dags/weather_etl.py for tasks to queue
[2026-09-14T16:08:07.923+0000] {logging_mixin.py:190} INFO - [2026-09-14T16:08:07.922+0000] {dagbag.py:588} INFO - Filling up the DagBag from /opt/airflow/dags/weather_etl.py
[2026-09-14T16:08:09.938+0000] {processor.py:925} INFO - DAG(s) 'weather_etl' retrieved from /opt/airflow/dags/weather_etl.py
[2026-09-14T16:08:10.029+0000] {logging_mixin.py:190} INFO - [2026-09-14T16:08:10.028+0000] {dag.py:3239} INFO - Sync 1 DAGs
[2026-09-14T16:08:10.123+0000] {logging_mixin.py:190} INFO - [2026-09-14T16:08:10.123+0000] {dag.py:4180} INFO - Setting next_dagrun for weather_etl to 2026-09-14 16:00:00+00:00, run_after=2026-09-14 17:00:00+00:00
[2026-09-14T16:08:10.186+0000] {processor.py:208} INFO - Processing /opt/airflow/dags/weather_etl.py took 2.368 seconds
[2026-09-14T16:08:40.653+0000] {processor.py:186} INFO - Started process (PID=1435) to work on /opt/airflow/dags/weather_etl.py
[2026-09-14T16:08:40.657+0000] {processor.py:914} INFO - Processing file /opt/airflow/dags/weather_etl.py for tasks to queue
[2026-09-14T16:08:40.680+0000] {logging_mixin.py:190} INFO - [2026-09-14T16:08:40.678+0000] {dagbag.py:588} INFO - Filling up the DagBag from /opt/airflow/dags/weather_etl.py
[2026-09-14T16:08:42.455+0000] {processor.py:925} INFO - DAG(s) 'weather_etl' retrieved from /opt/airflow/dags/weather_etl.py
[2026-09-14T16:08:42.574+0000] {logging_mixin.py:190} INFO - [2026-09-14T16:08:42.573+0000] {dag.py:3239} INFO - Sync 1 DAGs
[2026-09-14T16:08:42.674+0000] {logging_mixin.py:190} INFO - [2026-09-14T16:08:42.674+0000] {dag.py:4180} INFO - Setting next_dagrun for weather_etl to 2026-09-14 16:00:00+00:00, run_after=2026-09-14 17:00:00+00:00
[2026-09-14T16:08:42.741+0000] {processor.py:208} INFO - Processing /opt/airflow/dags/weather_etl.py took 2.123 seconds
[2026-09-14T16:09:13.279+0000] {processor.py:186} INFO - Started process (PID=1441) to work on /opt/airflow/dags/weather_etl.py
[2026-09-14T16:09:13.283+0000] {processor.py:914} INFO - Processing file /opt/airflow/dags/weather_etl.py for tasks to queue
[2026-09-14T16:09:13.293+0000] {logging_mixin.py:190} INFO - [2026-09-14T16:09:13.292+0000] {dagbag.py:588} INFO - Filling up the DagBag from /opt/airflow/dags/weather_etl.py
[2026-09-14T16:09:15.041+0000] {processor.py:925} INFO - DAG(s) 'weather_etl' retrieved from /opt/airflow/dags/weather_etl.py
[2026-09-14T16:09:15.130+0000] {logging_mixin.py:190} INFO - [2026-09-14T16:09:15.130+0000] {dag.py:3239} INFO - Sync 1 DAGs
[2026-09-14T16:09:15.236+0000] {logging_mixin.py:190} INFO - [2026-09-14T16:09:15.236+0000] {dag.py:4180} INFO - Setting next_dagrun for weather_etl to 2026-09-14 16:00:00+00:00, run_after=2026-09-14 17:00:00+00:00
[2026-09-14T16:09:15.307+0000] {processor.py:208} INFO - Processing /opt/airflow/dags/weather_etl.py took 2.054 seconds
[2026-09-14T16:09:45.800+0000] {processor.py:186} INFO - Started process (PID=1447) to work on /opt/airflow/dags/weather_etl.py
[2026-09-14T16:09:45.803+0000] {processor.py:914} INFO - Processing file /opt/airflow/dags/weather_etl.py for tasks to queue
[2026-09-14T16:09:45.814+0000] {logging_mixin.py:190} INFO - [2026-09-14T16:09:45.812+0000] {dagbag.py:588} INFO - Filling up the DagBag from /opt/airflow/dags/weather_etl.py
[2026-09-14T16:09:47.343+0000] {processor.py:925} INFO - DAG(s) 'weather_etl' retrieved from /opt/airflow/dags/weather_etl.py
[2026-09-14T16:09:47.435+0000] {logging_mixin.py:190} INFO - [2026-09-14T16:09:47.435+0000] {dag.py:3239} INFO - Sync 1 DAGs
[2026-09-14T16:09:47.515+0000] {logging_mixin.py:190} INFO - [2026-09-14T16:09:47.514+0000] {dag.py:4180} INFO - Setting next_dagrun for weather_etl to 2026-09-14 16:00:00+00:00, run_after=2026-09-14 17:00:00+00:00
[2026-09-14T16:09:47.580+0000] {processor.py:208} INFO - Processing /opt/airflow/dags/weather_etl.py took 1.802 seconds
[2026-09-14T16:10:18.195+0000] {processor.py:186} INFO - Started process (PID=1453) to work on /opt/airflow/dags/weather_etl.py
[2026-09-14T16:10:18.198+0000] {processor.py:914} INFO - Processing file /opt/airflow/dags/weather_etl.py for tasks to queue
[2026-09-14T16:10:18.207+0000] {logging_mixin.py:190} INFO - [2026-09-14T16:10:18.206+0000] {dagbag.py:588} INFO - Filling up the DagBag from /opt/airflow/dags/weather_etl.py
[2026-09-14T16:10:19.707+0000] {processor.py:925} INFO - DAG(s) 'weather_etl' retrieved from /opt/airflow/dags/weather_etl.py
[2026-09-14T16:10:19.812+0000] {logging_mixin.py:190} INFO - [2026-09-14T16:10:19.811+0000] {dag.py:3239} INFO - Sync 1 DAGs
[2026-09-14T16:10:19.900+0000] {logging_mixin.py:190} INFO - [2026-09-14T16:10:19.900+0000] {dag.py:4180} INFO - Setting next_dagrun for weather_etl to 2026-09-14 16:00:00+00:00, run_after=2026-09-14 17:00:00+00:00
[2026-09-14T16:10:19.967+0000] {processor.py:208} INFO - Processing /opt/airflow/dags/weather_etl.py took 1.792 seconds
[2026-09-14T16:10:50.570+0000] {processor.py:186} INFO - Started process (PID=1459) to work on /opt/airflow/dags/weather_etl.py
[2026-09-14T16:10:50.574+0000] {processor.py:914} INFO - Processing file /opt/airflow/dags/weather_etl.py for tasks to queue
[2026-09-14T16:10:50.580+0000] {logging_mixin.py:190} INFO - [2026-09-14T16:10:50.579+0000] {dagbag.py:588} INFO - Filling up the DagBag from /opt/airflow/dags/weather_etl.py
[2026-09-14T16:10:51.979+0000] {processor.py:925} INFO - DAG(s) 'weather_etl' retrieved from /opt/airflow/dags/weather_etl.py
[2026-09-14T16:10:52.079+0000] {logging_mixin.py:190} INFO - [2026-09-14T16:10:52.078+0000] {dag.py:3239} INFO - Sync 1 DAGs
[2026-09-14T16:10:52.186+0000] {logging_mixin.py:190} INFO - [2026-09-14T16:10:52.185+0000] {dag.py:4180} INFO - Setting next_dagrun for weather_etl to 2026-09-14 16:00:00+00:00, run_after=2026-09-14 17:00:00+00:00
[2026-09-14T16:10:52.261+0000] {processor.py:208} INFO - Processing /opt/airflow/dags/weather_etl.py took 1.714 seconds
[2026-09-14T16:11:22.858+0000] {processor.py:186} INFO - Started process (PID=1465) to work on /opt/airflow/dags/weather_etl.py
[2026-09-14T16:11:22.862+0000] {processor.py:914} INFO - Processing file /opt/airflow/dags/weather_etl.py for tasks to queue
[2026-09-14T16:11:22.869+0000] {logging_mixin.py:190} INFO - [2026-09-14T16:11:22.868+0000] {dagbag.py:588} INFO - Filling up the DagBag from /opt/airflow/dags/weather_etl.py
[2026-09-14T16:11:24.277+0000] {processor.py:925} INFO - DAG(s) 'weather_etl' retrieved from /opt/airflow/dags/weather_etl.py
[2026-09-14T16:11:24.364+0000] {logging_mixin.py:190} INFO - [2026-09-14T16:11:24.363+0000] {dag.py:3239} INFO - Sync 1 DAGs
[2026-09-14T16:11:24.454+0000] {logging_mixin.py:190} INFO - [2026-09-14T16:11:24.453+0000] {dag.py:4180} INFO - Setting next_dagrun for weather_etl to 2026-09-14 16:00:00+00:00, run_after=2026-09-14 17:00:00+00:00
[2026-09-14T16:11:24.521+0000] {processor.py:208} INFO - Processing /opt/airflow/dags/weather_etl.py took 1.683 seconds
[2026-09-14T16:11:54.733+0000] {processor.py:186} INFO - Started process (PID=1471) to work on /opt/airflow/dags/weather_etl.py
[2026-09-14T16:11:54.736+0000] {processor.py:914} INFO - Processing file /opt/airflow/dags/weather_etl.py for tasks to queue
[2026-09-14T16:11:54.742+0000] {logging_mixin.py:190} INFO - [2026-09-14T16:11:54.741+0000] {dagbag.py:588} INFO - Filling up the DagBag from /opt/airflow/dags/weather_etl.py
[2026-09-14T16:11:56.179+0000] {processor.py:925} INFO - DAG(s) 'weather_etl' retrieved from /opt/airflow/dags/weather_etl.py
[2026-09-14T16:11:56.266+0000] {logging_mixin.py:190} INFO - [2026-09-14T16:11:56.266+0000] {dag.py:3239} INFO - Sync 1 DAGs
[2026-09-14T16:11:56.358+0000] {logging_mixin.py:190} INFO - [2026-09-14T16:11:56.357+0000] {dag.py:4180} INFO - Setting next_dagrun for weather_etl to 2026-09-14 16:00:00+00:00, run_after=2026-09-14 17:00:00+00:00
[2026-09-14T16:11:56.417+0000] {processor.py:208} INFO - Processing /opt/airflow/dags/weather_etl.py took 1.700 seconds
[2026-09-14T16:12:26.970+0000] {processor.py:186} INFO - Started process (PID=1477) to work on /opt/airflow/dags/weather_etl.py
[2026-09-14T16:12:26.974+0000] {processor.py:914} INFO - Processing file /opt/airflow/dags/weather_etl.py for tasks to queue
[2026-09-14T16:12:26.982+0000] {logging_mixin.py:190} INFO - [2026-09-14T16:12:26.981+0000] {dagbag.py:588} INFO - Filling up the DagBag from /opt/airflow/dags/weather_etl.py
[2026-09-14T16:12:28.439+0000] {processor.py:925} INFO - DAG(s) 'weather_etl' retrieved from /opt/airflow/dags/weather_etl.py
[2026-09-14T16:12:28.525+0000] {logging_mixin.py:190} INFO - [2026-09-14T16:12:28.524+0000] {dag.py:3239} INFO - Sync 1 DAGs
[2026-09-14T16:12:28.597+0000] {logging_mixin.py:190} INFO - [2026-09-14T16:12:28.596+0000] {dag.py:4180} INFO - Setting next_dagrun for weather_etl to 2026-09-14 16:00:00+00:00, run_after=2026-09-14 17:00:00+00:00
[2026-09-14T16:12:28.658+0000] {processor.py:208} INFO - Processing /opt/airflow/dags/weather_etl.py took 1.704 seconds
[2026-09-14T16:12:59.026+0000] {processor.py:186} INFO - Started process (PID=1483) to work on /opt/airflow/dags/weather_etl.py
[2026-09-14T16:12:59.029+0000] {processor.py:914} INFO - Processing file /opt/airflow/dags/weather_etl.py for tasks to queue
[2026-09-14T16:12:59.036+0000] {logging_mixin.py:190} INFO - [2026-09-14T16:12:59.035+0000] {dagbag.py:588} INFO - Filling up the DagBag from /opt/airflow/dags/weather_etl.py
[2026-09-14T16:13:00.302+0000] {processor.py:925} INFO - DAG(s) 'weather_etl' retrieved from /opt/airflow/dags/weather_etl.py
[2026-09-14T16:13:00.406+0000] {logging_mixin.py:190} INFO - [2026-09-14T16:13:00.405+0000] {dag.py:3239} INFO - Sync 1 DAGs
[2026-09-14T16:13:00.493+0000] {logging_mixin.py:190} INFO - [2026-09-14T16:13:00.492+0000] {dag.py:4180} INFO - Setting next_dagrun for weather_etl to 2026-09-14 16:00:00+00:00, run_after=2026-09-14 17:00:00+00:00
[2026-09-14T16:13:00.555+0000] {processor.py:208} INFO - Processing /opt/airflow/dags/weather_etl.py took 1.543 seconds
[2026-09-14T16:13:30.810+0000] {processor.py:186} INFO - Started process (PID=1489) to work on /opt/airflow/dags/weather_etl.py
[2026-09-14T16:13:30.813+0000] {processor.py:914} INFO - Processing file /opt/airflow/dags/weather_etl.py for tasks to queue
[2026-09-14T16:13:30.820+0000] {logging_mixin.py:190} INFO - [2026-09-14T16:13:30.818+0000] {dagbag.py:588} INFO - Filling up the DagBag from /opt/airflow/dags/weather_etl.py
[2026-09-14T16:13:32.224+0000] {processor.py:925} INFO - DAG(s) 'weather_etl' retrieved from /opt/airflow/dags/weather_etl.py
[2026-09-14T16:13:32.315+0000] {logging_mixin.py:190} INFO - [2026-09-14T16:13:32.314+0000] {dag.py:3239} INFO - Sync 1 DAGs
[2026-09-14T16:13:32.398+0000] {logging_mixin.py:190} INFO - [2026-09-14T16:13:32.398+0000] {dag.py:4180} INFO - Setting next_dagrun for weather_etl to 2026-09-14 16:00:00+00:00, run_after=2026-09-14 17:00:00+00:00
[2026-09-14T16:13:32.463+0000] {processor.py:208} INFO - Processing /opt/airflow/dags/weather_etl.py took 1.672 seconds
[2026-09-14T16:14:02.633+0000] {processor.py:186} INFO - Started process (PID=1495) to work on /opt/airflow/dags/weather_etl.py
[2026-09-14T16:14:02.636+0000] {processor.py:914} INFO - Processing file /opt/airflow/dags/weather_etl.py for tasks to queue
[2026-09-14T16:14:02.644+0000] {logging_mixin.py:190} INFO - [2026-09-14T16:14:02.642+0000] {dagbag.py:588} INFO - Filling up the DagBag from /opt/airflow/dags/weather_etl.py
[2026-09-14T16:14:04.176+0000] {processor.py:925} INFO - DAG(s) 'weather_etl' retrieved from /opt/airflow/dags/weather_etl.py
[2026-09-14T16:14:04.275+0000] {logging_mixin.py:190} INFO - [2026-09-14T16:14:04.274+0000] {dag.py:3239} INFO - Sync 1 DAGs
[2026-09-14T16:14:04.364+0000] {logging_mixin.py:190} INFO - [2026-09-14T16:14:04.363+0000] {dag.py:4180} INFO - Setting next_dagrun for weather_etl to 2026-09-14 16:00:00+00:00, run_after=2026-09-14 17:00:00+00:00
[2026-09-14T16:14:04.427+0000] {processor.py:208} INFO - Processing /opt/airflow/dags/weather_etl.py took 1.814 seconds
[2026-09-14T16:14:35.013+0000] {processor.py:186} INFO - Started process (PID=1501) to work on /opt/airflow/dags/weather_etl.py
[2026-09-14T16:14:35.018+0000] {processor.py:914} INFO - Processing file /opt/airflow/dags/weather_etl.py for tasks to queue
[2026-09-14T16:14:35.027+0000] {logging_mixin.py:190} INFO - [2026-09-14T16:14:35.026+0000] {dagbag.py:588} INFO - Filling up the DagBag from /opt/airflow/dags/weather_etl.py
[2026-09-14T16:14:36.551+0000] {processor.py:925} INFO - DAG(s) 'weather_etl' retrieved from /opt/airflow/dags/weather_etl.py
[2026-09-14T16:14:36.657+0000] {logging_mixin.py:190} INFO - [2026-09-14T16:14:36.656+0000] {dag.py:3239} INFO - Sync 1 DAGs
[2026-09-14T16:14:36.736+0000] {logging_mixin.py:190} INFO - [2026-09-14T16:14:36.736+0000] {dag.py:4180} INFO - Setting next_dagrun for weather_etl to 2026-09-14 16:00:00+00:00, run_after=2026-09-14 17:00:00+00:00
[2026-09-14T16:14:36.802+0000] {processor.py:208} INFO - Processing /opt/airflow/dags/weather_etl.py took 1.808 seconds
[2026-09-14T16:15:06.968+0000] {processor.py:186} INFO - Started process (PID=1507) to work on /opt/airflow/dags/weather_etl.py
[2026-09-14T16:15:06.972+0000] {processor.py:914} INFO - Processing file /opt/airflow/dags/weather_etl.py for tasks to queue
[2026-09-14T16:15:06.982+0000] {logging_mixin.py:190} INFO - [2026-09-14T16:15:06.981+0000] {dagbag.py:588} INFO - Filling up the DagBag from /opt/airflow/dags/weather_etl.py
[2026-09-14T16:15:08.402+0000] {processor.py:925} INFO - DAG(s) 'weather_etl' retrieved from /opt/airflow/dags/weather_etl.py
[2026-09-14T16:15:08.492+0000] {logging_mixin.py:190} INFO - [2026-09-14T16:15:08.491+0000] {dag.py:3239} INFO - Sync 1 DAGs
[2026-09-14T16:15:08.573+0000] {logging_mixin.py:190} INFO - [2026-09-14T16:15:08.572+0000] {dag.py:4180} INFO - Setting next_dagrun for weather_etl to 2026-09-14 16:00:00+00:00, run_after=2026-09-14 17:00:00+00:00
[2026-09-14T16:15:08.635+0000] {processor.py:208} INFO - Processing /opt/airflow/dags/weather_etl.py took 1.692 seconds
[2026-09-14T16:15:38.866+0000] {processor.py:186} INFO - Started process (PID=1513) to work on /opt/airflow/dags/weather_etl.py
[2026-09-14T16:15:38.869+0000] {processor.py:914} INFO - Processing file /opt/airflow/dags/weather_etl.py for tasks to queue
[2026-09-14T16:15:38.880+0000] {logging_mixin.py:190} INFO - [2026-09-14T16:15:38.878+0000] {dagbag.py:588} INFO - Filling up the DagBag from /opt/airflow/dags/weather_etl.py
[2026-09-14T16:15:40.316+0000] {processor.py:925} INFO - DAG(s) 'weather_etl' retrieved from /opt/airflow/dags/weather_etl.py
[2026-09-14T16:15:40.414+0000] {logging_mixin.py:190} INFO - [2026-09-14T16:15:40.413+0000] {dag.py:3239} INFO - Sync 1 DAGs
[2026-09-14T16:15:40.490+0000] {logging_mixin.py:190} INFO - [2026-09-14T16:15:40.490+0000] {dag.py:4180} INFO - Setting next_dagrun for weather_etl to 2026-09-14 16:00:00+00:00, run_after=2026-09-14 17:00:00+00:00
[2026-09-14T16:15:40.553+0000] {processor.py:208} INFO - Processing /opt/airflow/dags/weather_etl.py took 1.708 seconds
[2026-09-14T16:16:11.128+0000] {processor.py:186} INFO - Started process (PID=1519) to work on /opt/airflow/dags/weather_etl.py
[2026-09-14T16:16:11.131+0000] {processor.py:914} INFO - Processing file /opt/airflow/dags/weather_etl.py for tasks to queue
[2026-09-14T16:16:11.138+0000] {logging_mixin.py:190} INFO - [2026-09-14T16:16:11.137+0000] {dagbag.py:588} INFO - Filling up the DagBag from /opt/airflow/dags/weather_etl.py
[2026-09-14T16:16:12.446+0000] {processor.py:925} INFO - DAG(s) 'weather_etl' retrieved from /opt/airflow/dags/weather_etl.py
[2026-09-14T16:16:12.535+0000] {logging_mixin.py:190} INFO - [2026-09-14T16:16:12.534+0000] {dag.py:3239} INFO - Sync 1 DAGs
[2026-09-14T16:16:12.628+0000] {logging_mixin.py:190} INFO - [2026-09-14T16:16:12.628+0000] {dag.py:4180} INFO - Setting next_dagrun for weather_etl to 2026-09-14 16:00:00+00:00, run_after=2026-09-14 17:00:00+00:00
[2026-09-14T16:16:12.696+0000] {processor.py:208} INFO - Processing /opt/airflow/dags/weather_etl.py took 1.587 seconds
[2026-09-14T16:16:43.115+0000] {processor.py:186} INFO - Started process (PID=1525) to work on /opt/airflow/dags/weather_etl.py
[2026-09-14T16:16:43.119+0000] {processor.py:914} INFO - Processing file /opt/airflow/dags/weather_etl.py for tasks to queue
[2026-09-14T16:16:43.129+0000] {logging_mixin.py:190} INFO - [2026-09-14T16:16:43.128+0000] {dagbag.py:588} INFO - Filling up the DagBag from /opt/airflow/dags/weather_etl.py
[2026-09-14T16:16:44.547+0000] {processor.py:925} INFO - DAG(s) 'weather_etl' retrieved from /opt/airflow/dags/weather_etl.py
[2026-09-14T16:16:44.630+0000] {logging_mixin.py:190} INFO - [2026-09-14T16:16:44.629+0000] {dag.py:3239} INFO - Sync 1 DAGs
[2026-09-14T16:16:44.713+0000] {logging_mixin.py:190} INFO - [2026-09-14T16:16:44.713+0000] {dag.py:4180} INFO - Setting next_dagrun for weather_etl to 2026-09-14 16:00:00+00:00, run_after=2026-09-14 17:00:00+00:00
[2026-09-14T16:16:44.782+0000] {processor.py:208} INFO - Processing /opt/airflow/dags/weather_etl.py took 1.689 seconds
[2026-09-14T16:17:15.436+0000] {processor.py:186} INFO - Started process (PID=1531) to work on /opt/airflow/dags/weather_etl.py
[2026-09-14T16:17:15.443+0000] {processor.py:914} INFO - Processing file /opt/airflow/dags/weather_etl.py for tasks to queue
[2026-09-14T16:17:15.461+0000] {logging_mixin.py:190} INFO - [2026-09-14T16:17:15.451+0000] {dagbag.py:588} INFO - Filling up the DagBag from /opt/airflow/dags/weather_etl.py
[2026-09-14T16:17:17.095+0000] {processor.py:925} INFO - DAG(s) 'weather_etl' retrieved from /opt/airflow/dags/weather_etl.py
[2026-09-14T16:17:17.183+0000] {logging_mixin.py:190} INFO - [2026-09-14T16:17:17.182+0000] {dag.py:3239} INFO - Sync 1 DAGs
[2026-09-14T16:17:17.277+0000] {logging_mixin.py:190} INFO - [2026-09-14T16:17:17.276+0000] {dag.py:4180} INFO - Setting next_dagrun for weather_etl to 2026-09-14 16:00:00+00:00, run_after=2026-09-14 17:00:00+00:00
[2026-09-14T16:17:17.342+0000] {processor.py:208} INFO - Processing /opt/airflow/dags/weather_etl.py took 1.928 seconds
[2026-09-14T16:17:47.960+0000] {processor.py:186} INFO - Started process (PID=1537) to work on /opt/airflow/dags/weather_etl.py
[2026-09-14T16:17:47.964+0000] {processor.py:914} INFO - Processing file /opt/airflow/dags/weather_etl.py for tasks to queue
[2026-09-14T16:17:47.973+0000] {logging_mixin.py:190} INFO - [2026-09-14T16:17:47.972+0000] {dagbag.py:588} INFO - Filling up the DagBag from /opt/airflow/dags/weather_etl.py
[2026-09-14T16:17:49.380+0000] {processor.py:925} INFO - DAG(s) 'weather_etl' retrieved from /opt/airflow/dags/weather_etl.py
[2026-09-14T16:17:49.475+0000] {logging_mixin.py:190} INFO - [2026-09-14T16:17:49.475+0000] {dag.py:3239} INFO - Sync 1 DAGs
[2026-09-14T16:17:49.563+0000] {logging_mixin.py:190} INFO - [2026-09-14T16:17:49.563+0000] {dag.py:4180} INFO - Setting next_dagrun for weather_etl to 2026-09-14 16:00:00+00:00, run_after=2026-09-14 17:00:00+00:00
[2026-09-14T16:17:49.627+0000] {processor.py:208} INFO - Processing /opt/airflow/dags/weather_etl.py took 1.697 seconds
[2026-09-14T16:18:20.246+0000] {processor.py:186} INFO - Started process (PID=1543) to work on /opt/airflow/dags/weather_etl.py
[2026-09-14T16:18:20.249+0000] {processor.py:914} INFO - Processing file /opt/airflow/dags/weather_etl.py for tasks to queue
[2026-09-14T16:18:20.255+0000] {logging_mixin.py:190} INFO - [2026-09-14T16:18:20.254+0000] {dagbag.py:588} INFO - Filling up the DagBag from /opt/airflow/dags/weather_etl.py
[2026-09-14T16:18:21.480+0000] {processor.py:925} INFO - DAG(s) 'weather_etl' retrieved from /opt/airflow/dags/weather_etl.py
[2026-09-14T16:18:21.564+0000] {logging_mixin.py:190} INFO - [2026-09-14T16:18:21.564+0000] {dag.py:3239} INFO - Sync 1 DAGs
[2026-09-14T16:18:21.637+0000] {logging_mixin.py:190} INFO - [2026-09-14T16:18:21.637+0000] {dag.py:4180} INFO - Setting next_dagrun for weather_etl to 2026-09-14 16:00:00+00:00, run_after=2026-09-14 17:00:00+00:00
[2026-09-14T16:18:21.697+0000] {processor.py:208} INFO - Processing /opt/airflow/dags/weather_etl.py took 1.473 seconds
[2026-09-14T16:18:52.297+0000] {processor.py:186} INFO - Started process (PID=1549) to work on /opt/airflow/dags/weather_etl.py
[2026-09-14T16:18:52.300+0000] {processor.py:914} INFO - Processing file /opt/airflow/dags/weather_etl.py for tasks to queue
[2026-09-14T16:18:52.307+0000] {logging_mixin.py:190} INFO - [2026-09-14T16:18:52.306+0000] {dagbag.py:588} INFO - Filling up the DagBag from /opt/airflow/dags/weather_etl.py
[2026-09-14T16:18:53.769+0000] {processor.py:925} INFO - DAG(s) 'weather_etl' retrieved from /opt/airflow/dags/weather_etl.py
[2026-09-14T16:18:53.873+0000] {logging_mixin.py:190} INFO - [2026-09-14T16:18:53.872+0000] {dag.py:3239} INFO - Sync 1 DAGs
[2026-09-14T16:18:53.956+0000] {logging_mixin.py:190} INFO - [2026-09-14T16:18:53.955+0000] {dag.py:4180} INFO - Setting next_dagrun for weather_etl to 2026-09-14 16:00:00+00:00, run_after=2026-09-14 17:00:00+00:00
[2026-09-14T16:18:54.022+0000] {processor.py:208} INFO - Processing /opt/airflow/dags/weather_etl.py took 1.741 seconds
[2026-09-14T16:19:24.225+0000] {processor.py:186} INFO - Started process (PID=1555) to work on /opt/airflow/dags/weather_etl.py
[2026-09-14T16:19:24.230+0000] {processor.py:914} INFO - Processing file /opt/airflow/dags/weather_etl.py for tasks to queue
[2026-09-14T16:19:24.243+0000] {logging_mixin.py:190} INFO - [2026-09-14T16:19:24.241+0000] {dagbag.py:588} INFO - Filling up the DagBag from /opt/airflow/dags/weather_etl.py
[2026-09-14T16:19:26.127+0000] {processor.py:925} INFO - DAG(s) 'weather_etl' retrieved from /opt/airflow/dags/weather_etl.py
[2026-09-14T16:19:26.230+0000] {logging_mixin.py:190} INFO - [2026-09-14T16:19:26.229+0000] {dag.py:3239} INFO - Sync 1 DAGs
[2026-09-14T16:19:26.328+0000] {logging_mixin.py:190} INFO - [2026-09-14T16:19:26.328+0000] {dag.py:4180} INFO - Setting next_dagrun for weather_etl to 2026-09-14 16:00:00+00:00, run_after=2026-09-14 17:00:00+00:00
[2026-09-14T16:19:26.401+0000] {processor.py:208} INFO - Processing /opt/airflow/dags/weather_etl.py took 2.207 seconds
[2026-09-14T16:19:56.707+0000] {processor.py:186} INFO - Started process (PID=1561) to work on /opt/airflow/dags/weather_etl.py
[2026-09-14T16:19:56.711+0000] {processor.py:914} INFO - Processing file /opt/airflow/dags/weather_etl.py for tasks to queue
[2026-09-14T16:19:56.719+0000] {logging_mixin.py:190} INFO - [2026-09-14T16:19:56.718+0000] {dagbag.py:588} INFO - Filling up the DagBag from /opt/airflow/dags/weather_etl.py
[2026-09-14T16:19:58.161+0000] {processor.py:925} INFO - DAG(s) 'weather_etl' retrieved from /opt/airflow/dags/weather_etl.py
[2026-09-14T16:19:58.270+0000] {logging_mixin.py:190} INFO - [2026-09-14T16:19:58.270+0000] {dag.py:3239} INFO - Sync 1 DAGs
[2026-09-14T16:19:58.350+0000] {logging_mixin.py:190} INFO - [2026-09-14T16:19:58.349+0000] {dag.py:4180} INFO - Setting next_dagrun for weather_etl to 2026-09-14 16:00:00+00:00, run_after=2026-09-14 17:00:00+00:00
[2026-09-14T16:19:58.410+0000] {processor.py:208} INFO - Processing /opt/airflow/dags/weather_etl.py took 1.718 seconds
[2026-09-14T16:20:29.016+0000] {processor.py:186} INFO - Started process (PID=1571) to work on /opt/airflow/dags/weather_etl.py
[2026-09-14T16:20:29.022+0000] {processor.py:914} INFO - Processing file /opt/airflow/dags/weather_etl.py for tasks to queue
[2026-09-14T16:20:29.037+0000] {logging_mixin.py:190} INFO - [2026-09-14T16:20:29.035+0000] {dagbag.py:588} INFO - Filling up the DagBag from /opt/airflow/dags/weather_etl.py
[2026-09-14T16:20:30.679+0000] {processor.py:925} INFO - DAG(s) 'weather_etl' retrieved from /opt/airflow/dags/weather_etl.py
[2026-09-14T16:20:30.765+0000] {logging_mixin.py:190} INFO - [2026-09-14T16:20:30.764+0000] {dag.py:3239} INFO - Sync 1 DAGs
[2026-09-14T16:20:30.857+0000] {logging_mixin.py:190} INFO - [2026-09-14T16:20:30.856+0000] {dag.py:4180} INFO - Setting next_dagrun for weather_etl to 2026-09-14 16:00:00+00:00, run_after=2026-09-14 17:00:00+00:00
[2026-09-14T16:20:30.924+0000] {processor.py:208} INFO - Processing /opt/airflow/dags/weather_etl.py took 1.939 seconds
[2026-09-14T16:21:01.529+0000] {processor.py:186} INFO - Started process (PID=1590) to work on /opt/airflow/dags/weather_etl.py
[2026-09-14T16:21:01.533+0000] {processor.py:914} INFO - Processing file /opt/airflow/dags/weather_etl.py for tasks to queue
[2026-09-14T16:21:01.541+0000] {logging_mixin.py:190} INFO - [2026-09-14T16:21:01.540+0000] {dagbag.py:588} INFO - Filling up the DagBag from /opt/airflow/dags/weather_etl.py
[2026-09-14T16:21:03.332+0000] {processor.py:925} INFO - DAG(s) 'weather_etl' retrieved from /opt/airflow/dags/weather_etl.py
[2026-09-14T16:21:03.437+0000] {logging_mixin.py:190} INFO - [2026-09-14T16:21:03.436+0000] {dag.py:3239} INFO - Sync 1 DAGs
[2026-09-14T16:21:03.541+0000] {logging_mixin.py:190} INFO - [2026-09-14T16:21:03.540+0000] {dag.py:4180} INFO - Setting next_dagrun for weather_etl to 2026-09-14 16:00:00+00:00, run_after=2026-09-14 17:00:00+00:00
[2026-09-14T16:21:03.596+0000] {processor.py:208} INFO - Processing /opt/airflow/dags/weather_etl.py took 2.089 seconds
[2026-09-14T16:21:34.152+0000] {processor.py:186} INFO - Started process (PID=1596) to work on /opt/airflow/dags/weather_etl.py
[2026-09-14T16:21:34.156+0000] {processor.py:914} INFO - Processing file /opt/airflow/dags/weather_etl.py for tasks to queue
[2026-09-14T16:21:34.167+0000] {logging_mixin.py:190} INFO - [2026-09-14T16:21:34.166+0000] {dagbag.py:588} INFO - Filling up the DagBag from /opt/airflow/dags/weather_etl.py
[2026-09-14T16:21:36.816+0000] {processor.py:925} INFO - DAG(s) 'weather_etl' retrieved from /opt/airflow/dags/weather_etl.py
[2026-09-14T16:21:36.938+0000] {logging_mixin.py:190} INFO - [2026-09-14T16:21:36.937+0000] {dag.py:3239} INFO - Sync 1 DAGs
[2026-09-14T16:21:37.082+0000] {logging_mixin.py:190} INFO - [2026-09-14T16:21:37.081+0000] {dag.py:4180} INFO - Setting next_dagrun for weather_etl to 2026-09-14 16:00:00+00:00, run_after=2026-09-14 17:00:00+00:00
[2026-09-14T16:21:37.173+0000] {processor.py:208} INFO - Processing /opt/airflow/dags/weather_etl.py took 3.046 seconds
[2026-09-14T16:22:07.719+0000] {processor.py:186} INFO - Started process (PID=1602) to work on /opt/airflow/dags/weather_etl.py
[2026-09-14T16:22:07.722+0000] {processor.py:914} INFO - Processing file /opt/airflow/dags/weather_etl.py for tasks to queue
[2026-09-14T16:22:07.727+0000] {logging_mixin.py:190} INFO - [2026-09-14T16:22:07.726+0000] {dagbag.py:588} INFO - Filling up the DagBag from /opt/airflow/dags/weather_etl.py
[2026-09-14T16:22:09.309+0000] {processor.py:925} INFO - DAG(s) 'weather_etl' retrieved from /opt/airflow/dags/weather_etl.py
[2026-09-14T16:22:09.420+0000] {logging_mixin.py:190} INFO - [2026-09-14T16:22:09.419+0000] {dag.py:3239} INFO - Sync 1 DAGs
[2026-09-14T16:22:09.530+0000] {logging_mixin.py:190} INFO - [2026-09-14T16:22:09.528+0000] {dag.py:4180} INFO - Setting next_dagrun for weather_etl to 2026-09-14 16:00:00+00:00, run_after=2026-09-14 17:00:00+00:00
[2026-09-14T16:22:09.597+0000] {processor.py:208} INFO - Processing /opt/airflow/dags/weather_etl.py took 1.891 seconds
[2026-09-14T16:22:40.731+0000] {processor.py:186} INFO - Started process (PID=1608) to work on /opt/airflow/dags/weather_etl.py
[2026-09-14T16:22:40.733+0000] {processor.py:914} INFO - Processing file /opt/airflow/dags/weather_etl.py for tasks to queue
[2026-09-14T16:22:40.741+0000] {logging_mixin.py:190} INFO - [2026-09-14T16:22:40.739+0000] {dagbag.py:588} INFO - Filling up the DagBag from /opt/airflow/dags/weather_etl.py
[2026-09-14T16:22:41.869+0000] {processor.py:925} INFO - DAG(s) 'weather_etl' retrieved from /opt/airflow/dags/weather_etl.py
[2026-09-14T16:22:41.974+0000] {logging_mixin.py:190} INFO - [2026-09-14T16:22:41.973+0000] {dag.py:3239} INFO - Sync 1 DAGs
[2026-09-14T16:22:42.080+0000] {logging_mixin.py:190} INFO - [2026-09-14T16:22:42.079+0000] {dag.py:4180} INFO - Setting next_dagrun for weather_etl to 2026-09-14 16:00:00+00:00, run_after=2026-09-14 17:00:00+00:00
[2026-09-14T16:22:42.147+0000] {processor.py:208} INFO - Processing /opt/airflow/dags/weather_etl.py took 1.431 seconds
[2026-09-14T16:23:12.754+0000] {processor.py:186} INFO - Started process (PID=1614) to work on /opt/airflow/dags/weather_etl.py
[2026-09-14T16:23:12.760+0000] {processor.py:914} INFO - Processing file /opt/airflow/dags/weather_etl.py for tasks to queue
[2026-09-14T16:23:12.774+0000] {logging_mixin.py:190} INFO - [2026-09-14T16:23:12.773+0000] {dagbag.py:588} INFO - Filling up the DagBag from /opt/airflow/dags/weather_etl.py
[2026-09-14T16:23:13.939+0000] {processor.py:925} INFO - DAG(s) 'weather_etl' retrieved from /opt/airflow/dags/weather_etl.py
[2026-09-14T16:23:14.042+0000] {logging_mixin.py:190} INFO - [2026-09-14T16:23:14.041+0000] {dag.py:3239} INFO - Sync 1 DAGs
[2026-09-14T16:23:14.135+0000] {logging_mixin.py:190} INFO - [2026-09-14T16:23:14.134+0000] {dag.py:4180} INFO - Setting next_dagrun for weather_etl to 2026-09-14 16:00:00+00:00, run_after=2026-09-14 17:00:00+00:00
[2026-09-14T16:23:14.200+0000] {processor.py:208} INFO - Processing /opt/airflow/dags/weather_etl.py took 1.472 seconds
[2026-09-14T16:23:44.815+0000] {processor.py:186} INFO - Started process (PID=1620) to work on /opt/airflow/dags/weather_etl.py
[2026-09-14T16:23:44.818+0000] {processor.py:914} INFO - Processing file /opt/airflow/dags/weather_etl.py for tasks to queue
[2026-09-14T16:23:44.824+0000] {logging_mixin.py:190} INFO - [2026-09-14T16:23:44.823+0000] {dagbag.py:588} INFO - Filling up the DagBag from /opt/airflow/dags/weather_etl.py
[2026-09-14T16:23:45.840+0000] {processor.py:925} INFO - DAG(s) 'weather_etl' retrieved from /opt/airflow/dags/weather_etl.py
[2026-09-14T16:23:45.952+0000] {logging_mixin.py:190} INFO - [2026-09-14T16:23:45.952+0000] {dag.py:3239} INFO - Sync 1 DAGs
[2026-09-14T16:23:46.052+0000] {logging_mixin.py:190} INFO - [2026-09-14T16:23:46.051+0000] {dag.py:4180} INFO - Setting next_dagrun for weather_etl to 2026-09-14 16:00:00+00:00, run_after=2026-09-14 17:00:00+00:00
[2026-09-14T16:23:46.119+0000] {processor.py:208} INFO - Processing /opt/airflow/dags/weather_etl.py took 1.325 seconds
[2026-09-14T16:24:16.345+0000] {processor.py:186} INFO - Started process (PID=1626) to work on /opt/airflow/dags/weather_etl.py
[2026-09-14T16:24:16.350+0000] {processor.py:914} INFO - Processing file /opt/airflow/dags/weather_etl.py for tasks to queue
[2026-09-14T16:24:16.360+0000] {logging_mixin.py:190} INFO - [2026-09-14T16:24:16.358+0000] {dagbag.py:588} INFO - Filling up the DagBag from /opt/airflow/dags/weather_etl.py
[2026-09-14T16:24:17.394+0000] {processor.py:925} INFO - DAG(s) 'weather_etl' retrieved from /opt/airflow/dags/weather_etl.py
[2026-09-14T16:24:17.494+0000] {logging_mixin.py:190} INFO - [2026-09-14T16:24:17.494+0000] {dag.py:3239} INFO - Sync 1 DAGs
[2026-09-14T16:24:17.578+0000] {logging_mixin.py:190} INFO - [2026-09-14T16:24:17.577+0000] {dag.py:4180} INFO - Setting next_dagrun for weather_etl to 2026-09-14 16:00:00+00:00, run_after=2026-09-14 17:00:00+00:00
[2026-09-14T16:24:17.641+0000] {processor.py:208} INFO - Processing /opt/airflow/dags/weather_etl.py took 1.320 seconds
[2026-09-14T16:24:48.220+0000] {processor.py:186} INFO - Started process (PID=1632) to work on /opt/airflow/dags/weather_etl.py
[2026-09-14T16:24:48.223+0000] {processor.py:914} INFO - Processing file /opt/airflow/dags/weather_etl.py for tasks to queue
[2026-09-14T16:24:48.233+0000] {logging_mixin.py:190} INFO - [2026-09-14T16:24:48.231+0000] {dagbag.py:588} INFO - Filling up the DagBag from /opt/airflow/dags/weather_etl.py
[2026-09-14T16:24:49.339+0000] {processor.py:925} INFO - DAG(s) 'weather_etl' retrieved from /opt/airflow/dags/weather_etl.py
[2026-09-14T16:24:49.454+0000] {logging_mixin.py:190} INFO - [2026-09-14T16:24:49.454+0000] {dag.py:3239} INFO - Sync 1 DAGs
[2026-09-14T16:24:49.552+0000] {logging_mixin.py:190} INFO - [2026-09-14T16:24:49.551+0000] {dag.py:4180} INFO - Setting next_dagrun for weather_etl to 2026-09-14 16:00:00+00:00, run_after=2026-09-14 17:00:00+00:00
[2026-09-14T16:24:49.628+0000] {processor.py:208} INFO - Processing /opt/airflow/dags/weather_etl.py took 1.437 seconds
[2026-09-14T16:25:20.267+0000] {processor.py:186} INFO - Started process (PID=1638) to work on /opt/airflow/dags/weather_etl.py
[2026-09-14T16:25:20.271+0000] {processor.py:914} INFO - Processing file /opt/airflow/dags/weather_etl.py for tasks to queue
[2026-09-14T16:25:20.283+0000] {logging_mixin.py:190} INFO - [2026-09-14T16:25:20.282+0000] {dagbag.py:588} INFO - Filling up the DagBag from /opt/airflow/dags/weather_etl.py
[2026-09-14T16:25:21.570+0000] {processor.py:925} INFO - DAG(s) 'weather_etl' retrieved from /opt/airflow/dags/weather_etl.py
[2026-09-14T16:25:21.669+0000] {logging_mixin.py:190} INFO - [2026-09-14T16:25:21.668+0000] {dag.py:3239} INFO - Sync 1 DAGs
[2026-09-14T16:25:21.774+0000] {logging_mixin.py:190} INFO - [2026-09-14T16:25:21.773+0000] {dag.py:4180} INFO - Setting next_dagrun for weather_etl to 2026-09-14 16:00:00+00:00, run_after=2026-09-14 17:00:00+00:00
[2026-09-14T16:25:21.845+0000] {processor.py:208} INFO - Processing /opt/airflow/dags/weather_etl.py took 1.607 seconds
[2026-09-14T16:25:52.246+0000] {processor.py:186} INFO - Started process (PID=1644) to work on /opt/airflow/dags/weather_etl.py
[2026-09-14T16:25:52.249+0000] {processor.py:914} INFO - Processing file /opt/airflow/dags/weather_etl.py for tasks to queue
[2026-09-14T16:25:52.261+0000] {logging_mixin.py:190} INFO - [2026-09-14T16:25:52.259+0000] {dagbag.py:588} INFO - Filling up the DagBag from /opt/airflow/dags/weather_etl.py
[2026-09-14T16:25:53.456+0000] {processor.py:925} INFO - DAG(s) 'weather_etl' retrieved from /opt/airflow/dags/weather_etl.py
[2026-09-14T16:25:53.590+0000] {logging_mixin.py:190} INFO - [2026-09-14T16:25:53.589+0000] {dag.py:3239} INFO - Sync 1 DAGs
[2026-09-14T16:25:53.694+0000] {logging_mixin.py:190} INFO - [2026-09-14T16:25:53.694+0000] {dag.py:4180} INFO - Setting next_dagrun for weather_etl to 2026-09-14 16:00:00+00:00, run_after=2026-09-14 17:00:00+00:00
[2026-09-14T16:25:53.766+0000] {processor.py:208} INFO - Processing /opt/airflow/dags/weather_etl.py took 1.556 seconds
[2026-09-14T16:26:24.008+0000] {processor.py:186} INFO - Started process (PID=1650) to work on /opt/airflow/dags/weather_etl.py
[2026-09-14T16:26:24.011+0000] {processor.py:914} INFO - Processing file /opt/airflow/dags/weather_etl.py for tasks to queue
[2026-09-14T16:26:24.019+0000] {logging_mixin.py:190} INFO - [2026-09-14T16:26:24.017+0000] {dagbag.py:588} INFO - Filling up the DagBag from /opt/airflow/dags/weather_etl.py
[2026-09-14T16:26:25.174+0000] {processor.py:925} INFO - DAG(s) 'weather_etl' retrieved from /opt/airflow/dags/weather_etl.py
[2026-09-14T16:26:25.271+0000] {logging_mixin.py:190} INFO - [2026-09-14T16:26:25.270+0000] {dag.py:3239} INFO - Sync 1 DAGs
[2026-09-14T16:26:25.366+0000] {logging_mixin.py:190} INFO - [2026-09-14T16:26:25.365+0000] {dag.py:4180} INFO - Setting next_dagrun for weather_etl to 2026-09-14 16:00:00+00:00, run_after=2026-09-14 17:00:00+00:00
[2026-09-14T16:26:25.455+0000] {processor.py:208} INFO - Processing /opt/airflow/dags/weather_etl.py took 1.468 seconds
[2026-09-14T16:26:55.903+0000] {processor.py:186} INFO - Started process (PID=1656) to work on /opt/airflow/dags/weather_etl.py
[2026-09-14T16:26:55.906+0000] {processor.py:914} INFO - Processing file /opt/airflow/dags/weather_etl.py for tasks to queue
[2026-09-14T16:26:55.916+0000] {logging_mixin.py:190} INFO - [2026-09-14T16:26:55.914+0000] {dagbag.py:588} INFO - Filling up the DagBag from /opt/airflow/dags/weather_etl.py
[2026-09-14T16:26:56.970+0000] {processor.py:925} INFO - DAG(s) 'weather_etl' retrieved from /opt/airflow/dags/weather_etl.py
[2026-09-14T16:26:57.079+0000] {logging_mixin.py:190} INFO - [2026-09-14T16:26:57.079+0000] {dag.py:3239} INFO - Sync 1 DAGs
[2026-09-14T16:26:57.193+0000] {logging_mixin.py:190} INFO - [2026-09-14T16:26:57.192+0000] {dag.py:4180} INFO - Setting next_dagrun for weather_etl to 2026-09-14 16:00:00+00:00, run_after=2026-09-14 17:00:00+00:00
[2026-09-14T16:26:57.265+0000] {processor.py:208} INFO - Processing /opt/airflow/dags/weather_etl.py took 1.381 seconds
[2026-09-14T16:27:27.528+0000] {processor.py:186} INFO - Started process (PID=1662) to work on /opt/airflow/dags/weather_etl.py
[2026-09-14T16:27:27.532+0000] {processor.py:914} INFO - Processing file /opt/airflow/dags/weather_etl.py for tasks to queue
[2026-09-14T16:27:27.541+0000] {logging_mixin.py:190} INFO - [2026-09-14T16:27:27.540+0000] {dagbag.py:588} INFO - Filling up the DagBag from /opt/airflow/dags/weather_etl.py
[2026-09-14T16:27:28.619+0000] {processor.py:925} INFO - DAG(s) 'weather_etl' retrieved from /opt/airflow/dags/weather_etl.py
[2026-09-14T16:27:28.741+0000] {logging_mixin.py:190} INFO - [2026-09-14T16:27:28.741+0000] {dag.py:3239} INFO - Sync 1 DAGs
[2026-09-14T16:27:28.839+0000] {logging_mixin.py:190} INFO - [2026-09-14T16:27:28.838+0000] {dag.py:4180} INFO - Setting next_dagrun for weather_etl to 2026-09-14 16:00:00+00:00, run_after=2026-09-14 17:00:00+00:00
[2026-09-14T16:27:28.911+0000] {processor.py:208} INFO - Processing /opt/airflow/dags/weather_etl.py took 1.404 seconds
[2026-09-14T16:27:59.349+0000] {processor.py:186} INFO - Started process (PID=1668) to work on /opt/airflow/dags/weather_etl.py
[2026-09-14T16:27:59.354+0000] {processor.py:914} INFO - Processing file /opt/airflow/dags/weather_etl.py for tasks to queue
[2026-09-14T16:27:59.361+0000] {logging_mixin.py:190} INFO - [2026-09-14T16:27:59.360+0000] {dagbag.py:588} INFO - Filling up the DagBag from /opt/airflow/dags/weather_etl.py
[2026-09-14T16:28:00.319+0000] {processor.py:925} INFO - DAG(s) 'weather_etl' retrieved from /opt/airflow/dags/weather_etl.py
[2026-09-14T16:28:00.421+0000] {logging_mixin.py:190} INFO - [2026-09-14T16:28:00.420+0000] {dag.py:3239} INFO - Sync 1 DAGs
[2026-09-14T16:28:00.526+0000] {logging_mixin.py:190} INFO - [2026-09-14T16:28:00.526+0000] {dag.py:4180} INFO - Setting next_dagrun for weather_etl to 2026-09-14 16:00:00+00:00, run_after=2026-09-14 17:00:00+00:00
[2026-09-14T16:28:00.608+0000] {processor.py:208} INFO - Processing /opt/airflow/dags/weather_etl.py took 1.284 seconds
[2026-09-14T16:28:31.027+0000] {processor.py:186} INFO - Started process (PID=1674) to work on /opt/airflow/dags/weather_etl.py
[2026-09-14T16:28:31.031+0000] {processor.py:914} INFO - Processing file /opt/airflow/dags/weather_etl.py for tasks to queue
[2026-09-14T16:28:31.040+0000] {logging_mixin.py:190} INFO - [2026-09-14T16:28:31.039+0000] {dagbag.py:588} INFO - Filling up the DagBag from /opt/airflow/dags/weather_etl.py
[2026-09-14T16:28:32.101+0000] {processor.py:925} INFO - DAG(s) 'weather_etl' retrieved from /opt/airflow/dags/weather_etl.py
[2026-09-14T16:28:32.219+0000] {logging_mixin.py:190} INFO - [2026-09-14T16:28:32.218+0000] {dag.py:3239} INFO - Sync 1 DAGs
[2026-09-14T16:28:32.314+0000] {logging_mixin.py:190} INFO - [2026-09-14T16:28:32.314+0000] {dag.py:4180} INFO - Setting next_dagrun for weather_etl to 2026-09-14 16:00:00+00:00, run_after=2026-09-14 17:00:00+00:00
[2026-09-14T16:28:32.379+0000] {processor.py:208} INFO - Processing /opt/airflow/dags/weather_etl.py took 1.376 seconds
[2026-09-14T16:29:02.644+0000] {processor.py:186} INFO - Started process (PID=1680) to work on /opt/airflow/dags/weather_etl.py
[2026-09-14T16:29:02.647+0000] {processor.py:914} INFO - Processing file /opt/airflow/dags/weather_etl.py for tasks to queue
[2026-09-14T16:29:02.653+0000] {logging_mixin.py:190} INFO - [2026-09-14T16:29:02.652+0000] {dagbag.py:588} INFO - Filling up the DagBag from /opt/airflow/dags/weather_etl.py
[2026-09-14T16:29:03.810+0000] {processor.py:925} INFO - DAG(s) 'weather_etl' retrieved from /opt/airflow/dags/weather_etl.py
[2026-09-14T16:29:03.955+0000] {logging_mixin.py:190} INFO - [2026-09-14T16:29:03.954+0000] {dag.py:3239} INFO - Sync 1 DAGs
[2026-09-14T16:29:04.059+0000] {logging_mixin.py:190} INFO - [2026-09-14T16:29:04.057+0000] {dag.py:4180} INFO - Setting next_dagrun for weather_etl to 2026-09-14 16:00:00+00:00, run_after=2026-09-14 17:00:00+00:00
[2026-09-14T16:29:04.152+0000] {processor.py:208} INFO - Processing /opt/airflow/dags/weather_etl.py took 1.523 seconds
[2026-09-14T16:29:34.407+0000] {processor.py:186} INFO - Started process (PID=1686) to work on /opt/airflow/dags/weather_etl.py
[2026-09-14T16:29:34.410+0000] {processor.py:914} INFO - Processing file /opt/airflow/dags/weather_etl.py for tasks to queue
[2026-09-14T16:29:34.417+0000] {logging_mixin.py:190} INFO - [2026-09-14T16:29:34.416+0000] {dagbag.py:588} INFO - Filling up the DagBag from /opt/airflow/dags/weather_etl.py
[2026-09-14T16:29:35.485+0000] {processor.py:925} INFO - DAG(s) 'weather_etl' retrieved from /opt/airflow/dags/weather_etl.py
[2026-09-14T16:29:35.585+0000] {logging_mixin.py:190} INFO - [2026-09-14T16:29:35.585+0000] {dag.py:3239} INFO - Sync 1 DAGs
[2026-09-14T16:29:35.684+0000] {logging_mixin.py:190} INFO - [2026-09-14T16:29:35.683+0000] {dag.py:4180} INFO - Setting next_dagrun for weather_etl to 2026-09-14 16:00:00+00:00, run_after=2026-09-14 17:00:00+00:00
[2026-09-14T16:29:35.752+0000] {processor.py:208} INFO - Processing /opt/airflow/dags/weather_etl.py took 1.361 seconds
[2026-09-14T16:30:06.377+0000] {processor.py:186} INFO - Started process (PID=1692) to work on /opt/airflow/dags/weather_etl.py
[2026-09-14T16:30:06.381+0000] {processor.py:914} INFO - Processing file /opt/airflow/dags/weather_etl.py for tasks to queue
[2026-09-14T16:30:06.390+0000] {logging_mixin.py:190} INFO - [2026-09-14T16:30:06.389+0000] {dagbag.py:588} INFO - Filling up the DagBag from /opt/airflow/dags/weather_etl.py
[2026-09-14T16:30:07.529+0000] {processor.py:925} INFO - DAG(s) 'weather_etl' retrieved from /opt/airflow/dags/weather_etl.py
[2026-09-14T16:30:07.640+0000] {logging_mixin.py:190} INFO - [2026-09-14T16:30:07.639+0000] {dag.py:3239} INFO - Sync 1 DAGs
[2026-09-14T16:30:07.741+0000] {logging_mixin.py:190} INFO - [2026-09-14T16:30:07.740+0000] {dag.py:4180} INFO - Setting next_dagrun for weather_etl to 2026-09-14 16:00:00+00:00, run_after=2026-09-14 17:00:00+00:00
[2026-09-14T16:30:07.815+0000] {processor.py:208} INFO - Processing /opt/airflow/dags/weather_etl.py took 1.460 seconds
[2026-09-14T16:30:38.441+0000] {processor.py:186} INFO - Started process (PID=1698) to work on /opt/airflow/dags/weather_etl.py
[2026-09-14T16:30:38.448+0000] {processor.py:914} INFO - Processing file /opt/airflow/dags/weather_etl.py for tasks to queue
[2026-09-14T16:30:38.464+0000] {logging_mixin.py:190} INFO - [2026-09-14T16:30:38.463+0000] {dagbag.py:588} INFO - Filling up the DagBag from /opt/airflow/dags/weather_etl.py
[2026-09-14T16:30:39.770+0000] {processor.py:925} INFO - DAG(s) 'weather_etl' retrieved from /opt/airflow/dags/weather_etl.py
[2026-09-14T16:30:39.880+0000] {logging_mixin.py:190} INFO - [2026-09-14T16:30:39.879+0000] {dag.py:3239} INFO - Sync 1 DAGs
[2026-09-14T16:30:39.968+0000] {logging_mixin.py:190} INFO - [2026-09-14T16:30:39.967+0000] {dag.py:4180} INFO - Setting next_dagrun for weather_etl to 2026-09-14 16:00:00+00:00, run_after=2026-09-14 17:00:00+00:00
[2026-09-14T16:30:40.038+0000] {processor.py:208} INFO - Processing /opt/airflow/dags/weather_etl.py took 1.627 seconds
[2026-09-14T16:31:10.428+0000] {processor.py:186} INFO - Started process (PID=1704) to work on /opt/airflow/dags/weather_etl.py
[2026-09-14T16:31:10.432+0000] {processor.py:914} INFO - Processing file /opt/airflow/dags/weather_etl.py for tasks to queue
[2026-09-14T16:31:10.440+0000] {logging_mixin.py:190} INFO - [2026-09-14T16:31:10.439+0000] {dagbag.py:588} INFO - Filling up the DagBag from /opt/airflow/dags/weather_etl.py
[2026-09-14T16:31:11.569+0000] {processor.py:925} INFO - DAG(s) 'weather_etl' retrieved from /opt/airflow/dags/weather_etl.py
[2026-09-14T16:31:11.690+0000] {logging_mixin.py:190} INFO - [2026-09-14T16:31:11.689+0000] {dag.py:3239} INFO - Sync 1 DAGs
[2026-09-14T16:31:11.790+0000] {logging_mixin.py:190} INFO - [2026-09-14T16:31:11.789+0000] {dag.py:4180} INFO - Setting next_dagrun for weather_etl to 2026-09-14 16:00:00+00:00, run_after=2026-09-14 17:00:00+00:00
[2026-09-14T16:31:11.860+0000] {processor.py:208} INFO - Processing /opt/airflow/dags/weather_etl.py took 1.457 seconds
[2026-09-14T16:31:42.121+0000] {processor.py:186} INFO - Started process (PID=1710) to work on /opt/airflow/dags/weather_etl.py
[2026-09-14T16:31:42.125+0000] {processor.py:914} INFO - Processing file /opt/airflow/dags/weather_etl.py for tasks to queue
[2026-09-14T16:31:42.133+0000] {logging_mixin.py:190} INFO - [2026-09-14T16:31:42.132+0000] {dagbag.py:588} INFO - Filling up the DagBag from /opt/airflow/dags/weather_etl.py
[2026-09-14T16:31:43.300+0000] {processor.py:925} INFO - DAG(s) 'weather_etl' retrieved from /opt/airflow/dags/weather_etl.py
[2026-09-14T16:31:43.436+0000] {logging_mixin.py:190} INFO - [2026-09-14T16:31:43.435+0000] {dag.py:3239} INFO - Sync 1 DAGs
[2026-09-14T16:31:43.543+0000] {logging_mixin.py:190} INFO - [2026-09-14T16:31:43.542+0000] {dag.py:4180} INFO - Setting next_dagrun for weather_etl to 2026-09-14 16:00:00+00:00, run_after=2026-09-14 17:00:00+00:00
[2026-09-14T16:31:43.616+0000] {processor.py:208} INFO - Processing /opt/airflow/dags/weather_etl.py took 1.521 seconds
[2026-09-14T16:32:13.948+0000] {processor.py:186} INFO - Started process (PID=1716) to work on /opt/airflow/dags/weather_etl.py
[2026-09-14T16:32:13.951+0000] {processor.py:914} INFO - Processing file /opt/airflow/dags/weather_etl.py for tasks to queue
[2026-09-14T16:32:13.959+0000] {logging_mixin.py:190} INFO - [2026-09-14T16:32:13.957+0000] {dagbag.py:588} INFO - Filling up the DagBag from /opt/airflow/dags/weather_etl.py
[2026-09-14T16:32:15.171+0000] {processor.py:925} INFO - DAG(s) 'weather_etl' retrieved from /opt/airflow/dags/weather_etl.py
[2026-09-14T16:32:15.348+0000] {logging_mixin.py:190} INFO - [2026-09-14T16:32:15.347+0000] {dag.py:3239} INFO - Sync 1 DAGs
[2026-09-14T16:32:15.510+0000] {logging_mixin.py:190} INFO - [2026-09-14T16:32:15.509+0000] {dag.py:4180} INFO - Setting next_dagrun for weather_etl to 2026-09-14 16:00:00+00:00, run_after=2026-09-14 17:00:00+00:00
[2026-09-14T16:32:15.589+0000] {processor.py:208} INFO - Processing /opt/airflow/dags/weather_etl.py took 1.658 seconds
[2026-09-14T16:32:46.237+0000] {processor.py:186} INFO - Started process (PID=1722) to work on /opt/airflow/dags/weather_etl.py
[2026-09-14T16:32:46.240+0000] {processor.py:914} INFO - Processing file /opt/airflow/dags/weather_etl.py for tasks to queue
[2026-09-14T16:32:46.251+0000] {logging_mixin.py:190} INFO - [2026-09-14T16:32:46.250+0000] {dagbag.py:588} INFO - Filling up the DagBag from /opt/airflow/dags/weather_etl.py
[2026-09-14T16:32:47.392+0000] {processor.py:925} INFO - DAG(s) 'weather_etl' retrieved from /opt/airflow/dags/weather_etl.py
[2026-09-14T16:32:47.508+0000] {logging_mixin.py:190} INFO - [2026-09-14T16:32:47.508+0000] {dag.py:3239} INFO - Sync 1 DAGs
[2026-09-14T16:32:47.604+0000] {logging_mixin.py:190} INFO - [2026-09-14T16:32:47.604+0000] {dag.py:4180} INFO - Setting next_dagrun for weather_etl to 2026-09-14 16:00:00+00:00, run_after=2026-09-14 17:00:00+00:00
[2026-09-14T16:32:47.678+0000] {processor.py:208} INFO - Processing /opt/airflow/dags/weather_etl.py took 1.465 seconds
[2026-09-14T16:33:18.271+0000] {processor.py:186} INFO - Started process (PID=1728) to work on /opt/airflow/dags/weather_etl.py
[2026-09-14T16:33:18.275+0000] {processor.py:914} INFO - Processing file /opt/airflow/dags/weather_etl.py for tasks to queue
[2026-09-14T16:33:18.283+0000] {logging_mixin.py:190} INFO - [2026-09-14T16:33:18.282+0000] {dagbag.py:588} INFO - Filling up the DagBag from /opt/airflow/dags/weather_etl.py
[2026-09-14T16:33:19.347+0000] {processor.py:925} INFO - DAG(s) 'weather_etl' retrieved from /opt/airflow/dags/weather_etl.py
[2026-09-14T16:33:19.456+0000] {logging_mixin.py:190} INFO - [2026-09-14T16:33:19.455+0000] {dag.py:3239} INFO - Sync 1 DAGs
[2026-09-14T16:33:19.543+0000] {logging_mixin.py:190} INFO - [2026-09-14T16:33:19.542+0000] {dag.py:4180} INFO - Setting next_dagrun for weather_etl to 2026-09-14 16:00:00+00:00, run_after=2026-09-14 17:00:00+00:00
[2026-09-14T16:33:19.621+0000] {processor.py:208} INFO - Processing /opt/airflow/dags/weather_etl.py took 1.376 seconds
[2026-09-14T16:33:49.789+0000] {processor.py:186} INFO - Started process (PID=1734) to work on /opt/airflow/dags/weather_etl.py
[2026-09-14T16:33:49.793+0000] {processor.py:914} INFO - Processing file /opt/airflow/dags/weather_etl.py for tasks to queue
[2026-09-14T16:33:49.805+0000] {logging_mixin.py:190} INFO - [2026-09-14T16:33:49.804+0000] {dagbag.py:588} INFO - Filling up the DagBag from /opt/airflow/dags/weather_etl.py
[2026-09-14T16:33:50.850+0000] {processor.py:925} INFO - DAG(s) 'weather_etl' retrieved from /opt/airflow/dags/weather_etl.py
[2026-09-14T16:33:50.949+0000] {logging_mixin.py:190} INFO - [2026-09-14T16:33:50.949+0000] {dag.py:3239} INFO - Sync 1 DAGs
[2026-09-14T16:33:51.052+0000] {logging_mixin.py:190} INFO - [2026-09-14T16:33:51.052+0000] {dag.py:4180} INFO - Setting next_dagrun for weather_etl to 2026-09-14 16:00:00+00:00, run_after=2026-09-14 17:00:00+00:00
[2026-09-14T16:33:51.115+0000] {processor.py:208} INFO - Processing /opt/airflow/dags/weather_etl.py took 1.353 seconds
[2026-09-14T16:34:21.304+0000] {processor.py:186} INFO - Started process (PID=1740) to work on /opt/airflow/dags/weather_etl.py
[2026-09-14T16:34:21.307+0000] {processor.py:914} INFO - Processing file /opt/airflow/dags/weather_etl.py for tasks to queue
[2026-09-14T16:34:21.316+0000] {logging_mixin.py:190} INFO - [2026-09-14T16:34:21.315+0000] {dagbag.py:588} INFO - Filling up the DagBag from /opt/airflow/dags/weather_etl.py
[2026-09-14T16:34:22.550+0000] {processor.py:925} INFO - DAG(s) 'weather_etl' retrieved from /opt/airflow/dags/weather_etl.py
[2026-09-14T16:34:22.663+0000] {logging_mixin.py:190} INFO - [2026-09-14T16:34:22.663+0000] {dag.py:3239} INFO - Sync 1 DAGs
[2026-09-14T16:34:22.780+0000] {logging_mixin.py:190} INFO - [2026-09-14T16:34:22.780+0000] {dag.py:4180} INFO - Setting next_dagrun for weather_etl to 2026-09-14 16:00:00+00:00, run_after=2026-09-14 17:00:00+00:00
[2026-09-14T16:34:22.846+0000] {processor.py:208} INFO - Processing /opt/airflow/dags/weather_etl.py took 1.567 seconds
[2026-09-14T16:34:53.199+0000] {processor.py:186} INFO - Started process (PID=1746) to work on /opt/airflow/dags/weather_etl.py
[2026-09-14T16:34:53.203+0000] {processor.py:914} INFO - Processing file /opt/airflow/dags/weather_etl.py for tasks to queue
[2026-09-14T16:34:53.212+0000] {logging_mixin.py:190} INFO - [2026-09-14T16:34:53.211+0000] {dagbag.py:588} INFO - Filling up the DagBag from /opt/airflow/dags/weather_etl.py
[2026-09-14T16:34:54.277+0000] {processor.py:925} INFO - DAG(s) 'weather_etl' retrieved from /opt/airflow/dags/weather_etl.py
[2026-09-14T16:34:54.406+0000] {logging_mixin.py:190} INFO - [2026-09-14T16:34:54.406+0000] {dag.py:3239} INFO - Sync 1 DAGs
[2026-09-14T16:34:54.525+0000] {logging_mixin.py:190} INFO - [2026-09-14T16:34:54.524+0000] {dag.py:4180} INFO - Setting next_dagrun for weather_etl to 2026-09-14 16:00:00+00:00, run_after=2026-09-14 17:00:00+00:00
[2026-09-14T16:34:54.603+0000] {processor.py:208} INFO - Processing /opt/airflow/dags/weather_etl.py took 1.428 seconds
[2026-09-14T16:35:24.974+0000] {processor.py:186} INFO - Started process (PID=1752) to work on /opt/airflow/dags/weather_etl.py
[2026-09-14T16:35:24.977+0000] {processor.py:914} INFO - Processing file /opt/airflow/dags/weather_etl.py for tasks to queue
[2026-09-14T16:35:24.985+0000] {logging_mixin.py:190} INFO - [2026-09-14T16:35:24.984+0000] {dagbag.py:588} INFO - Filling up the DagBag from /opt/airflow/dags/weather_etl.py
[2026-09-14T16:35:26.234+0000] {processor.py:925} INFO - DAG(s) 'weather_etl' retrieved from /opt/airflow/dags/weather_etl.py
[2026-09-14T16:35:26.351+0000] {logging_mixin.py:190} INFO - [2026-09-14T16:35:26.350+0000] {dag.py:3239} INFO - Sync 1 DAGs
[2026-09-14T16:35:26.492+0000] {logging_mixin.py:190} INFO - [2026-09-14T16:35:26.490+0000] {dag.py:4180} INFO - Setting next_dagrun for weather_etl to 2026-09-14 16:00:00+00:00, run_after=2026-09-14 17:00:00+00:00
[2026-09-14T16:35:26.574+0000] {processor.py:208} INFO - Processing /opt/airflow/dags/weather_etl.py took 1.626 seconds
[2026-09-14T16:35:57.194+0000] {processor.py:186} INFO - Started process (PID=1758) to work on /opt/airflow/dags/weather_etl.py
[2026-09-14T16:35:57.198+0000] {processor.py:914} INFO - Processing file /opt/airflow/dags/weather_etl.py for tasks to queue
[2026-09-14T16:35:57.211+0000] {logging_mixin.py:190} INFO - [2026-09-14T16:35:57.209+0000] {dagbag.py:588} INFO - Filling up the DagBag from /opt/airflow/dags/weather_etl.py
[2026-09-14T16:35:58.591+0000] {processor.py:925} INFO - DAG(s) 'weather_etl' retrieved from /opt/airflow/dags/weather_etl.py
[2026-09-14T16:35:58.722+0000] {logging_mixin.py:190} INFO - [2026-09-14T16:35:58.722+0000] {dag.py:3239} INFO - Sync 1 DAGs
[2026-09-14T16:35:58.852+0000] {logging_mixin.py:190} INFO - [2026-09-14T16:35:58.851+0000] {dag.py:4180} INFO - Setting next_dagrun for weather_etl to 2026-09-14 16:00:00+00:00, run_after=2026-09-14 17:00:00+00:00
[2026-09-14T16:35:58.942+0000] {processor.py:208} INFO - Processing /opt/airflow/dags/weather_etl.py took 1.776 seconds
[2026-09-14T16:36:29.401+0000] {processor.py:186} INFO - Started process (PID=1764) to work on /opt/airflow/dags/weather_etl.py
[2026-09-14T16:36:29.405+0000] {processor.py:914} INFO - Processing file /opt/airflow/dags/weather_etl.py for tasks to queue
[2026-09-14T16:36:29.421+0000] {logging_mixin.py:190} INFO - [2026-09-14T16:36:29.419+0000] {dagbag.py:588} INFO - Filling up the DagBag from /opt/airflow/dags/weather_etl.py
[2026-09-14T16:36:30.571+0000] {processor.py:925} INFO - DAG(s) 'weather_etl' retrieved from /opt/airflow/dags/weather_etl.py
[2026-09-14T16:36:30.681+0000] {logging_mixin.py:190} INFO - [2026-09-14T16:36:30.680+0000] {dag.py:3239} INFO - Sync 1 DAGs
[2026-09-14T16:36:30.788+0000] {logging_mixin.py:190} INFO - [2026-09-14T16:36:30.788+0000] {dag.py:4180} INFO - Setting next_dagrun for weather_etl to 2026-09-14 16:00:00+00:00, run_after=2026-09-14 17:00:00+00:00
[2026-09-14T16:36:30.854+0000] {processor.py:208} INFO - Processing /opt/airflow/dags/weather_etl.py took 1.484 seconds
[2026-09-14T16:37:01.037+0000] {processor.py:186} INFO - Started process (PID=1770) to work on /opt/airflow/dags/weather_etl.py
[2026-09-14T16:37:01.040+0000] {processor.py:914} INFO - Processing file /opt/airflow/dags/weather_etl.py for tasks to queue
[2026-09-14T16:37:01.047+0000] {logging_mixin.py:190} INFO - [2026-09-14T16:37:01.047+0000] {dagbag.py:588} INFO - Filling up the DagBag from /opt/airflow/dags/weather_etl.py
[2026-09-14T16:37:01.998+0000] {processor.py:925} INFO - DAG(s) 'weather_etl' retrieved from /opt/airflow/dags/weather_etl.py
[2026-09-14T16:37:02.120+0000] {logging_mixin.py:190} INFO - [2026-09-14T16:37:02.118+0000] {dag.py:3239} INFO - Sync 1 DAGs
[2026-09-14T16:37:02.225+0000] {logging_mixin.py:190} INFO - [2026-09-14T16:37:02.224+0000] {dag.py:4180} INFO - Setting next_dagrun for weather_etl to 2026-09-14 16:00:00+00:00, run_after=2026-09-14 17:00:00+00:00
[2026-09-14T16:37:02.309+0000] {processor.py:208} INFO - Processing /opt/airflow/dags/weather_etl.py took 1.292 seconds
[2026-09-14T16:37:32.885+0000] {processor.py:186} INFO - Started process (PID=1776) to work on /opt/airflow/dags/weather_etl.py
[2026-09-14T16:37:32.888+0000] {processor.py:914} INFO - Processing file /opt/airflow/dags/weather_etl.py for tasks to queue
[2026-09-14T16:37:32.898+0000] {logging_mixin.py:190} INFO - [2026-09-14T16:37:32.896+0000] {dagbag.py:588} INFO - Filling up the DagBag from /opt/airflow/dags/weather_etl.py
[2026-09-14T16:37:33.902+0000] {processor.py:925} INFO - DAG(s) 'weather_etl' retrieved from /opt/airflow/dags/weather_etl.py
[2026-09-14T16:37:33.997+0000] {logging_mixin.py:190} INFO - [2026-09-14T16:37:33.997+0000] {dag.py:3239} INFO - Sync 1 DAGs
[2026-09-14T16:37:34.089+0000] {logging_mixin.py:190} INFO - [2026-09-14T16:37:34.089+0000] {dag.py:4180} INFO - Setting next_dagrun for weather_etl to 2026-09-14 16:00:00+00:00, run_after=2026-09-14 17:00:00+00:00
[2026-09-14T16:37:34.149+0000] {processor.py:208} INFO - Processing /opt/airflow/dags/weather_etl.py took 1.283 seconds
[2026-09-14T16:38:04.407+0000] {processor.py:186} INFO - Started process (PID=1782) to work on /opt/airflow/dags/weather_etl.py
[2026-09-14T16:38:04.411+0000] {processor.py:914} INFO - Processing file /opt/airflow/dags/weather_etl.py for tasks to queue
[2026-09-14T16:38:04.422+0000] {logging_mixin.py:190} INFO - [2026-09-14T16:38:04.419+0000] {dagbag.py:588} INFO - Filling up the DagBag from /opt/airflow/dags/weather_etl.py
[2026-09-14T16:38:05.581+0000] {processor.py:925} INFO - DAG(s) 'weather_etl' retrieved from /opt/airflow/dags/weather_etl.py
[2026-09-14T16:38:05.707+0000] {logging_mixin.py:190} INFO - [2026-09-14T16:38:05.706+0000] {dag.py:3239} INFO - Sync 1 DAGs
[2026-09-14T16:38:05.818+0000] {logging_mixin.py:190} INFO - [2026-09-14T16:38:05.818+0000] {dag.py:4180} INFO - Setting next_dagrun for weather_etl to 2026-09-14 16:00:00+00:00, run_after=2026-09-14 17:00:00+00:00
[2026-09-14T16:38:05.883+0000] {processor.py:208} INFO - Processing /opt/airflow/dags/weather_etl.py took 1.503 seconds
[2026-09-14T16:38:36.279+0000] {processor.py:186} INFO - Started process (PID=1788) to work on /opt/airflow/dags/weather_etl.py
[2026-09-14T16:38:36.282+0000] {processor.py:914} INFO - Processing file /opt/airflow/dags/weather_etl.py for tasks to queue
[2026-09-14T16:38:36.289+0000] {logging_mixin.py:190} INFO - [2026-09-14T16:38:36.287+0000] {dagbag.py:588} INFO - Filling up the DagBag from /opt/airflow/dags/weather_etl.py
[2026-09-14T16:38:37.479+0000] {processor.py:925} INFO - DAG(s) 'weather_etl' retrieved from /opt/airflow/dags/weather_etl.py
[2026-09-14T16:38:37.600+0000] {logging_mixin.py:190} INFO - [2026-09-14T16:38:37.600+0000] {dag.py:3239} INFO - Sync 1 DAGs
[2026-09-14T16:38:37.710+0000] {logging_mixin.py:190} INFO - [2026-09-14T16:38:37.710+0000] {dag.py:4180} INFO - Setting next_dagrun for weather_etl to 2026-09-14 16:00:00+00:00, run_after=2026-09-14 17:00:00+00:00
[2026-09-14T16:38:37.775+0000] {processor.py:208} INFO - Processing /opt/airflow/dags/weather_etl.py took 1.515 seconds
[2026-09-14T16:39:07.961+0000] {processor.py:186} INFO - Started process (PID=1794) to work on /opt/airflow/dags/weather_etl.py
[2026-09-14T16:39:07.965+0000] {processor.py:914} INFO - Processing file /opt/airflow/dags/weather_etl.py for tasks to queue
[2026-09-14T16:39:07.974+0000] {logging_mixin.py:190} INFO - [2026-09-14T16:39:07.973+0000] {dagbag.py:588} INFO - Filling up the DagBag from /opt/airflow/dags/weather_etl.py
[2026-09-14T16:39:09.307+0000] {processor.py:925} INFO - DAG(s) 'weather_etl' retrieved from /opt/airflow/dags/weather_etl.py
[2026-09-14T16:39:09.473+0000] {logging_mixin.py:190} INFO - [2026-09-14T16:39:09.472+0000] {dag.py:3239} INFO - Sync 1 DAGs
[2026-09-14T16:39:09.611+0000] {logging_mixin.py:190} INFO - [2026-09-14T16:39:09.611+0000] {dag.py:4180} INFO - Setting next_dagrun for weather_etl to 2026-09-14 16:00:00+00:00, run_after=2026-09-14 17:00:00+00:00
[2026-09-14T16:39:09.699+0000] {processor.py:208} INFO - Processing /opt/airflow/dags/weather_etl.py took 1.754 seconds
[2026-09-14T16:39:39.939+0000] {processor.py:186} INFO - Started process (PID=1800) to work on /opt/airflow/dags/weather_etl.py
[2026-09-14T16:39:39.941+0000] {processor.py:914} INFO - Processing file /opt/airflow/dags/weather_etl.py for tasks to queue
[2026-09-14T16:39:39.955+0000] {logging_mixin.py:190} INFO - [2026-09-14T16:39:39.948+0000] {dagbag.py:588} INFO - Filling up the DagBag from /opt/airflow/dags/weather_etl.py
[2026-09-14T16:39:41.310+0000] {processor.py:925} INFO - DAG(s) 'weather_etl' retrieved from /opt/airflow/dags/weather_etl.py
[2026-09-14T16:39:41.452+0000] {logging_mixin.py:190} INFO - [2026-09-14T16:39:41.450+0000] {dag.py:3239} INFO - Sync 1 DAGs
[2026-09-14T16:39:41.600+0000] {logging_mixin.py:190} INFO - [2026-09-14T16:39:41.599+0000] {dag.py:4180} INFO - Setting next_dagrun for weather_etl to 2026-09-14 16:00:00+00:00, run_after=2026-09-14 17:00:00+00:00
[2026-09-14T16:39:41.692+0000] {processor.py:208} INFO - Processing /opt/airflow/dags/weather_etl.py took 1.772 seconds
[2026-09-14T16:40:12.415+0000] {processor.py:186} INFO - Started process (PID=1806) to work on /opt/airflow/dags/weather_etl.py
[2026-09-14T16:40:12.418+0000] {processor.py:914} INFO - Processing file /opt/airflow/dags/weather_etl.py for tasks to queue
[2026-09-14T16:40:12.430+0000] {logging_mixin.py:190} INFO - [2026-09-14T16:40:12.428+0000] {dagbag.py:588} INFO - Filling up the DagBag from /opt/airflow/dags/weather_etl.py
[2026-09-14T16:40:13.908+0000] {processor.py:925} INFO - DAG(s) 'weather_etl' retrieved from /opt/airflow/dags/weather_etl.py
[2026-09-14T16:40:14.123+0000] {logging_mixin.py:190} INFO - [2026-09-14T16:40:14.122+0000] {dag.py:3239} INFO - Sync 1 DAGs
[2026-09-14T16:40:14.256+0000] {logging_mixin.py:190} INFO - [2026-09-14T16:40:14.255+0000] {dag.py:4180} INFO - Setting next_dagrun for weather_etl to 2026-09-14 16:00:00+00:00, run_after=2026-09-14 17:00:00+00:00
[2026-09-14T16:40:14.340+0000] {processor.py:208} INFO - Processing /opt/airflow/dags/weather_etl.py took 1.944 seconds
[2026-09-14T16:40:44.939+0000] {processor.py:186} INFO - Started process (PID=1812) to work on /opt/airflow/dags/weather_etl.py
[2026-09-14T16:40:44.943+0000] {processor.py:914} INFO - Processing file /opt/airflow/dags/weather_etl.py for tasks to queue
[2026-09-14T16:40:44.952+0000] {logging_mixin.py:190} INFO - [2026-09-14T16:40:44.951+0000] {dagbag.py:588} INFO - Filling up the DagBag from /opt/airflow/dags/weather_etl.py
[2026-09-14T16:40:46.048+0000] {processor.py:925} INFO - DAG(s) 'weather_etl' retrieved from /opt/airflow/dags/weather_etl.py
[2026-09-14T16:40:46.183+0000] {logging_mixin.py:190} INFO - [2026-09-14T16:40:46.182+0000] {dag.py:3239} INFO - Sync 1 DAGs
[2026-09-14T16:40:46.303+0000] {logging_mixin.py:190} INFO - [2026-09-14T16:40:46.303+0000] {dag.py:4180} INFO - Setting next_dagrun for weather_etl to 2026-09-14 16:00:00+00:00, run_after=2026-09-14 17:00:00+00:00
[2026-09-14T16:40:46.380+0000] {processor.py:208} INFO - Processing /opt/airflow/dags/weather_etl.py took 1.463 seconds
[2026-09-14T16:41:16.958+0000] {processor.py:186} INFO - Started process (PID=1818) to work on /opt/airflow/dags/weather_etl.py
[2026-09-14T16:41:16.961+0000] {processor.py:914} INFO - Processing file /opt/airflow/dags/weather_etl.py for tasks to queue
[2026-09-14T16:41:16.972+0000] {logging_mixin.py:190} INFO - [2026-09-14T16:41:16.970+0000] {dagbag.py:588} INFO - Filling up the DagBag from /opt/airflow/dags/weather_etl.py
[2026-09-14T16:41:18.088+0000] {processor.py:925} INFO - DAG(s) 'weather_etl' retrieved from /opt/airflow/dags/weather_etl.py
[2026-09-14T16:41:18.192+0000] {logging_mixin.py:190} INFO - [2026-09-14T16:41:18.191+0000] {dag.py:3239} INFO - Sync 1 DAGs
[2026-09-14T16:41:18.290+0000] {logging_mixin.py:190} INFO - [2026-09-14T16:41:18.289+0000] {dag.py:4180} INFO - Setting next_dagrun for weather_etl to 2026-09-14 16:00:00+00:00, run_after=2026-09-14 17:00:00+00:00
[2026-09-14T16:41:18.356+0000] {processor.py:208} INFO - Processing /opt/airflow/dags/weather_etl.py took 1.427 seconds
[2026-09-14T16:41:48.968+0000] {processor.py:186} INFO - Started process (PID=1824) to work on /opt/airflow/dags/weather_etl.py
[2026-09-14T16:41:48.972+0000] {processor.py:914} INFO - Processing file /opt/airflow/dags/weather_etl.py for tasks to queue
[2026-09-14T16:41:48.985+0000] {logging_mixin.py:190} INFO - [2026-09-14T16:41:48.983+0000] {dagbag.py:588} INFO - Filling up the DagBag from /opt/airflow/dags/weather_etl.py
[2026-09-14T16:41:50.102+0000] {processor.py:925} INFO - DAG(s) 'weather_etl' retrieved from /opt/airflow/dags/weather_etl.py
[2026-09-14T16:41:50.241+0000] {logging_mixin.py:190} INFO - [2026-09-14T16:41:50.241+0000] {dag.py:3239} INFO - Sync 1 DAGs
[2026-09-14T16:41:50.353+0000] {logging_mixin.py:190} INFO - [2026-09-14T16:41:50.353+0000] {dag.py:4180} INFO - Setting next_dagrun for weather_etl to 2026-09-14 16:00:00+00:00, run_after=2026-09-14 17:00:00+00:00
[2026-09-14T16:41:50.426+0000] {processor.py:208} INFO - Processing /opt/airflow/dags/weather_etl.py took 1.488 seconds
[2026-09-14T16:42:20.984+0000] {processor.py:186} INFO - Started process (PID=1830) to work on /opt/airflow/dags/weather_etl.py
[2026-09-14T16:42:20.988+0000] {processor.py:914} INFO - Processing file /opt/airflow/dags/weather_etl.py for tasks to queue
[2026-09-14T16:42:21.000+0000] {logging_mixin.py:190} INFO - [2026-09-14T16:42:20.998+0000] {dagbag.py:588} INFO - Filling up the DagBag from /opt/airflow/dags/weather_etl.py
[2026-09-14T16:42:22.205+0000] {processor.py:925} INFO - DAG(s) 'weather_etl' retrieved from /opt/airflow/dags/weather_etl.py
[2026-09-14T16:42:22.331+0000] {logging_mixin.py:190} INFO - [2026-09-14T16:42:22.330+0000] {dag.py:3239} INFO - Sync 1 DAGs
[2026-09-14T16:42:22.445+0000] {logging_mixin.py:190} INFO - [2026-09-14T16:42:22.445+0000] {dag.py:4180} INFO - Setting next_dagrun for weather_etl to 2026-09-14 16:00:00+00:00, run_after=2026-09-14 17:00:00+00:00
[2026-09-14T16:42:22.519+0000] {processor.py:208} INFO - Processing /opt/airflow/dags/weather_etl.py took 1.560 seconds
[2026-09-14T16:42:53.170+0000] {processor.py:186} INFO - Started process (PID=1836) to work on /opt/airflow/dags/weather_etl.py
[2026-09-14T16:42:53.173+0000] {processor.py:914} INFO - Processing file /opt/airflow/dags/weather_etl.py for tasks to queue
[2026-09-14T16:42:53.182+0000] {logging_mixin.py:190} INFO - [2026-09-14T16:42:53.181+0000] {dagbag.py:588} INFO - Filling up the DagBag from /opt/airflow/dags/weather_etl.py
[2026-09-14T16:42:54.308+0000] {processor.py:925} INFO - DAG(s) 'weather_etl' retrieved from /opt/airflow/dags/weather_etl.py
[2026-09-14T16:42:54.425+0000] {logging_mixin.py:190} INFO - [2026-09-14T16:42:54.424+0000] {dag.py:3239} INFO - Sync 1 DAGs
[2026-09-14T16:42:54.553+0000] {logging_mixin.py:190} INFO - [2026-09-14T16:42:54.553+0000] {dag.py:4180} INFO - Setting next_dagrun for weather_etl to 2026-09-14 16:00:00+00:00, run_after=2026-09-14 17:00:00+00:00
[2026-09-14T16:42:54.634+0000] {processor.py:208} INFO - Processing /opt/airflow/dags/weather_etl.py took 1.490 seconds
[2026-09-14T16:43:25.358+0000] {processor.py:186} INFO - Started process (PID=1842) to work on /opt/airflow/dags/weather_etl.py
[2026-09-14T16:43:25.364+0000] {processor.py:914} INFO - Processing file /opt/airflow/dags/weather_etl.py for tasks to queue
[2026-09-14T16:43:25.380+0000] {logging_mixin.py:190} INFO - [2026-09-14T16:43:25.378+0000] {dagbag.py:588} INFO - Filling up the DagBag from /opt/airflow/dags/weather_etl.py
[2026-09-14T16:43:26.555+0000] {processor.py:925} INFO - DAG(s) 'weather_etl' retrieved from /opt/airflow/dags/weather_etl.py
[2026-09-14T16:43:26.682+0000] {logging_mixin.py:190} INFO - [2026-09-14T16:43:26.682+0000] {dag.py:3239} INFO - Sync 1 DAGs
[2026-09-14T16:43:26.772+0000] {logging_mixin.py:190} INFO - [2026-09-14T16:43:26.772+0000] {dag.py:4180} INFO - Setting next_dagrun for weather_etl to 2026-09-14 16:00:00+00:00, run_after=2026-09-14 17:00:00+00:00
[2026-09-14T16:43:26.837+0000] {processor.py:208} INFO - Processing /opt/airflow/dags/weather_etl.py took 1.507 seconds
[2026-09-14T16:43:57.114+0000] {processor.py:186} INFO - Started process (PID=1848) to work on /opt/airflow/dags/weather_etl.py
[2026-09-14T16:43:57.120+0000] {processor.py:914} INFO - Processing file /opt/airflow/dags/weather_etl.py for tasks to queue
[2026-09-14T16:43:57.133+0000] {logging_mixin.py:190} INFO - [2026-09-14T16:43:57.132+0000] {dagbag.py:588} INFO - Filling up the DagBag from /opt/airflow/dags/weather_etl.py
[2026-09-14T16:43:58.406+0000] {processor.py:925} INFO - DAG(s) 'weather_etl' retrieved from /opt/airflow/dags/weather_etl.py
[2026-09-14T16:43:58.529+0000] {logging_mixin.py:190} INFO - [2026-09-14T16:43:58.528+0000] {dag.py:3239} INFO - Sync 1 DAGs
[2026-09-14T16:43:58.650+0000] {logging_mixin.py:190} INFO - [2026-09-14T16:43:58.649+0000] {dag.py:4180} INFO - Setting next_dagrun for weather_etl to 2026-09-14 16:00:00+00:00, run_after=2026-09-14 17:00:00+00:00
[2026-09-14T16:43:58.735+0000] {processor.py:208} INFO - Processing /opt/airflow/dags/weather_etl.py took 1.650 seconds
[2026-09-14T16:44:29.138+0000] {processor.py:186} INFO - Started process (PID=1854) to work on /opt/airflow/dags/weather_etl.py
[2026-09-14T16:44:29.143+0000] {processor.py:914} INFO - Processing file /opt/airflow/dags/weather_etl.py for tasks to queue
[2026-09-14T16:44:29.156+0000] {logging_mixin.py:190} INFO - [2026-09-14T16:44:29.154+0000] {dagbag.py:588} INFO - Filling up the DagBag from /opt/airflow/dags/weather_etl.py
[2026-09-14T16:44:30.845+0000] {processor.py:925} INFO - DAG(s) 'weather_etl' retrieved from /opt/airflow/dags/weather_etl.py
[2026-09-14T16:44:31.054+0000] {logging_mixin.py:190} INFO - [2026-09-14T16:44:31.053+0000] {dag.py:3239} INFO - Sync 1 DAGs
[2026-09-14T16:44:31.295+0000] {logging_mixin.py:190} INFO - [2026-09-14T16:44:31.294+0000] {dag.py:4180} INFO - Setting next_dagrun for weather_etl to 2026-09-14 16:00:00+00:00, run_after=2026-09-14 17:00:00+00:00
[2026-09-14T16:44:31.500+0000] {processor.py:208} INFO - Processing /opt/airflow/dags/weather_etl.py took 2.395 seconds
[2026-09-14T16:45:02.037+0000] {processor.py:186} INFO - Started process (PID=1860) to work on /opt/airflow/dags/weather_etl.py
[2026-09-14T16:45:02.060+0000] {processor.py:914} INFO - Processing file /opt/airflow/dags/weather_etl.py for tasks to queue
[2026-09-14T16:45:02.098+0000] {logging_mixin.py:190} INFO - [2026-09-14T16:45:02.096+0000] {dagbag.py:588} INFO - Filling up the DagBag from /opt/airflow/dags/weather_etl.py
[2026-09-14T16:45:03.476+0000] {processor.py:925} INFO - DAG(s) 'weather_etl' retrieved from /opt/airflow/dags/weather_etl.py
[2026-09-14T16:45:03.603+0000] {logging_mixin.py:190} INFO - [2026-09-14T16:45:03.602+0000] {dag.py:3239} INFO - Sync 1 DAGs
[2026-09-14T16:45:03.733+0000] {logging_mixin.py:190} INFO - [2026-09-14T16:45:03.732+0000] {dag.py:4180} INFO - Setting next_dagrun for weather_etl to 2026-09-14 16:00:00+00:00, run_after=2026-09-14 17:00:00+00:00
[2026-09-14T16:45:03.812+0000] {processor.py:208} INFO - Processing /opt/airflow/dags/weather_etl.py took 1.835 seconds
[2026-09-14T16:45:34.457+0000] {processor.py:186} INFO - Started process (PID=1866) to work on /opt/airflow/dags/weather_etl.py
[2026-09-14T16:45:34.460+0000] {processor.py:914} INFO - Processing file /opt/airflow/dags/weather_etl.py for tasks to queue
[2026-09-14T16:45:34.468+0000] {logging_mixin.py:190} INFO - [2026-09-14T16:45:34.466+0000] {dagbag.py:588} INFO - Filling up the DagBag from /opt/airflow/dags/weather_etl.py
[2026-09-14T16:45:35.549+0000] {processor.py:925} INFO - DAG(s) 'weather_etl' retrieved from /opt/airflow/dags/weather_etl.py
[2026-09-14T16:45:35.650+0000] {logging_mixin.py:190} INFO - [2026-09-14T16:45:35.650+0000] {dag.py:3239} INFO - Sync 1 DAGs
[2026-09-14T16:45:35.751+0000] {logging_mixin.py:190} INFO - [2026-09-14T16:45:35.751+0000] {dag.py:4180} INFO - Setting next_dagrun for weather_etl to 2026-09-14 16:00:00+00:00, run_after=2026-09-14 17:00:00+00:00
[2026-09-14T16:45:35.819+0000] {processor.py:208} INFO - Processing /opt/airflow/dags/weather_etl.py took 1.384 seconds
[2026-09-14T16:46:06.167+0000] {processor.py:186} INFO - Started process (PID=1872) to work on /opt/airflow/dags/weather_etl.py
[2026-09-14T16:46:06.170+0000] {processor.py:914} INFO - Processing file /opt/airflow/dags/weather_etl.py for tasks to queue
[2026-09-14T16:46:06.176+0000] {logging_mixin.py:190} INFO - [2026-09-14T16:46:06.175+0000] {dagbag.py:588} INFO - Filling up the DagBag from /opt/airflow/dags/weather_etl.py
[2026-09-14T16:46:07.214+0000] {processor.py:925} INFO - DAG(s) 'weather_etl' retrieved from /opt/airflow/dags/weather_etl.py
[2026-09-14T16:46:07.336+0000] {logging_mixin.py:190} INFO - [2026-09-14T16:46:07.332+0000] {dag.py:3239} INFO - Sync 1 DAGs
[2026-09-14T16:46:07.426+0000] {logging_mixin.py:190} INFO - [2026-09-14T16:46:07.425+0000] {dag.py:4180} INFO - Setting next_dagrun for weather_etl to 2026-09-14 16:00:00+00:00, run_after=2026-09-14 17:00:00+00:00
[2026-09-14T16:46:07.492+0000] {processor.py:208} INFO - Processing /opt/airflow/dags/weather_etl.py took 1.345 seconds
[2026-09-14T16:46:37.873+0000] {processor.py:186} INFO - Started process (PID=1878) to work on /opt/airflow/dags/weather_etl.py
[2026-09-14T16:46:37.877+0000] {processor.py:914} INFO - Processing file /opt/airflow/dags/weather_etl.py for tasks to queue
[2026-09-14T16:46:37.885+0000] {logging_mixin.py:190} INFO - [2026-09-14T16:46:37.884+0000] {dagbag.py:588} INFO - Filling up the DagBag from /opt/airflow/dags/weather_etl.py
[2026-09-14T16:46:38.876+0000] {processor.py:925} INFO - DAG(s) 'weather_etl' retrieved from /opt/airflow/dags/weather_etl.py
[2026-09-14T16:46:38.991+0000] {logging_mixin.py:190} INFO - [2026-09-14T16:46:38.990+0000] {dag.py:3239} INFO - Sync 1 DAGs
[2026-09-14T16:46:39.091+0000] {logging_mixin.py:190} INFO - [2026-09-14T16:46:39.091+0000] {dag.py:4180} INFO - Setting next_dagrun for weather_etl to 2026-09-14 16:00:00+00:00, run_after=2026-09-14 17:00:00+00:00
[2026-09-14T16:46:39.155+0000] {processor.py:208} INFO - Processing /opt/airflow/dags/weather_etl.py took 1.304 seconds
[2026-09-14T16:47:09.577+0000] {processor.py:186} INFO - Started process (PID=1884) to work on /opt/airflow/dags/weather_etl.py
[2026-09-14T16:47:09.581+0000] {processor.py:914} INFO - Processing file /opt/airflow/dags/weather_etl.py for tasks to queue
[2026-09-14T16:47:09.589+0000] {logging_mixin.py:190} INFO - [2026-09-14T16:47:09.587+0000] {dagbag.py:588} INFO - Filling up the DagBag from /opt/airflow/dags/weather_etl.py
[2026-09-14T16:47:10.902+0000] {processor.py:925} INFO - DAG(s) 'weather_etl' retrieved from /opt/airflow/dags/weather_etl.py
[2026-09-14T16:47:11.028+0000] {logging_mixin.py:190} INFO - [2026-09-14T16:47:11.027+0000] {dag.py:3239} INFO - Sync 1 DAGs
[2026-09-14T16:47:11.154+0000] {logging_mixin.py:190} INFO - [2026-09-14T16:47:11.153+0000] {dag.py:4180} INFO - Setting next_dagrun for weather_etl to 2026-09-14 16:00:00+00:00, run_after=2026-09-14 17:00:00+00:00
[2026-09-14T16:47:11.241+0000] {processor.py:208} INFO - Processing /opt/airflow/dags/weather_etl.py took 1.686 seconds
[2026-09-14T16:47:41.877+0000] {processor.py:186} INFO - Started process (PID=1890) to work on /opt/airflow/dags/weather_etl.py
[2026-09-14T16:47:41.883+0000] {processor.py:914} INFO - Processing file /opt/airflow/dags/weather_etl.py for tasks to queue
[2026-09-14T16:47:41.891+0000] {logging_mixin.py:190} INFO - [2026-09-14T16:47:41.889+0000] {dagbag.py:588} INFO - Filling up the DagBag from /opt/airflow/dags/weather_etl.py
[2026-09-14T16:47:42.782+0000] {processor.py:925} INFO - DAG(s) 'weather_etl' retrieved from /opt/airflow/dags/weather_etl.py
[2026-09-14T16:47:42.886+0000] {logging_mixin.py:190} INFO - [2026-09-14T16:47:42.886+0000] {dag.py:3239} INFO - Sync 1 DAGs
[2026-09-14T16:47:42.974+0000] {logging_mixin.py:190} INFO - [2026-09-14T16:47:42.973+0000] {dag.py:4180} INFO - Setting next_dagrun for weather_etl to 2026-09-14 16:00:00+00:00, run_after=2026-09-14 17:00:00+00:00
[2026-09-14T16:47:43.037+0000] {processor.py:208} INFO - Processing /opt/airflow/dags/weather_etl.py took 1.200 seconds
[2026-09-14T16:48:13.367+0000] {processor.py:186} INFO - Started process (PID=1896) to work on /opt/airflow/dags/weather_etl.py
[2026-09-14T16:48:13.371+0000] {processor.py:914} INFO - Processing file /opt/airflow/dags/weather_etl.py for tasks to queue
[2026-09-14T16:48:13.379+0000] {logging_mixin.py:190} INFO - [2026-09-14T16:48:13.378+0000] {dagbag.py:588} INFO - Filling up the DagBag from /opt/airflow/dags/weather_etl.py
[2026-09-14T16:48:14.680+0000] {processor.py:925} INFO - DAG(s) 'weather_etl' retrieved from /opt/airflow/dags/weather_etl.py
[2026-09-14T16:48:14.824+0000] {logging_mixin.py:190} INFO - [2026-09-14T16:48:14.823+0000] {dag.py:3239} INFO - Sync 1 DAGs
[2026-09-14T16:48:14.952+0000] {logging_mixin.py:190} INFO - [2026-09-14T16:48:14.951+0000] {dag.py:4180} INFO - Setting next_dagrun for weather_etl to 2026-09-14 16:00:00+00:00, run_after=2026-09-14 17:00:00+00:00
[2026-09-14T16:48:15.040+0000] {processor.py:208} INFO - Processing /opt/airflow/dags/weather_etl.py took 1.693 seconds
[2026-09-14T16:48:45.836+0000] {processor.py:186} INFO - Started process (PID=1902) to work on /opt/airflow/dags/weather_etl.py
[2026-09-14T16:48:45.840+0000] {processor.py:914} INFO - Processing file /opt/airflow/dags/weather_etl.py for tasks to queue
[2026-09-14T16:48:45.854+0000] {logging_mixin.py:190} INFO - [2026-09-14T16:48:45.852+0000] {dagbag.py:588} INFO - Filling up the DagBag from /opt/airflow/dags/weather_etl.py
[2026-09-14T16:48:47.150+0000] {processor.py:925} INFO - DAG(s) 'weather_etl' retrieved from /opt/airflow/dags/weather_etl.py
[2026-09-14T16:48:47.256+0000] {logging_mixin.py:190} INFO - [2026-09-14T16:48:47.255+0000] {dag.py:3239} INFO - Sync 1 DAGs
[2026-09-14T16:48:47.368+0000] {logging_mixin.py:190} INFO - [2026-09-14T16:48:47.368+0000] {dag.py:4180} INFO - Setting next_dagrun for weather_etl to 2026-09-14 16:00:00+00:00, run_after=2026-09-14 17:00:00+00:00
[2026-09-14T16:48:47.453+0000] {processor.py:208} INFO - Processing /opt/airflow/dags/weather_etl.py took 1.658 seconds
[2026-09-14T16:49:18.043+0000] {processor.py:186} INFO - Started process (PID=1908) to work on /opt/airflow/dags/weather_etl.py
[2026-09-14T16:49:18.047+0000] {processor.py:914} INFO - Processing file /opt/airflow/dags/weather_etl.py for tasks to queue
[2026-09-14T16:49:18.054+0000] {logging_mixin.py:190} INFO - [2026-09-14T16:49:18.053+0000] {dagbag.py:588} INFO - Filling up the DagBag from /opt/airflow/dags/weather_etl.py
[2026-09-14T16:49:18.952+0000] {processor.py:925} INFO - DAG(s) 'weather_etl' retrieved from /opt/airflow/dags/weather_etl.py
[2026-09-14T16:49:19.060+0000] {logging_mixin.py:190} INFO - [2026-09-14T16:49:19.059+0000] {dag.py:3239} INFO - Sync 1 DAGs
[2026-09-14T16:49:19.150+0000] {logging_mixin.py:190} INFO - [2026-09-14T16:49:19.150+0000] {dag.py:4180} INFO - Setting next_dagrun for weather_etl to 2026-09-14 16:00:00+00:00, run_after=2026-09-14 17:00:00+00:00
[2026-09-14T16:49:19.214+0000] {processor.py:208} INFO - Processing /opt/airflow/dags/weather_etl.py took 1.200 seconds
[2026-09-14T16:49:49.495+0000] {processor.py:186} INFO - Started process (PID=1914) to work on /opt/airflow/dags/weather_etl.py
[2026-09-14T16:49:49.498+0000] {processor.py:914} INFO - Processing file /opt/airflow/dags/weather_etl.py for tasks to queue
[2026-09-14T16:49:49.505+0000] {logging_mixin.py:190} INFO - [2026-09-14T16:49:49.504+0000] {dagbag.py:588} INFO - Filling up the DagBag from /opt/airflow/dags/weather_etl.py
[2026-09-14T16:49:50.499+0000] {processor.py:925} INFO - DAG(s) 'weather_etl' retrieved from /opt/airflow/dags/weather_etl.py
[2026-09-14T16:49:50.605+0000] {logging_mixin.py:190} INFO - [2026-09-14T16:49:50.604+0000] {dag.py:3239} INFO - Sync 1 DAGs
[2026-09-14T16:49:50.694+0000] {logging_mixin.py:190} INFO - [2026-09-14T16:49:50.694+0000] {dag.py:4180} INFO - Setting next_dagrun for weather_etl to 2026-09-14 16:00:00+00:00, run_after=2026-09-14 17:00:00+00:00
[2026-09-14T16:49:50.756+0000] {processor.py:208} INFO - Processing /opt/airflow/dags/weather_etl.py took 1.282 seconds
[2026-09-14T16:50:21.256+0000] {processor.py:186} INFO - Started process (PID=1920) to work on /opt/airflow/dags/weather_etl.py
[2026-09-14T16:50:21.259+0000] {processor.py:914} INFO - Processing file /opt/airflow/dags/weather_etl.py for tasks to queue
[2026-09-14T16:50:21.267+0000] {logging_mixin.py:190} INFO - [2026-09-14T16:50:21.266+0000] {dagbag.py:588} INFO - Filling up the DagBag from /opt/airflow/dags/weather_etl.py
[2026-09-14T16:50:22.527+0000] {processor.py:925} INFO - DAG(s) 'weather_etl' retrieved from /opt/airflow/dags/weather_etl.py
[2026-09-14T16:50:22.624+0000] {logging_mixin.py:190} INFO - [2026-09-14T16:50:22.624+0000] {dag.py:3239} INFO - Sync 1 DAGs
[2026-09-14T16:50:22.731+0000] {logging_mixin.py:190} INFO - [2026-09-14T16:50:22.731+0000] {dag.py:4180} INFO - Setting next_dagrun for weather_etl to 2026-09-14 16:00:00+00:00, run_after=2026-09-14 17:00:00+00:00
[2026-09-14T16:50:22.805+0000] {processor.py:208} INFO - Processing /opt/airflow/dags/weather_etl.py took 1.568 seconds
[2026-09-14T16:50:53.431+0000] {processor.py:186} INFO - Started process (PID=1926) to work on /opt/airflow/dags/weather_etl.py
[2026-09-14T16:50:53.436+0000] {processor.py:914} INFO - Processing file /opt/airflow/dags/weather_etl.py for tasks to queue
[2026-09-14T16:50:53.453+0000] {logging_mixin.py:190} INFO - [2026-09-14T16:50:53.452+0000] {dagbag.py:588} INFO - Filling up the DagBag from /opt/airflow/dags/weather_etl.py
[2026-09-14T16:50:54.453+0000] {processor.py:925} INFO - DAG(s) 'weather_etl' retrieved from /opt/airflow/dags/weather_etl.py
[2026-09-14T16:50:54.568+0000] {logging_mixin.py:190} INFO - [2026-09-14T16:50:54.567+0000] {dag.py:3239} INFO - Sync 1 DAGs
[2026-09-14T16:50:54.666+0000] {logging_mixin.py:190} INFO - [2026-09-14T16:50:54.665+0000] {dag.py:4180} INFO - Setting next_dagrun for weather_etl to 2026-09-14 16:00:00+00:00, run_after=2026-09-14 17:00:00+00:00
[2026-09-14T16:50:54.732+0000] {processor.py:208} INFO - Processing /opt/airflow/dags/weather_etl.py took 1.332 seconds
[2026-09-14T16:51:25.344+0000] {processor.py:186} INFO - Started process (PID=1932) to work on /opt/airflow/dags/weather_etl.py
[2026-09-14T16:51:25.348+0000] {processor.py:914} INFO - Processing file /opt/airflow/dags/weather_etl.py for tasks to queue
[2026-09-14T16:51:25.360+0000] {logging_mixin.py:190} INFO - [2026-09-14T16:51:25.358+0000] {dagbag.py:588} INFO - Filling up the DagBag from /opt/airflow/dags/weather_etl.py
[2026-09-14T16:51:26.545+0000] {processor.py:925} INFO - DAG(s) 'weather_etl' retrieved from /opt/airflow/dags/weather_etl.py
[2026-09-14T16:51:26.669+0000] {logging_mixin.py:190} INFO - [2026-09-14T16:51:26.669+0000] {dag.py:3239} INFO - Sync 1 DAGs
[2026-09-14T16:51:26.777+0000] {logging_mixin.py:190} INFO - [2026-09-14T16:51:26.776+0000] {dag.py:4180} INFO - Setting next_dagrun for weather_etl to 2026-09-14 16:00:00+00:00, run_after=2026-09-14 17:00:00+00:00
[2026-09-14T16:51:26.845+0000] {processor.py:208} INFO - Processing /opt/airflow/dags/weather_etl.py took 1.533 seconds
[2026-09-14T16:51:57.007+0000] {processor.py:186} INFO - Started process (PID=1938) to work on /opt/airflow/dags/weather_etl.py
[2026-09-14T16:51:57.010+0000] {processor.py:914} INFO - Processing file /opt/airflow/dags/weather_etl.py for tasks to queue
[2026-09-14T16:51:57.019+0000] {logging_mixin.py:190} INFO - [2026-09-14T16:51:57.018+0000] {dagbag.py:588} INFO - Filling up the DagBag from /opt/airflow/dags/weather_etl.py
[2026-09-14T16:51:58.140+0000] {processor.py:925} INFO - DAG(s) 'weather_etl' retrieved from /opt/airflow/dags/weather_etl.py
[2026-09-14T16:51:58.248+0000] {logging_mixin.py:190} INFO - [2026-09-14T16:51:58.248+0000] {dag.py:3239} INFO - Sync 1 DAGs
[2026-09-14T16:51:58.339+0000] {logging_mixin.py:190} INFO - [2026-09-14T16:51:58.339+0000] {dag.py:4180} INFO - Setting next_dagrun for weather_etl to 2026-09-14 16:00:00+00:00, run_after=2026-09-14 17:00:00+00:00
[2026-09-14T16:51:58.408+0000] {processor.py:208} INFO - Processing /opt/airflow/dags/weather_etl.py took 1.427 seconds
[2026-09-14T16:52:28.992+0000] {processor.py:186} INFO - Started process (PID=1944) to work on /opt/airflow/dags/weather_etl.py
[2026-09-14T16:52:28.995+0000] {processor.py:914} INFO - Processing file /opt/airflow/dags/weather_etl.py for tasks to queue
[2026-09-14T16:52:29.005+0000] {logging_mixin.py:190} INFO - [2026-09-14T16:52:29.002+0000] {dagbag.py:588} INFO - Filling up the DagBag from /opt/airflow/dags/weather_etl.py
[2026-09-14T16:52:30.217+0000] {processor.py:925} INFO - DAG(s) 'weather_etl' retrieved from /opt/airflow/dags/weather_etl.py
[2026-09-14T16:52:30.349+0000] {logging_mixin.py:190} INFO - [2026-09-14T16:52:30.348+0000] {dag.py:3239} INFO - Sync 1 DAGs
[2026-09-14T16:52:30.463+0000] {logging_mixin.py:190} INFO - [2026-09-14T16:52:30.462+0000] {dag.py:4180} INFO - Setting next_dagrun for weather_etl to 2026-09-14 16:00:00+00:00, run_after=2026-09-14 17:00:00+00:00
[2026-09-14T16:52:30.542+0000] {processor.py:208} INFO - Processing /opt/airflow/dags/weather_etl.py took 1.576 seconds
[2026-09-14T16:53:01.137+0000] {processor.py:186} INFO - Started process (PID=1950) to work on /opt/airflow/dags/weather_etl.py
[2026-09-14T16:53:01.144+0000] {processor.py:914} INFO - Processing file /opt/airflow/dags/weather_etl.py for tasks to queue
[2026-09-14T16:53:01.159+0000] {logging_mixin.py:190} INFO - [2026-09-14T16:53:01.158+0000] {dagbag.py:588} INFO - Filling up the DagBag from /opt/airflow/dags/weather_etl.py
[2026-09-14T16:53:02.385+0000] {processor.py:925} INFO - DAG(s) 'weather_etl' retrieved from /opt/airflow/dags/weather_etl.py
[2026-09-14T16:53:02.488+0000] {logging_mixin.py:190} INFO - [2026-09-14T16:53:02.488+0000] {dag.py:3239} INFO - Sync 1 DAGs
[2026-09-14T16:53:02.578+0000] {logging_mixin.py:190} INFO - [2026-09-14T16:53:02.577+0000] {dag.py:4180} INFO - Setting next_dagrun for weather_etl to 2026-09-14 16:00:00+00:00, run_after=2026-09-14 17:00:00+00:00
[2026-09-14T16:53:02.648+0000] {processor.py:208} INFO - Processing /opt/airflow/dags/weather_etl.py took 1.531 seconds
[2026-09-14T16:53:33.085+0000] {processor.py:186} INFO - Started process (PID=1956) to work on /opt/airflow/dags/weather_etl.py
[2026-09-14T16:53:33.089+0000] {processor.py:914} INFO - Processing file /opt/airflow/dags/weather_etl.py for tasks to queue
[2026-09-14T16:53:33.095+0000] {logging_mixin.py:190} INFO - [2026-09-14T16:53:33.094+0000] {dagbag.py:588} INFO - Filling up the DagBag from /opt/airflow/dags/weather_etl.py
[2026-09-14T16:53:34.091+0000] {processor.py:925} INFO - DAG(s) 'weather_etl' retrieved from /opt/airflow/dags/weather_etl.py
[2026-09-14T16:53:34.218+0000] {logging_mixin.py:190} INFO - [2026-09-14T16:53:34.217+0000] {dag.py:3239} INFO - Sync 1 DAGs
[2026-09-14T16:53:34.348+0000] {logging_mixin.py:190} INFO - [2026-09-14T16:53:34.347+0000] {dag.py:4180} INFO - Setting next_dagrun for weather_etl to 2026-09-14 16:00:00+00:00, run_after=2026-09-14 17:00:00+00:00
[2026-09-14T16:53:34.426+0000] {processor.py:208} INFO - Processing /opt/airflow/dags/weather_etl.py took 1.363 seconds
[2026-09-14T16:54:04.659+0000] {processor.py:186} INFO - Started process (PID=1962) to work on /opt/airflow/dags/weather_etl.py
[2026-09-14T16:54:04.662+0000] {processor.py:914} INFO - Processing file /opt/airflow/dags/weather_etl.py for tasks to queue
[2026-09-14T16:54:04.669+0000] {logging_mixin.py:190} INFO - [2026-09-14T16:54:04.668+0000] {dagbag.py:588} INFO - Filling up the DagBag from /opt/airflow/dags/weather_etl.py
[2026-09-14T16:54:05.758+0000] {processor.py:925} INFO - DAG(s) 'weather_etl' retrieved from /opt/airflow/dags/weather_etl.py
[2026-09-14T16:54:05.857+0000] {logging_mixin.py:190} INFO - [2026-09-14T16:54:05.856+0000] {dag.py:3239} INFO - Sync 1 DAGs
[2026-09-14T16:54:05.947+0000] {logging_mixin.py:190} INFO - [2026-09-14T16:54:05.947+0000] {dag.py:4180} INFO - Setting next_dagrun for weather_etl to 2026-09-14 16:00:00+00:00, run_after=2026-09-14 17:00:00+00:00
[2026-09-14T16:54:06.012+0000] {processor.py:208} INFO - Processing /opt/airflow/dags/weather_etl.py took 1.374 seconds
[2026-09-14T16:54:36.520+0000] {processor.py:186} INFO - Started process (PID=1968) to work on /opt/airflow/dags/weather_etl.py
[2026-09-14T16:54:36.523+0000] {processor.py:914} INFO - Processing file /opt/airflow/dags/weather_etl.py for tasks to queue
[2026-09-14T16:54:36.529+0000] {logging_mixin.py:190} INFO - [2026-09-14T16:54:36.528+0000] {dagbag.py:588} INFO - Filling up the DagBag from /opt/airflow/dags/weather_etl.py
[2026-09-14T16:54:37.457+0000] {processor.py:925} INFO - DAG(s) 'weather_etl' retrieved from /opt/airflow/dags/weather_etl.py
[2026-09-14T16:54:37.562+0000] {logging_mixin.py:190} INFO - [2026-09-14T16:54:37.562+0000] {dag.py:3239} INFO - Sync 1 DAGs
[2026-09-14T16:54:37.650+0000] {logging_mixin.py:190} INFO - [2026-09-14T16:54:37.650+0000] {dag.py:4180} INFO - Setting next_dagrun for weather_etl to 2026-09-14 16:00:00+00:00, run_after=2026-09-14 17:00:00+00:00
[2026-09-14T16:54:37.714+0000] {processor.py:208} INFO - Processing /opt/airflow/dags/weather_etl.py took 1.213 seconds
[2026-09-14T16:55:08.009+0000] {processor.py:186} INFO - Started process (PID=1974) to work on /opt/airflow/dags/weather_etl.py
[2026-09-14T16:55:08.012+0000] {processor.py:914} INFO - Processing file /opt/airflow/dags/weather_etl.py for tasks to queue
[2026-09-14T16:55:08.020+0000] {logging_mixin.py:190} INFO - [2026-09-14T16:55:08.019+0000] {dagbag.py:588} INFO - Filling up the DagBag from /opt/airflow/dags/weather_etl.py
[2026-09-14T16:55:09.015+0000] {processor.py:925} INFO - DAG(s) 'weather_etl' retrieved from /opt/airflow/dags/weather_etl.py
[2026-09-14T16:55:09.130+0000] {logging_mixin.py:190} INFO - [2026-09-14T16:55:09.129+0000] {dag.py:3239} INFO - Sync 1 DAGs
[2026-09-14T16:55:09.229+0000] {logging_mixin.py:190} INFO - [2026-09-14T16:55:09.228+0000] {dag.py:4180} INFO - Setting next_dagrun for weather_etl to 2026-09-14 16:00:00+00:00, run_after=2026-09-14 17:00:00+00:00
[2026-09-14T16:55:09.296+0000] {processor.py:208} INFO - Processing /opt/airflow/dags/weather_etl.py took 1.307 seconds
[2026-09-14T16:55:39.704+0000] {processor.py:186} INFO - Started process (PID=1980) to work on /opt/airflow/dags/weather_etl.py
[2026-09-14T16:55:39.707+0000] {processor.py:914} INFO - Processing file /opt/airflow/dags/weather_etl.py for tasks to queue
[2026-09-14T16:55:39.714+0000] {logging_mixin.py:190} INFO - [2026-09-14T16:55:39.713+0000] {dagbag.py:588} INFO - Filling up the DagBag from /opt/airflow/dags/weather_etl.py
[2026-09-14T16:55:40.690+0000] {processor.py:925} INFO - DAG(s) 'weather_etl' retrieved from /opt/airflow/dags/weather_etl.py
[2026-09-14T16:55:40.799+0000] {logging_mixin.py:190} INFO - [2026-09-14T16:55:40.799+0000] {dag.py:3239} INFO - Sync 1 DAGs
[2026-09-14T16:55:40.880+0000] {logging_mixin.py:190} INFO - [2026-09-14T16:55:40.880+0000] {dag.py:4180} INFO - Setting next_dagrun for weather_etl to 2026-09-14 16:00:00+00:00, run_after=2026-09-14 17:00:00+00:00
[2026-09-14T16:55:40.951+0000] {processor.py:208} INFO - Processing /opt/airflow/dags/weather_etl.py took 1.269 seconds
[2026-09-14T16:56:11.315+0000] {processor.py:186} INFO - Started process (PID=1986) to work on /opt/airflow/dags/weather_etl.py
[2026-09-14T16:56:11.318+0000] {processor.py:914} INFO - Processing file /opt/airflow/dags/weather_etl.py for tasks to queue
[2026-09-14T16:56:11.324+0000] {logging_mixin.py:190} INFO - [2026-09-14T16:56:11.323+0000] {dagbag.py:588} INFO - Filling up the DagBag from /opt/airflow/dags/weather_etl.py
[2026-09-14T16:56:12.276+0000] {processor.py:925} INFO - DAG(s) 'weather_etl' retrieved from /opt/airflow/dags/weather_etl.py
[2026-09-14T16:56:12.386+0000] {logging_mixin.py:190} INFO - [2026-09-14T16:56:12.386+0000] {dag.py:3239} INFO - Sync 1 DAGs
[2026-09-14T16:56:12.476+0000] {logging_mixin.py:190} INFO - [2026-09-14T16:56:12.475+0000] {dag.py:4180} INFO - Setting next_dagrun for weather_etl to 2026-09-14 16:00:00+00:00, run_after=2026-09-14 17:00:00+00:00
[2026-09-14T16:56:12.544+0000] {processor.py:208} INFO - Processing /opt/airflow/dags/weather_etl.py took 1.249 seconds
[2026-09-14T16:56:42.955+0000] {processor.py:186} INFO - Started process (PID=1992) to work on /opt/airflow/dags/weather_etl.py
[2026-09-14T16:56:42.958+0000] {processor.py:914} INFO - Processing file /opt/airflow/dags/weather_etl.py for tasks to queue
[2026-09-14T16:56:42.966+0000] {logging_mixin.py:190} INFO - [2026-09-14T16:56:42.965+0000] {dagbag.py:588} INFO - Filling up the DagBag from /opt/airflow/dags/weather_etl.py
[2026-09-14T16:56:43.946+0000] {processor.py:925} INFO - DAG(s) 'weather_etl' retrieved from /opt/airflow/dags/weather_etl.py
[2026-09-14T16:56:44.045+0000] {logging_mixin.py:190} INFO - [2026-09-14T16:56:44.044+0000] {dag.py:3239} INFO - Sync 1 DAGs
[2026-09-14T16:56:44.148+0000] {logging_mixin.py:190} INFO - [2026-09-14T16:56:44.147+0000] {dag.py:4180} INFO - Setting next_dagrun for weather_etl to 2026-09-14 16:00:00+00:00, run_after=2026-09-14 17:00:00+00:00
[2026-09-14T16:56:44.225+0000] {processor.py:208} INFO - Processing /opt/airflow/dags/weather_etl.py took 1.291 seconds
[2026-09-14T16:57:14.607+0000] {processor.py:186} INFO - Started process (PID=1998) to work on /opt/airflow/dags/weather_etl.py
[2026-09-14T16:57:14.610+0000] {processor.py:914} INFO - Processing file /opt/airflow/dags/weather_etl.py for tasks to queue
[2026-09-14T16:57:14.619+0000] {logging_mixin.py:190} INFO - [2026-09-14T16:57:14.618+0000] {dagbag.py:588} INFO - Filling up the DagBag from /opt/airflow/dags/weather_etl.py
[2026-09-14T16:57:15.572+0000] {processor.py:925} INFO - DAG(s) 'weather_etl' retrieved from /opt/airflow/dags/weather_etl.py
[2026-09-14T16:57:15.683+0000] {logging_mixin.py:190} INFO - [2026-09-14T16:57:15.682+0000] {dag.py:3239} INFO - Sync 1 DAGs
[2026-09-14T16:57:15.778+0000] {logging_mixin.py:190} INFO - [2026-09-14T16:57:15.777+0000] {dag.py:4180} INFO - Setting next_dagrun for weather_etl to 2026-09-14 16:00:00+00:00, run_after=2026-09-14 17:00:00+00:00
[2026-09-14T16:57:15.843+0000] {processor.py:208} INFO - Processing /opt/airflow/dags/weather_etl.py took 1.260 seconds
[2026-09-14T16:57:46.259+0000] {processor.py:186} INFO - Started process (PID=2004) to work on /opt/airflow/dags/weather_etl.py
[2026-09-14T16:57:46.263+0000] {processor.py:914} INFO - Processing file /opt/airflow/dags/weather_etl.py for tasks to queue
[2026-09-14T16:57:46.272+0000] {logging_mixin.py:190} INFO - [2026-09-14T16:57:46.270+0000] {dagbag.py:588} INFO - Filling up the DagBag from /opt/airflow/dags/weather_etl.py
[2026-09-14T16:57:47.325+0000] {processor.py:925} INFO - DAG(s) 'weather_etl' retrieved from /opt/airflow/dags/weather_etl.py
[2026-09-14T16:57:47.462+0000] {logging_mixin.py:190} INFO - [2026-09-14T16:57:47.461+0000] {dag.py:3239} INFO - Sync 1 DAGs
[2026-09-14T16:57:47.548+0000] {logging_mixin.py:190} INFO - [2026-09-14T16:57:47.547+0000] {dag.py:4180} INFO - Setting next_dagrun for weather_etl to 2026-09-14 16:00:00+00:00, run_after=2026-09-14 17:00:00+00:00
[2026-09-14T16:57:47.609+0000] {processor.py:208} INFO - Processing /opt/airflow/dags/weather_etl.py took 1.382 seconds
[2026-09-14T16:58:17.935+0000] {processor.py:186} INFO - Started process (PID=2010) to work on /opt/airflow/dags/weather_etl.py
[2026-09-14T16:58:17.938+0000] {processor.py:914} INFO - Processing file /opt/airflow/dags/weather_etl.py for tasks to queue
[2026-09-14T16:58:17.949+0000] {logging_mixin.py:190} INFO - [2026-09-14T16:58:17.947+0000] {dagbag.py:588} INFO - Filling up the DagBag from /opt/airflow/dags/weather_etl.py
[2026-09-14T16:58:19.102+0000] {processor.py:925} INFO - DAG(s) 'weather_etl' retrieved from /opt/airflow/dags/weather_etl.py
[2026-09-14T16:58:19.199+0000] {logging_mixin.py:190} INFO - [2026-09-14T16:58:19.198+0000] {dag.py:3239} INFO - Sync 1 DAGs
[2026-09-14T16:58:19.290+0000] {logging_mixin.py:190} INFO - [2026-09-14T16:58:19.290+0000] {dag.py:4180} INFO - Setting next_dagrun for weather_etl to 2026-09-14 16:00:00+00:00, run_after=2026-09-14 17:00:00+00:00
[2026-09-14T16:58:19.359+0000] {processor.py:208} INFO - Processing /opt/airflow/dags/weather_etl.py took 1.459 seconds
[2026-09-14T16:58:49.689+0000] {processor.py:186} INFO - Started process (PID=2016) to work on /opt/airflow/dags/weather_etl.py
[2026-09-14T16:58:49.692+0000] {processor.py:914} INFO - Processing file /opt/airflow/dags/weather_etl.py for tasks to queue
[2026-09-14T16:58:49.699+0000] {logging_mixin.py:190} INFO - [2026-09-14T16:58:49.698+0000] {dagbag.py:588} INFO - Filling up the DagBag from /opt/airflow/dags/weather_etl.py
[2026-09-14T16:58:50.623+0000] {processor.py:925} INFO - DAG(s) 'weather_etl' retrieved from /opt/airflow/dags/weather_etl.py
[2026-09-14T16:58:50.745+0000] {logging_mixin.py:190} INFO - [2026-09-14T16:58:50.744+0000] {dag.py:3239} INFO - Sync 1 DAGs
[2026-09-14T16:58:50.836+0000] {logging_mixin.py:190} INFO - [2026-09-14T16:58:50.836+0000] {dag.py:4180} INFO - Setting next_dagrun for weather_etl to 2026-09-14 16:00:00+00:00, run_after=2026-09-14 17:00:00+00:00
[2026-09-14T16:58:50.899+0000] {processor.py:208} INFO - Processing /opt/airflow/dags/weather_etl.py took 1.231 seconds
[2026-09-14T16:59:21.357+0000] {processor.py:186} INFO - Started process (PID=2022) to work on /opt/airflow/dags/weather_etl.py
[2026-09-14T16:59:21.359+0000] {processor.py:914} INFO - Processing file /opt/airflow/dags/weather_etl.py for tasks to queue
[2026-09-14T16:59:21.367+0000] {logging_mixin.py:190} INFO - [2026-09-14T16:59:21.366+0000] {dagbag.py:588} INFO - Filling up the DagBag from /opt/airflow/dags/weather_etl.py
[2026-09-14T16:59:22.355+0000] {processor.py:925} INFO - DAG(s) 'weather_etl' retrieved from /opt/airflow/dags/weather_etl.py
[2026-09-14T16:59:22.450+0000] {logging_mixin.py:190} INFO - [2026-09-14T16:59:22.450+0000] {dag.py:3239} INFO - Sync 1 DAGs
[2026-09-14T16:59:22.535+0000] {logging_mixin.py:190} INFO - [2026-09-14T16:59:22.535+0000] {dag.py:4180} INFO - Setting next_dagrun for weather_etl to 2026-09-14 16:00:00+00:00, run_after=2026-09-14 17:00:00+00:00
[2026-09-14T16:59:22.601+0000] {processor.py:208} INFO - Processing /opt/airflow/dags/weather_etl.py took 1.258 seconds
[2026-09-14T16:59:52.970+0000] {processor.py:186} INFO - Started process (PID=2028) to work on /opt/airflow/dags/weather_etl.py
[2026-09-14T16:59:52.972+0000] {processor.py:914} INFO - Processing file /opt/airflow/dags/weather_etl.py for tasks to queue
[2026-09-14T16:59:52.978+0000] {logging_mixin.py:190} INFO - [2026-09-14T16:59:52.977+0000] {dagbag.py:588} INFO - Filling up the DagBag from /opt/airflow/dags/weather_etl.py
[2026-09-14T16:59:53.907+0000] {processor.py:925} INFO - DAG(s) 'weather_etl' retrieved from /opt/airflow/dags/weather_etl.py
[2026-09-14T16:59:54.001+0000] {logging_mixin.py:190} INFO - [2026-09-14T16:59:54.001+0000] {dag.py:3239} INFO - Sync 1 DAGs
[2026-09-14T16:59:54.095+0000] {logging_mixin.py:190} INFO - [2026-09-14T16:59:54.094+0000] {dag.py:4180} INFO - Setting next_dagrun for weather_etl to 2026-09-14 16:00:00+00:00, run_after=2026-09-14 17:00:00+00:00
[2026-09-14T16:59:54.160+0000] {processor.py:208} INFO - Processing /opt/airflow/dags/weather_etl.py took 1.208 seconds
[2026-09-14T17:00:24.608+0000] {processor.py:186} INFO - Started process (PID=2051) to work on /opt/airflow/dags/weather_etl.py
[2026-09-14T17:00:24.612+0000] {processor.py:914} INFO - Processing file /opt/airflow/dags/weather_etl.py for tasks to queue
[2026-09-14T17:00:24.619+0000] {logging_mixin.py:190} INFO - [2026-09-14T17:00:24.617+0000] {dagbag.py:588} INFO - Filling up the DagBag from /opt/airflow/dags/weather_etl.py
[2026-09-14T17:00:25.747+0000] {processor.py:925} INFO - DAG(s) 'weather_etl' retrieved from /opt/airflow/dags/weather_etl.py
[2026-09-14T17:00:25.849+0000] {logging_mixin.py:190} INFO - [2026-09-14T17:00:25.849+0000] {dag.py:3239} INFO - Sync 1 DAGs
[2026-09-14T17:00:25.948+0000] {logging_mixin.py:190} INFO - [2026-09-14T17:00:25.947+0000] {dag.py:4180} INFO - Setting next_dagrun for weather_etl to 2026-09-14 17:00:00+00:00, run_after=2026-09-14 18:00:00+00:00
[2026-09-14T17:00:26.012+0000] {processor.py:208} INFO - Processing /opt/airflow/dags/weather_etl.py took 1.425 seconds
[2026-09-14T17:00:56.543+0000] {processor.py:186} INFO - Started process (PID=2057) to work on /opt/airflow/dags/weather_etl.py
[2026-09-14T17:00:56.546+0000] {processor.py:914} INFO - Processing file /opt/airflow/dags/weather_etl.py for tasks to queue
[2026-09-14T17:00:56.553+0000] {logging_mixin.py:190} INFO - [2026-09-14T17:00:56.552+0000] {dagbag.py:588} INFO - Filling up the DagBag from /opt/airflow/dags/weather_etl.py
[2026-09-14T17:00:57.504+0000] {processor.py:925} INFO - DAG(s) 'weather_etl' retrieved from /opt/airflow/dags/weather_etl.py
[2026-09-14T17:00:57.608+0000] {logging_mixin.py:190} INFO - [2026-09-14T17:00:57.607+0000] {dag.py:3239} INFO - Sync 1 DAGs
[2026-09-14T17:00:57.701+0000] {logging_mixin.py:190} INFO - [2026-09-14T17:00:57.700+0000] {dag.py:4180} INFO - Setting next_dagrun for weather_etl to 2026-09-14 17:00:00+00:00, run_after=2026-09-14 18:00:00+00:00
[2026-09-14T17:00:57.768+0000] {processor.py:208} INFO - Processing /opt/airflow/dags/weather_etl.py took 1.240 seconds
[2026-09-14T17:01:28.031+0000] {processor.py:186} INFO - Started process (PID=2063) to work on /opt/airflow/dags/weather_etl.py
[2026-09-14T17:01:28.034+0000] {processor.py:914} INFO - Processing file /opt/airflow/dags/weather_etl.py for tasks to queue
[2026-09-14T17:01:28.040+0000] {logging_mixin.py:190} INFO - [2026-09-14T17:01:28.039+0000] {dagbag.py:588} INFO - Filling up the DagBag from /opt/airflow/dags/weather_etl.py
[2026-09-14T17:01:29.063+0000] {processor.py:925} INFO - DAG(s) 'weather_etl' retrieved from /opt/airflow/dags/weather_etl.py
[2026-09-14T17:01:29.160+0000] {logging_mixin.py:190} INFO - [2026-09-14T17:01:29.159+0000] {dag.py:3239} INFO - Sync 1 DAGs
[2026-09-14T17:01:29.254+0000] {logging_mixin.py:190} INFO - [2026-09-14T17:01:29.254+0000] {dag.py:4180} INFO - Setting next_dagrun for weather_etl to 2026-09-14 17:00:00+00:00, run_after=2026-09-14 18:00:00+00:00
[2026-09-14T17:01:29.326+0000] {processor.py:208} INFO - Processing /opt/airflow/dags/weather_etl.py took 1.310 seconds
[2026-09-14T17:01:59.766+0000] {processor.py:186} INFO - Started process (PID=2069) to work on /opt/airflow/dags/weather_etl.py
[2026-09-14T17:01:59.771+0000] {processor.py:914} INFO - Processing file /opt/airflow/dags/weather_etl.py for tasks to queue
[2026-09-14T17:01:59.779+0000] {logging_mixin.py:190} INFO - [2026-09-14T17:01:59.778+0000] {dagbag.py:588} INFO - Filling up the DagBag from /opt/airflow/dags/weather_etl.py
[2026-09-14T17:02:00.721+0000] {processor.py:925} INFO - DAG(s) 'weather_etl' retrieved from /opt/airflow/dags/weather_etl.py
[2026-09-14T17:02:00.821+0000] {logging_mixin.py:190} INFO - [2026-09-14T17:02:00.821+0000] {dag.py:3239} INFO - Sync 1 DAGs
[2026-09-14T17:02:00.906+0000] {logging_mixin.py:190} INFO - [2026-09-14T17:02:00.906+0000] {dag.py:4180} INFO - Setting next_dagrun for weather_etl to 2026-09-14 17:00:00+00:00, run_after=2026-09-14 18:00:00+00:00
[2026-09-14T17:02:00.974+0000] {processor.py:208} INFO - Processing /opt/airflow/dags/weather_etl.py took 1.229 seconds
[2026-09-14T17:02:31.312+0000] {processor.py:186} INFO - Started process (PID=2075) to work on /opt/airflow/dags/weather_etl.py
[2026-09-14T17:02:31.315+0000] {processor.py:914} INFO - Processing file /opt/airflow/dags/weather_etl.py for tasks to queue
[2026-09-14T17:02:31.323+0000] {logging_mixin.py:190} INFO - [2026-09-14T17:02:31.321+0000] {dagbag.py:588} INFO - Filling up the DagBag from /opt/airflow/dags/weather_etl.py
[2026-09-14T17:02:32.288+0000] {processor.py:925} INFO - DAG(s) 'weather_etl' retrieved from /opt/airflow/dags/weather_etl.py
[2026-09-14T17:02:32.388+0000] {logging_mixin.py:190} INFO - [2026-09-14T17:02:32.387+0000] {dag.py:3239} INFO - Sync 1 DAGs
[2026-09-14T17:02:32.474+0000] {logging_mixin.py:190} INFO - [2026-09-14T17:02:32.473+0000] {dag.py:4180} INFO - Setting next_dagrun for weather_etl to 2026-09-14 17:00:00+00:00, run_after=2026-09-14 18:00:00+00:00
[2026-09-14T17:02:32.545+0000] {processor.py:208} INFO - Processing /opt/airflow/dags/weather_etl.py took 1.248 seconds
[2026-09-14T17:03:02.965+0000] {processor.py:186} INFO - Started process (PID=2081) to work on /opt/airflow/dags/weather_etl.py
[2026-09-14T17:03:02.968+0000] {processor.py:914} INFO - Processing file /opt/airflow/dags/weather_etl.py for tasks to queue
[2026-09-14T17:03:02.978+0000] {logging_mixin.py:190} INFO - [2026-09-14T17:03:02.977+0000] {dagbag.py:588} INFO - Filling up the DagBag from /opt/airflow/dags/weather_etl.py
[2026-09-14T17:03:03.984+0000] {processor.py:925} INFO - DAG(s) 'weather_etl' retrieved from /opt/airflow/dags/weather_etl.py
[2026-09-14T17:03:04.085+0000] {logging_mixin.py:190} INFO - [2026-09-14T17:03:04.085+0000] {dag.py:3239} INFO - Sync 1 DAGs
[2026-09-14T17:03:04.167+0000] {logging_mixin.py:190} INFO - [2026-09-14T17:03:04.167+0000] {dag.py:4180} INFO - Setting next_dagrun for weather_etl to 2026-09-14 17:00:00+00:00, run_after=2026-09-14 18:00:00+00:00
[2026-09-14T17:03:04.233+0000] {processor.py:208} INFO - Processing /opt/airflow/dags/weather_etl.py took 1.291 seconds
[2026-09-14T17:03:34.623+0000] {processor.py:186} INFO - Started process (PID=2087) to work on /opt/airflow/dags/weather_etl.py
[2026-09-14T17:03:34.625+0000] {processor.py:914} INFO - Processing file /opt/airflow/dags/weather_etl.py for tasks to queue
[2026-09-14T17:03:34.633+0000] {logging_mixin.py:190} INFO - [2026-09-14T17:03:34.632+0000] {dagbag.py:588} INFO - Filling up the DagBag from /opt/airflow/dags/weather_etl.py
[2026-09-14T17:03:35.638+0000] {processor.py:925} INFO - DAG(s) 'weather_etl' retrieved from /opt/airflow/dags/weather_etl.py
[2026-09-14T17:03:35.753+0000] {logging_mixin.py:190} INFO - [2026-09-14T17:03:35.753+0000] {dag.py:3239} INFO - Sync 1 DAGs
[2026-09-14T17:03:35.845+0000] {logging_mixin.py:190} INFO - [2026-09-14T17:03:35.844+0000] {dag.py:4180} INFO - Setting next_dagrun for weather_etl to 2026-09-14 17:00:00+00:00, run_after=2026-09-14 18:00:00+00:00
[2026-09-14T17:03:35.910+0000] {processor.py:208} INFO - Processing /opt/airflow/dags/weather_etl.py took 1.302 seconds
[2026-09-14T17:04:06.219+0000] {processor.py:186} INFO - Started process (PID=2093) to work on /opt/airflow/dags/weather_etl.py
[2026-09-14T17:04:06.224+0000] {processor.py:914} INFO - Processing file /opt/airflow/dags/weather_etl.py for tasks to queue
[2026-09-14T17:04:06.233+0000] {logging_mixin.py:190} INFO - [2026-09-14T17:04:06.231+0000] {dagbag.py:588} INFO - Filling up the DagBag from /opt/airflow/dags/weather_etl.py
[2026-09-14T17:04:07.284+0000] {processor.py:925} INFO - DAG(s) 'weather_etl' retrieved from /opt/airflow/dags/weather_etl.py
[2026-09-14T17:04:07.389+0000] {logging_mixin.py:190} INFO - [2026-09-14T17:04:07.389+0000] {dag.py:3239} INFO - Sync 1 DAGs
[2026-09-14T17:04:07.476+0000] {logging_mixin.py:190} INFO - [2026-09-14T17:04:07.475+0000] {dag.py:4180} INFO - Setting next_dagrun for weather_etl to 2026-09-14 17:00:00+00:00, run_after=2026-09-14 18:00:00+00:00
[2026-09-14T17:04:07.548+0000] {processor.py:208} INFO - Processing /opt/airflow/dags/weather_etl.py took 1.345 seconds
[2026-09-14T17:04:37.890+0000] {processor.py:186} INFO - Started process (PID=2099) to work on /opt/airflow/dags/weather_etl.py
[2026-09-14T17:04:37.894+0000] {processor.py:914} INFO - Processing file /opt/airflow/dags/weather_etl.py for tasks to queue
[2026-09-14T17:04:37.903+0000] {logging_mixin.py:190} INFO - [2026-09-14T17:04:37.901+0000] {dagbag.py:588} INFO - Filling up the DagBag from /opt/airflow/dags/weather_etl.py
[2026-09-14T17:04:38.969+0000] {processor.py:925} INFO - DAG(s) 'weather_etl' retrieved from /opt/airflow/dags/weather_etl.py
[2026-09-14T17:04:39.072+0000] {logging_mixin.py:190} INFO - [2026-09-14T17:04:39.071+0000] {dag.py:3239} INFO - Sync 1 DAGs
[2026-09-14T17:04:39.174+0000] {logging_mixin.py:190} INFO - [2026-09-14T17:04:39.174+0000] {dag.py:4180} INFO - Setting next_dagrun for weather_etl to 2026-09-14 17:00:00+00:00, run_after=2026-09-14 18:00:00+00:00
[2026-09-14T17:04:39.239+0000] {processor.py:208} INFO - Processing /opt/airflow/dags/weather_etl.py took 1.375 seconds
[2026-09-14T17:05:09.529+0000] {processor.py:186} INFO - Started process (PID=2105) to work on /opt/airflow/dags/weather_etl.py
[2026-09-14T17:05:09.533+0000] {processor.py:914} INFO - Processing file /opt/airflow/dags/weather_etl.py for tasks to queue
[2026-09-14T17:05:09.543+0000] {logging_mixin.py:190} INFO - [2026-09-14T17:05:09.542+0000] {dagbag.py:588} INFO - Filling up the DagBag from /opt/airflow/dags/weather_etl.py
[2026-09-14T17:05:10.567+0000] {processor.py:925} INFO - DAG(s) 'weather_etl' retrieved from /opt/airflow/dags/weather_etl.py
[2026-09-14T17:05:10.680+0000] {logging_mixin.py:190} INFO - [2026-09-14T17:05:10.679+0000] {dag.py:3239} INFO - Sync 1 DAGs
[2026-09-14T17:05:10.785+0000] {logging_mixin.py:190} INFO - [2026-09-14T17:05:10.785+0000] {dag.py:4180} INFO - Setting next_dagrun for weather_etl to 2026-09-14 17:00:00+00:00, run_after=2026-09-14 18:00:00+00:00
[2026-09-14T17:05:10.855+0000] {processor.py:208} INFO - Processing /opt/airflow/dags/weather_etl.py took 1.348 seconds
[2026-09-14T17:05:41.230+0000] {processor.py:186} INFO - Started process (PID=2111) to work on /opt/airflow/dags/weather_etl.py
[2026-09-14T17:05:41.233+0000] {processor.py:914} INFO - Processing file /opt/airflow/dags/weather_etl.py for tasks to queue
[2026-09-14T17:05:41.240+0000] {logging_mixin.py:190} INFO - [2026-09-14T17:05:41.239+0000] {dagbag.py:588} INFO - Filling up the DagBag from /opt/airflow/dags/weather_etl.py
[2026-09-14T17:05:42.475+0000] {processor.py:925} INFO - DAG(s) 'weather_etl' retrieved from /opt/airflow/dags/weather_etl.py
[2026-09-14T17:05:42.574+0000] {logging_mixin.py:190} INFO - [2026-09-14T17:05:42.573+0000] {dag.py:3239} INFO - Sync 1 DAGs
[2026-09-14T17:05:42.664+0000] {logging_mixin.py:190} INFO - [2026-09-14T17:05:42.664+0000] {dag.py:4180} INFO - Setting next_dagrun for weather_etl to 2026-09-14 17:00:00+00:00, run_after=2026-09-14 18:00:00+00:00
[2026-09-14T17:05:42.725+0000] {processor.py:208} INFO - Processing /opt/airflow/dags/weather_etl.py took 1.516 seconds
[2026-09-14T17:06:13.296+0000] {processor.py:186} INFO - Started process (PID=2117) to work on /opt/airflow/dags/weather_etl.py
[2026-09-14T17:06:13.300+0000] {processor.py:914} INFO - Processing file /opt/airflow/dags/weather_etl.py for tasks to queue
[2026-09-14T17:06:13.307+0000] {logging_mixin.py:190} INFO - [2026-09-14T17:06:13.306+0000] {dagbag.py:588} INFO - Filling up the DagBag from /opt/airflow/dags/weather_etl.py
[2026-09-14T17:06:14.196+0000] {processor.py:925} INFO - DAG(s) 'weather_etl' retrieved from /opt/airflow/dags/weather_etl.py
[2026-09-14T17:06:14.308+0000] {logging_mixin.py:190} INFO - [2026-09-14T17:06:14.308+0000] {dag.py:3239} INFO - Sync 1 DAGs
[2026-09-14T17:06:14.406+0000] {logging_mixin.py:190} INFO - [2026-09-14T17:06:14.405+0000] {dag.py:4180} INFO - Setting next_dagrun for weather_etl to 2026-09-14 17:00:00+00:00, run_after=2026-09-14 18:00:00+00:00
[2026-09-14T17:06:14.467+0000] {processor.py:208} INFO - Processing /opt/airflow/dags/weather_etl.py took 1.192 seconds
[2026-09-14T17:06:44.761+0000] {processor.py:186} INFO - Started process (PID=2123) to work on /opt/airflow/dags/weather_etl.py
[2026-09-14T17:06:44.765+0000] {processor.py:914} INFO - Processing file /opt/airflow/dags/weather_etl.py for tasks to queue
[2026-09-14T17:06:44.773+0000] {logging_mixin.py:190} INFO - [2026-09-14T17:06:44.771+0000] {dagbag.py:588} INFO - Filling up the DagBag from /opt/airflow/dags/weather_etl.py
[2026-09-14T17:06:45.736+0000] {processor.py:925} INFO - DAG(s) 'weather_etl' retrieved from /opt/airflow/dags/weather_etl.py
[2026-09-14T17:06:45.831+0000] {logging_mixin.py:190} INFO - [2026-09-14T17:06:45.831+0000] {dag.py:3239} INFO - Sync 1 DAGs
[2026-09-14T17:06:45.928+0000] {logging_mixin.py:190} INFO - [2026-09-14T17:06:45.927+0000] {dag.py:4180} INFO - Setting next_dagrun for weather_etl to 2026-09-14 17:00:00+00:00, run_after=2026-09-14 18:00:00+00:00
[2026-09-14T17:06:45.988+0000] {processor.py:208} INFO - Processing /opt/airflow/dags/weather_etl.py took 1.249 seconds
[2026-09-14T17:07:16.445+0000] {processor.py:186} INFO - Started process (PID=2129) to work on /opt/airflow/dags/weather_etl.py
[2026-09-14T17:07:16.448+0000] {processor.py:914} INFO - Processing file /opt/airflow/dags/weather_etl.py for tasks to queue
[2026-09-14T17:07:16.455+0000] {logging_mixin.py:190} INFO - [2026-09-14T17:07:16.454+0000] {dagbag.py:588} INFO - Filling up the DagBag from /opt/airflow/dags/weather_etl.py
[2026-09-14T17:07:17.560+0000] {processor.py:925} INFO - DAG(s) 'weather_etl' retrieved from /opt/airflow/dags/weather_etl.py
[2026-09-14T17:07:17.676+0000] {logging_mixin.py:190} INFO - [2026-09-14T17:07:17.675+0000] {dag.py:3239} INFO - Sync 1 DAGs
[2026-09-14T17:07:17.784+0000] {logging_mixin.py:190} INFO - [2026-09-14T17:07:17.783+0000] {dag.py:4180} INFO - Setting next_dagrun for weather_etl to 2026-09-14 17:00:00+00:00, run_after=2026-09-14 18:00:00+00:00
[2026-09-14T17:07:17.866+0000] {processor.py:208} INFO - Processing /opt/airflow/dags/weather_etl.py took 1.437 seconds
[2026-09-14T17:07:48.412+0000] {processor.py:186} INFO - Started process (PID=2135) to work on /opt/airflow/dags/weather_etl.py
[2026-09-14T17:07:48.415+0000] {processor.py:914} INFO - Processing file /opt/airflow/dags/weather_etl.py for tasks to queue
[2026-09-14T17:07:48.422+0000] {logging_mixin.py:190} INFO - [2026-09-14T17:07:48.421+0000] {dagbag.py:588} INFO - Filling up the DagBag from /opt/airflow/dags/weather_etl.py
[2026-09-14T17:07:49.310+0000] {processor.py:925} INFO - DAG(s) 'weather_etl' retrieved from /opt/airflow/dags/weather_etl.py
[2026-09-14T17:07:49.415+0000] {logging_mixin.py:190} INFO - [2026-09-14T17:07:49.415+0000] {dag.py:3239} INFO - Sync 1 DAGs
[2026-09-14T17:07:49.514+0000] {logging_mixin.py:190} INFO - [2026-09-14T17:07:49.513+0000] {dag.py:4180} INFO - Setting next_dagrun for weather_etl to 2026-09-14 17:00:00+00:00, run_after=2026-09-14 18:00:00+00:00
[2026-09-14T17:07:49.582+0000] {processor.py:208} INFO - Processing /opt/airflow/dags/weather_etl.py took 1.191 seconds
[2026-09-14T17:08:19.887+0000] {processor.py:186} INFO - Started process (PID=2141) to work on /opt/airflow/dags/weather_etl.py
[2026-09-14T17:08:19.890+0000] {processor.py:914} INFO - Processing file /opt/airflow/dags/weather_etl.py for tasks to queue
[2026-09-14T17:08:19.898+0000] {logging_mixin.py:190} INFO - [2026-09-14T17:08:19.897+0000] {dagbag.py:588} INFO - Filling up the DagBag from /opt/airflow/dags/weather_etl.py
[2026-09-14T17:08:20.991+0000] {processor.py:925} INFO - DAG(s) 'weather_etl' retrieved from /opt/airflow/dags/weather_etl.py
[2026-09-14T17:08:21.106+0000] {logging_mixin.py:190} INFO - [2026-09-14T17:08:21.105+0000] {dag.py:3239} INFO - Sync 1 DAGs
[2026-09-14T17:08:21.193+0000] {logging_mixin.py:190} INFO - [2026-09-14T17:08:21.192+0000] {dag.py:4180} INFO - Setting next_dagrun for weather_etl to 2026-09-14 17:00:00+00:00, run_after=2026-09-14 18:00:00+00:00
[2026-09-14T17:08:21.257+0000] {processor.py:208} INFO - Processing /opt/airflow/dags/weather_etl.py took 1.396 seconds
[2026-09-14T17:08:51.585+0000] {processor.py:186} INFO - Started process (PID=2147) to work on /opt/airflow/dags/weather_etl.py
[2026-09-14T17:08:51.589+0000] {processor.py:914} INFO - Processing file /opt/airflow/dags/weather_etl.py for tasks to queue
[2026-09-14T17:08:51.597+0000] {logging_mixin.py:190} INFO - [2026-09-14T17:08:51.596+0000] {dagbag.py:588} INFO - Filling up the DagBag from /opt/airflow/dags/weather_etl.py
[2026-09-14T17:08:52.493+0000] {processor.py:925} INFO - DAG(s) 'weather_etl' retrieved from /opt/airflow/dags/weather_etl.py
[2026-09-14T17:08:52.590+0000] {logging_mixin.py:190} INFO - [2026-09-14T17:08:52.590+0000] {dag.py:3239} INFO - Sync 1 DAGs
[2026-09-14T17:08:52.676+0000] {logging_mixin.py:190} INFO - [2026-09-14T17:08:52.675+0000] {dag.py:4180} INFO - Setting next_dagrun for weather_etl to 2026-09-14 17:00:00+00:00, run_after=2026-09-14 18:00:00+00:00
[2026-09-14T17:08:52.737+0000] {processor.py:208} INFO - Processing /opt/airflow/dags/weather_etl.py took 1.177 seconds
[2026-09-14T17:09:23.066+0000] {processor.py:186} INFO - Started process (PID=2153) to work on /opt/airflow/dags/weather_etl.py
[2026-09-14T17:09:23.069+0000] {processor.py:914} INFO - Processing file /opt/airflow/dags/weather_etl.py for tasks to queue
[2026-09-14T17:09:23.076+0000] {logging_mixin.py:190} INFO - [2026-09-14T17:09:23.075+0000] {dagbag.py:588} INFO - Filling up the DagBag from /opt/airflow/dags/weather_etl.py
[2026-09-14T17:09:24.105+0000] {processor.py:925} INFO - DAG(s) 'weather_etl' retrieved from /opt/airflow/dags/weather_etl.py
[2026-09-14T17:09:24.209+0000] {logging_mixin.py:190} INFO - [2026-09-14T17:09:24.208+0000] {dag.py:3239} INFO - Sync 1 DAGs
[2026-09-14T17:09:24.305+0000] {logging_mixin.py:190} INFO - [2026-09-14T17:09:24.305+0000] {dag.py:4180} INFO - Setting next_dagrun for weather_etl to 2026-09-14 17:00:00+00:00, run_after=2026-09-14 18:00:00+00:00
[2026-09-14T17:09:24.372+0000] {processor.py:208} INFO - Processing /opt/airflow/dags/weather_etl.py took 1.330 seconds
[2026-09-14T17:09:54.727+0000] {processor.py:186} INFO - Started process (PID=2159) to work on /opt/airflow/dags/weather_etl.py
[2026-09-14T17:09:54.730+0000] {processor.py:914} INFO - Processing file /opt/airflow/dags/weather_etl.py for tasks to queue
[2026-09-14T17:09:54.736+0000] {logging_mixin.py:190} INFO - [2026-09-14T17:09:54.735+0000] {dagbag.py:588} INFO - Filling up the DagBag from /opt/airflow/dags/weather_etl.py
[2026-09-14T17:09:55.740+0000] {processor.py:925} INFO - DAG(s) 'weather_etl' retrieved from /opt/airflow/dags/weather_etl.py
[2026-09-14T17:09:55.844+0000] {logging_mixin.py:190} INFO - [2026-09-14T17:09:55.843+0000] {dag.py:3239} INFO - Sync 1 DAGs
[2026-09-14T17:09:55.928+0000] {logging_mixin.py:190} INFO - [2026-09-14T17:09:55.927+0000] {dag.py:4180} INFO - Setting next_dagrun for weather_etl to 2026-09-14 17:00:00+00:00, run_after=2026-09-14 18:00:00+00:00
[2026-09-14T17:09:55.996+0000] {processor.py:208} INFO - Processing /opt/airflow/dags/weather_etl.py took 1.288 seconds
[2026-09-14T17:10:26.371+0000] {processor.py:186} INFO - Started process (PID=2165) to work on /opt/airflow/dags/weather_etl.py
[2026-09-14T17:10:26.374+0000] {processor.py:914} INFO - Processing file /opt/airflow/dags/weather_etl.py for tasks to queue
[2026-09-14T17:10:26.382+0000] {logging_mixin.py:190} INFO - [2026-09-14T17:10:26.380+0000] {dagbag.py:588} INFO - Filling up the DagBag from /opt/airflow/dags/weather_etl.py
[2026-09-14T17:10:27.399+0000] {processor.py:925} INFO - DAG(s) 'weather_etl' retrieved from /opt/airflow/dags/weather_etl.py
[2026-09-14T17:10:27.514+0000] {logging_mixin.py:190} INFO - [2026-09-14T17:10:27.514+0000] {dag.py:3239} INFO - Sync 1 DAGs
[2026-09-14T17:10:27.620+0000] {logging_mixin.py:190} INFO - [2026-09-14T17:10:27.619+0000] {dag.py:4180} INFO - Setting next_dagrun for weather_etl to 2026-09-14 17:00:00+00:00, run_after=2026-09-14 18:00:00+00:00
[2026-09-14T17:10:27.693+0000] {processor.py:208} INFO - Processing /opt/airflow/dags/weather_etl.py took 1.341 seconds
[2026-09-14T17:10:57.995+0000] {processor.py:186} INFO - Started process (PID=2171) to work on /opt/airflow/dags/weather_etl.py
[2026-09-14T17:10:57.998+0000] {processor.py:914} INFO - Processing file /opt/airflow/dags/weather_etl.py for tasks to queue
[2026-09-14T17:10:58.009+0000] {logging_mixin.py:190} INFO - [2026-09-14T17:10:58.007+0000] {dagbag.py:588} INFO - Filling up the DagBag from /opt/airflow/dags/weather_etl.py
[2026-09-14T17:10:58.906+0000] {processor.py:925} INFO - DAG(s) 'weather_etl' retrieved from /opt/airflow/dags/weather_etl.py
[2026-09-14T17:10:59.003+0000] {logging_mixin.py:190} INFO - [2026-09-14T17:10:59.003+0000] {dag.py:3239} INFO - Sync 1 DAGs
[2026-09-14T17:10:59.098+0000] {logging_mixin.py:190} INFO - [2026-09-14T17:10:59.098+0000] {dag.py:4180} INFO - Setting next_dagrun for weather_etl to 2026-09-14 17:00:00+00:00, run_after=2026-09-14 18:00:00+00:00
[2026-09-14T17:10:59.161+0000] {processor.py:208} INFO - Processing /opt/airflow/dags/weather_etl.py took 1.189 seconds
[2026-09-14T17:11:29.703+0000] {processor.py:186} INFO - Started process (PID=2177) to work on /opt/airflow/dags/weather_etl.py
[2026-09-14T17:11:29.706+0000] {processor.py:914} INFO - Processing file /opt/airflow/dags/weather_etl.py for tasks to queue
[2026-09-14T17:11:29.713+0000] {logging_mixin.py:190} INFO - [2026-09-14T17:11:29.712+0000] {dagbag.py:588} INFO - Filling up the DagBag from /opt/airflow/dags/weather_etl.py
[2026-09-14T17:11:30.721+0000] {processor.py:925} INFO - DAG(s) 'weather_etl' retrieved from /opt/airflow/dags/weather_etl.py
[2026-09-14T17:11:30.828+0000] {logging_mixin.py:190} INFO - [2026-09-14T17:11:30.827+0000] {dag.py:3239} INFO - Sync 1 DAGs
[2026-09-14T17:11:30.933+0000] {logging_mixin.py:190} INFO - [2026-09-14T17:11:30.932+0000] {dag.py:4180} INFO - Setting next_dagrun for weather_etl to 2026-09-14 17:00:00+00:00, run_after=2026-09-14 18:00:00+00:00
[2026-09-14T17:11:31.001+0000] {processor.py:208} INFO - Processing /opt/airflow/dags/weather_etl.py took 1.315 seconds
[2026-09-14T17:12:01.183+0000] {processor.py:186} INFO - Started process (PID=2183) to work on /opt/airflow/dags/weather_etl.py
[2026-09-14T17:12:01.186+0000] {processor.py:914} INFO - Processing file /opt/airflow/dags/weather_etl.py for tasks to queue
[2026-09-14T17:12:01.192+0000] {logging_mixin.py:190} INFO - [2026-09-14T17:12:01.191+0000] {dagbag.py:588} INFO - Filling up the DagBag from /opt/airflow/dags/weather_etl.py
[2026-09-14T17:12:02.441+0000] {processor.py:925} INFO - DAG(s) 'weather_etl' retrieved from /opt/airflow/dags/weather_etl.py
[2026-09-14T17:12:02.567+0000] {logging_mixin.py:190} INFO - [2026-09-14T17:12:02.567+0000] {dag.py:3239} INFO - Sync 1 DAGs
[2026-09-14T17:12:02.674+0000] {logging_mixin.py:190} INFO - [2026-09-14T17:12:02.674+0000] {dag.py:4180} INFO - Setting next_dagrun for weather_etl to 2026-09-14 17:00:00+00:00, run_after=2026-09-14 18:00:00+00:00
[2026-09-14T17:12:02.742+0000] {processor.py:208} INFO - Processing /opt/airflow/dags/weather_etl.py took 1.579 seconds
[2026-09-14T17:12:32.993+0000] {processor.py:186} INFO - Started process (PID=2189) to work on /opt/airflow/dags/weather_etl.py
[2026-09-14T17:12:32.996+0000] {processor.py:914} INFO - Processing file /opt/airflow/dags/weather_etl.py for tasks to queue
[2026-09-14T17:12:33.007+0000] {logging_mixin.py:190} INFO - [2026-09-14T17:12:33.005+0000] {dagbag.py:588} INFO - Filling up the DagBag from /opt/airflow/dags/weather_etl.py
[2026-09-14T17:12:34.023+0000] {processor.py:925} INFO - DAG(s) 'weather_etl' retrieved from /opt/airflow/dags/weather_etl.py
[2026-09-14T17:12:34.128+0000] {logging_mixin.py:190} INFO - [2026-09-14T17:12:34.127+0000] {dag.py:3239} INFO - Sync 1 DAGs
[2026-09-14T17:12:34.225+0000] {logging_mixin.py:190} INFO - [2026-09-14T17:12:34.225+0000] {dag.py:4180} INFO - Setting next_dagrun for weather_etl to 2026-09-14 17:00:00+00:00, run_after=2026-09-14 18:00:00+00:00
[2026-09-14T17:12:34.294+0000] {processor.py:208} INFO - Processing /opt/airflow/dags/weather_etl.py took 1.317 seconds
[2026-09-14T17:13:04.785+0000] {processor.py:186} INFO - Started process (PID=2195) to work on /opt/airflow/dags/weather_etl.py
[2026-09-14T17:13:04.788+0000] {processor.py:914} INFO - Processing file /opt/airflow/dags/weather_etl.py for tasks to queue
[2026-09-14T17:13:04.796+0000] {logging_mixin.py:190} INFO - [2026-09-14T17:13:04.795+0000] {dagbag.py:588} INFO - Filling up the DagBag from /opt/airflow/dags/weather_etl.py
[2026-09-14T17:13:05.729+0000] {processor.py:925} INFO - DAG(s) 'weather_etl' retrieved from /opt/airflow/dags/weather_etl.py
[2026-09-14T17:13:05.837+0000] {logging_mixin.py:190} INFO - [2026-09-14T17:13:05.836+0000] {dag.py:3239} INFO - Sync 1 DAGs
[2026-09-14T17:13:05.936+0000] {logging_mixin.py:190} INFO - [2026-09-14T17:13:05.935+0000] {dag.py:4180} INFO - Setting next_dagrun for weather_etl to 2026-09-14 17:00:00+00:00, run_after=2026-09-14 18:00:00+00:00
[2026-09-14T17:13:06.004+0000] {processor.py:208} INFO - Processing /opt/airflow/dags/weather_etl.py took 1.237 seconds
[2026-09-14T17:13:36.386+0000] {processor.py:186} INFO - Started process (PID=2201) to work on /opt/airflow/dags/weather_etl.py
[2026-09-14T17:13:36.389+0000] {processor.py:914} INFO - Processing file /opt/airflow/dags/weather_etl.py for tasks to queue
[2026-09-14T17:13:36.395+0000] {logging_mixin.py:190} INFO - [2026-09-14T17:13:36.394+0000] {dagbag.py:588} INFO - Filling up the DagBag from /opt/airflow/dags/weather_etl.py
[2026-09-14T17:13:37.396+0000] {processor.py:925} INFO - DAG(s) 'weather_etl' retrieved from /opt/airflow/dags/weather_etl.py
[2026-09-14T17:13:37.485+0000] {logging_mixin.py:190} INFO - [2026-09-14T17:13:37.484+0000] {dag.py:3239} INFO - Sync 1 DAGs
[2026-09-14T17:13:37.570+0000] {logging_mixin.py:190} INFO - [2026-09-14T17:13:37.569+0000] {dag.py:4180} INFO - Setting next_dagrun for weather_etl to 2026-09-14 17:00:00+00:00, run_after=2026-09-14 18:00:00+00:00
[2026-09-14T17:13:37.634+0000] {processor.py:208} INFO - Processing /opt/airflow/dags/weather_etl.py took 1.262 seconds
[2026-09-14T17:14:08.013+0000] {processor.py:186} INFO - Started process (PID=2207) to work on /opt/airflow/dags/weather_etl.py
[2026-09-14T17:14:08.016+0000] {processor.py:914} INFO - Processing file /opt/airflow/dags/weather_etl.py for tasks to queue
[2026-09-14T17:14:08.023+0000] {logging_mixin.py:190} INFO - [2026-09-14T17:14:08.022+0000] {dagbag.py:588} INFO - Filling up the DagBag from /opt/airflow/dags/weather_etl.py
[2026-09-14T17:14:09.005+0000] {processor.py:925} INFO - DAG(s) 'weather_etl' retrieved from /opt/airflow/dags/weather_etl.py
[2026-09-14T17:14:09.109+0000] {logging_mixin.py:190} INFO - [2026-09-14T17:14:09.108+0000] {dag.py:3239} INFO - Sync 1 DAGs
[2026-09-14T17:14:09.225+0000] {logging_mixin.py:190} INFO - [2026-09-14T17:14:09.225+0000] {dag.py:4180} INFO - Setting next_dagrun for weather_etl to 2026-09-14 17:00:00+00:00, run_after=2026-09-14 18:00:00+00:00
[2026-09-14T17:14:09.297+0000] {processor.py:208} INFO - Processing /opt/airflow/dags/weather_etl.py took 1.305 seconds
[2026-09-14T17:14:39.657+0000] {processor.py:186} INFO - Started process (PID=2213) to work on /opt/airflow/dags/weather_etl.py
[2026-09-14T17:14:39.659+0000] {processor.py:914} INFO - Processing file /opt/airflow/dags/weather_etl.py for tasks to queue
[2026-09-14T17:14:39.670+0000] {logging_mixin.py:190} INFO - [2026-09-14T17:14:39.666+0000] {dagbag.py:588} INFO - Filling up the DagBag from /opt/airflow/dags/weather_etl.py
[2026-09-14T17:14:40.682+0000] {processor.py:925} INFO - DAG(s) 'weather_etl' retrieved from /opt/airflow/dags/weather_etl.py
[2026-09-14T17:14:40.790+0000] {logging_mixin.py:190} INFO - [2026-09-14T17:14:40.789+0000] {dag.py:3239} INFO - Sync 1 DAGs
[2026-09-14T17:14:40.885+0000] {logging_mixin.py:190} INFO - [2026-09-14T17:14:40.885+0000] {dag.py:4180} INFO - Setting next_dagrun for weather_etl to 2026-09-14 17:00:00+00:00, run_after=2026-09-14 18:00:00+00:00
[2026-09-14T17:14:40.949+0000] {processor.py:208} INFO - Processing /opt/airflow/dags/weather_etl.py took 1.307 seconds
[2026-09-14T17:15:11.331+0000] {processor.py:186} INFO - Started process (PID=2219) to work on /opt/airflow/dags/weather_etl.py
[2026-09-14T17:15:11.335+0000] {processor.py:914} INFO - Processing file /opt/airflow/dags/weather_etl.py for tasks to queue
[2026-09-14T17:15:11.342+0000] {logging_mixin.py:190} INFO - [2026-09-14T17:15:11.341+0000] {dagbag.py:588} INFO - Filling up the DagBag from /opt/airflow/dags/weather_etl.py
[2026-09-14T17:15:12.277+0000] {processor.py:925} INFO - DAG(s) 'weather_etl' retrieved from /opt/airflow/dags/weather_etl.py
[2026-09-14T17:15:12.399+0000] {logging_mixin.py:190} INFO - [2026-09-14T17:15:12.398+0000] {dag.py:3239} INFO - Sync 1 DAGs
[2026-09-14T17:15:12.501+0000] {logging_mixin.py:190} INFO - [2026-09-14T17:15:12.501+0000] {dag.py:4180} INFO - Setting next_dagrun for weather_etl to 2026-09-14 17:00:00+00:00, run_after=2026-09-14 18:00:00+00:00
[2026-09-14T17:15:12.562+0000] {processor.py:208} INFO - Processing /opt/airflow/dags/weather_etl.py took 1.252 seconds
[2026-09-14T17:15:42.933+0000] {processor.py:186} INFO - Started process (PID=2225) to work on /opt/airflow/dags/weather_etl.py
[2026-09-14T17:15:42.935+0000] {processor.py:914} INFO - Processing file /opt/airflow/dags/weather_etl.py for tasks to queue
[2026-09-14T17:15:42.942+0000] {logging_mixin.py:190} INFO - [2026-09-14T17:15:42.941+0000] {dagbag.py:588} INFO - Filling up the DagBag from /opt/airflow/dags/weather_etl.py
[2026-09-14T17:15:43.853+0000] {processor.py:925} INFO - DAG(s) 'weather_etl' retrieved from /opt/airflow/dags/weather_etl.py
[2026-09-14T17:15:43.964+0000] {logging_mixin.py:190} INFO - [2026-09-14T17:15:43.963+0000] {dag.py:3239} INFO - Sync 1 DAGs
[2026-09-14T17:15:44.051+0000] {logging_mixin.py:190} INFO - [2026-09-14T17:15:44.050+0000] {dag.py:4180} INFO - Setting next_dagrun for weather_etl to 2026-09-14 17:00:00+00:00, run_after=2026-09-14 18:00:00+00:00
[2026-09-14T17:15:44.120+0000] {processor.py:208} INFO - Processing /opt/airflow/dags/weather_etl.py took 1.202 seconds
[2026-09-14T17:16:14.571+0000] {processor.py:186} INFO - Started process (PID=2231) to work on /opt/airflow/dags/weather_etl.py
[2026-09-14T17:16:14.574+0000] {processor.py:914} INFO - Processing file /opt/airflow/dags/weather_etl.py for tasks to queue
[2026-09-14T17:16:14.581+0000] {logging_mixin.py:190} INFO - [2026-09-14T17:16:14.580+0000] {dagbag.py:588} INFO - Filling up the DagBag from /opt/airflow/dags/weather_etl.py
[2026-09-14T17:16:15.612+0000] {processor.py:925} INFO - DAG(s) 'weather_etl' retrieved from /opt/airflow/dags/weather_etl.py
[2026-09-14T17:16:15.703+0000] {logging_mixin.py:190} INFO - [2026-09-14T17:16:15.703+0000] {dag.py:3239} INFO - Sync 1 DAGs
[2026-09-14T17:16:15.806+0000] {logging_mixin.py:190} INFO - [2026-09-14T17:16:15.806+0000] {dag.py:4180} INFO - Setting next_dagrun for weather_etl to 2026-09-14 17:00:00+00:00, run_after=2026-09-14 18:00:00+00:00
[2026-09-14T17:16:15.871+0000] {processor.py:208} INFO - Processing /opt/airflow/dags/weather_etl.py took 1.321 seconds
[2026-09-14T17:16:46.121+0000] {processor.py:186} INFO - Started process (PID=2237) to work on /opt/airflow/dags/weather_etl.py
[2026-09-14T17:16:46.124+0000] {processor.py:914} INFO - Processing file /opt/airflow/dags/weather_etl.py for tasks to queue
[2026-09-14T17:16:46.131+0000] {logging_mixin.py:190} INFO - [2026-09-14T17:16:46.130+0000] {dagbag.py:588} INFO - Filling up the DagBag from /opt/airflow/dags/weather_etl.py
[2026-09-14T17:16:47.074+0000] {processor.py:925} INFO - DAG(s) 'weather_etl' retrieved from /opt/airflow/dags/weather_etl.py
[2026-09-14T17:16:47.172+0000] {logging_mixin.py:190} INFO - [2026-09-14T17:16:47.171+0000] {dag.py:3239} INFO - Sync 1 DAGs
[2026-09-14T17:16:47.255+0000] {logging_mixin.py:190} INFO - [2026-09-14T17:16:47.255+0000] {dag.py:4180} INFO - Setting next_dagrun for weather_etl to 2026-09-14 17:00:00+00:00, run_after=2026-09-14 18:00:00+00:00
[2026-09-14T17:16:47.318+0000] {processor.py:208} INFO - Processing /opt/airflow/dags/weather_etl.py took 1.213 seconds
[2026-09-14T17:17:17.876+0000] {processor.py:186} INFO - Started process (PID=2243) to work on /opt/airflow/dags/weather_etl.py
[2026-09-14T17:17:17.879+0000] {processor.py:914} INFO - Processing file /opt/airflow/dags/weather_etl.py for tasks to queue
[2026-09-14T17:17:17.886+0000] {logging_mixin.py:190} INFO - [2026-09-14T17:17:17.885+0000] {dagbag.py:588} INFO - Filling up the DagBag from /opt/airflow/dags/weather_etl.py
[2026-09-14T17:17:18.884+0000] {processor.py:925} INFO - DAG(s) 'weather_etl' retrieved from /opt/airflow/dags/weather_etl.py
[2026-09-14T17:17:19.002+0000] {logging_mixin.py:190} INFO - [2026-09-14T17:17:19.001+0000] {dag.py:3239} INFO - Sync 1 DAGs
[2026-09-14T17:17:19.087+0000] {logging_mixin.py:190} INFO - [2026-09-14T17:17:19.087+0000] {dag.py:4180} INFO - Setting next_dagrun for weather_etl to 2026-09-14 17:00:00+00:00, run_after=2026-09-14 18:00:00+00:00
[2026-09-14T17:17:19.155+0000] {processor.py:208} INFO - Processing /opt/airflow/dags/weather_etl.py took 1.302 seconds
[2026-09-14T17:17:49.377+0000] {processor.py:186} INFO - Started process (PID=2249) to work on /opt/airflow/dags/weather_etl.py
[2026-09-14T17:17:49.381+0000] {processor.py:914} INFO - Processing file /opt/airflow/dags/weather_etl.py for tasks to queue
[2026-09-14T17:17:49.387+0000] {logging_mixin.py:190} INFO - [2026-09-14T17:17:49.386+0000] {dagbag.py:588} INFO - Filling up the DagBag from /opt/airflow/dags/weather_etl.py
[2026-09-14T17:17:50.402+0000] {processor.py:925} INFO - DAG(s) 'weather_etl' retrieved from /opt/airflow/dags/weather_etl.py
[2026-09-14T17:17:50.516+0000] {logging_mixin.py:190} INFO - [2026-09-14T17:17:50.515+0000] {dag.py:3239} INFO - Sync 1 DAGs
[2026-09-14T17:17:50.601+0000] {logging_mixin.py:190} INFO - [2026-09-14T17:17:50.601+0000] {dag.py:4180} INFO - Setting next_dagrun for weather_etl to 2026-09-14 17:00:00+00:00, run_after=2026-09-14 18:00:00+00:00
[2026-09-14T17:17:50.673+0000] {processor.py:208} INFO - Processing /opt/airflow/dags/weather_etl.py took 1.317 seconds
[2026-09-14T17:18:21.170+0000] {processor.py:186} INFO - Started process (PID=2255) to work on /opt/airflow/dags/weather_etl.py
[2026-09-14T17:18:21.173+0000] {processor.py:914} INFO - Processing file /opt/airflow/dags/weather_etl.py for tasks to queue
[2026-09-14T17:18:21.182+0000] {logging_mixin.py:190} INFO - [2026-09-14T17:18:21.181+0000] {dagbag.py:588} INFO - Filling up the DagBag from /opt/airflow/dags/weather_etl.py
[2026-09-14T17:18:22.193+0000] {processor.py:925} INFO - DAG(s) 'weather_etl' retrieved from /opt/airflow/dags/weather_etl.py
[2026-09-14T17:18:22.307+0000] {logging_mixin.py:190} INFO - [2026-09-14T17:18:22.307+0000] {dag.py:3239} INFO - Sync 1 DAGs
[2026-09-14T17:18:22.404+0000] {logging_mixin.py:190} INFO - [2026-09-14T17:18:22.403+0000] {dag.py:4180} INFO - Setting next_dagrun for weather_etl to 2026-09-14 17:00:00+00:00, run_after=2026-09-14 18:00:00+00:00
[2026-09-14T17:18:22.478+0000] {processor.py:208} INFO - Processing /opt/airflow/dags/weather_etl.py took 1.332 seconds
[2026-09-14T17:18:52.757+0000] {processor.py:186} INFO - Started process (PID=2261) to work on /opt/airflow/dags/weather_etl.py
[2026-09-14T17:18:52.760+0000] {processor.py:914} INFO - Processing file /opt/airflow/dags/weather_etl.py for tasks to queue
[2026-09-14T17:18:52.768+0000] {logging_mixin.py:190} INFO - [2026-09-14T17:18:52.766+0000] {dagbag.py:588} INFO - Filling up the DagBag from /opt/airflow/dags/weather_etl.py
[2026-09-14T17:18:53.793+0000] {processor.py:925} INFO - DAG(s) 'weather_etl' retrieved from /opt/airflow/dags/weather_etl.py
[2026-09-14T17:18:53.888+0000] {logging_mixin.py:190} INFO - [2026-09-14T17:18:53.887+0000] {dag.py:3239} INFO - Sync 1 DAGs
[2026-09-14T17:18:53.987+0000] {logging_mixin.py:190} INFO - [2026-09-14T17:18:53.986+0000] {dag.py:4180} INFO - Setting next_dagrun for weather_etl to 2026-09-14 17:00:00+00:00, run_after=2026-09-14 18:00:00+00:00
[2026-09-14T17:18:54.047+0000] {processor.py:208} INFO - Processing /opt/airflow/dags/weather_etl.py took 1.313 seconds
[2026-09-14T17:19:24.507+0000] {processor.py:186} INFO - Started process (PID=2267) to work on /opt/airflow/dags/weather_etl.py
[2026-09-14T17:19:24.510+0000] {processor.py:914} INFO - Processing file /opt/airflow/dags/weather_etl.py for tasks to queue
[2026-09-14T17:19:24.516+0000] {logging_mixin.py:190} INFO - [2026-09-14T17:19:24.515+0000] {dagbag.py:588} INFO - Filling up the DagBag from /opt/airflow/dags/weather_etl.py
[2026-09-14T17:19:25.616+0000] {processor.py:925} INFO - DAG(s) 'weather_etl' retrieved from /opt/airflow/dags/weather_etl.py
[2026-09-14T17:19:25.730+0000] {logging_mixin.py:190} INFO - [2026-09-14T17:19:25.729+0000] {dag.py:3239} INFO - Sync 1 DAGs
[2026-09-14T17:19:25.814+0000] {logging_mixin.py:190} INFO - [2026-09-14T17:19:25.814+0000] {dag.py:4180} INFO - Setting next_dagrun for weather_etl to 2026-09-14 17:00:00+00:00, run_after=2026-09-14 18:00:00+00:00
[2026-09-14T17:19:25.878+0000] {processor.py:208} INFO - Processing /opt/airflow/dags/weather_etl.py took 1.391 seconds
[2026-09-14T17:19:56.025+0000] {processor.py:186} INFO - Started process (PID=2273) to work on /opt/airflow/dags/weather_etl.py
[2026-09-14T17:19:56.028+0000] {processor.py:914} INFO - Processing file /opt/airflow/dags/weather_etl.py for tasks to queue
[2026-09-14T17:19:56.034+0000] {logging_mixin.py:190} INFO - [2026-09-14T17:19:56.034+0000] {dagbag.py:588} INFO - Filling up the DagBag from /opt/airflow/dags/weather_etl.py
[2026-09-14T17:19:56.957+0000] {processor.py:925} INFO - DAG(s) 'weather_etl' retrieved from /opt/airflow/dags/weather_etl.py
[2026-09-14T17:19:57.063+0000] {logging_mixin.py:190} INFO - [2026-09-14T17:19:57.062+0000] {dag.py:3239} INFO - Sync 1 DAGs
[2026-09-14T17:19:57.150+0000] {logging_mixin.py:190} INFO - [2026-09-14T17:19:57.150+0000] {dag.py:4180} INFO - Setting next_dagrun for weather_etl to 2026-09-14 17:00:00+00:00, run_after=2026-09-14 18:00:00+00:00
[2026-09-14T17:19:57.214+0000] {processor.py:208} INFO - Processing /opt/airflow/dags/weather_etl.py took 1.211 seconds
[2026-09-14T17:20:27.502+0000] {processor.py:186} INFO - Started process (PID=2279) to work on /opt/airflow/dags/weather_etl.py
[2026-09-14T17:20:27.506+0000] {processor.py:914} INFO - Processing file /opt/airflow/dags/weather_etl.py for tasks to queue
[2026-09-14T17:20:27.515+0000] {logging_mixin.py:190} INFO - [2026-09-14T17:20:27.514+0000] {dagbag.py:588} INFO - Filling up the DagBag from /opt/airflow/dags/weather_etl.py
[2026-09-14T17:20:28.571+0000] {processor.py:925} INFO - DAG(s) 'weather_etl' retrieved from /opt/airflow/dags/weather_etl.py
[2026-09-14T17:20:28.674+0000] {logging_mixin.py:190} INFO - [2026-09-14T17:20:28.673+0000] {dag.py:3239} INFO - Sync 1 DAGs
[2026-09-14T17:20:28.764+0000] {logging_mixin.py:190} INFO - [2026-09-14T17:20:28.763+0000] {dag.py:4180} INFO - Setting next_dagrun for weather_etl to 2026-09-14 17:00:00+00:00, run_after=2026-09-14 18:00:00+00:00
[2026-09-14T17:20:28.830+0000] {processor.py:208} INFO - Processing /opt/airflow/dags/weather_etl.py took 1.353 seconds
[2026-09-14T17:20:59.239+0000] {processor.py:186} INFO - Started process (PID=2285) to work on /opt/airflow/dags/weather_etl.py
[2026-09-14T17:20:59.242+0000] {processor.py:914} INFO - Processing file /opt/airflow/dags/weather_etl.py for tasks to queue
[2026-09-14T17:20:59.248+0000] {logging_mixin.py:190} INFO - [2026-09-14T17:20:59.247+0000] {dagbag.py:588} INFO - Filling up the DagBag from /opt/airflow/dags/weather_etl.py
[2026-09-14T17:21:00.351+0000] {processor.py:925} INFO - DAG(s) 'weather_etl' retrieved from /opt/airflow/dags/weather_etl.py
[2026-09-14T17:21:00.459+0000] {logging_mixin.py:190} INFO - [2026-09-14T17:21:00.458+0000] {dag.py:3239} INFO - Sync 1 DAGs
[2026-09-14T17:21:00.549+0000] {logging_mixin.py:190} INFO - [2026-09-14T17:21:00.549+0000] {dag.py:4180} INFO - Setting next_dagrun for weather_etl to 2026-09-14 17:00:00+00:00, run_after=2026-09-14 18:00:00+00:00
[2026-09-14T17:21:00.626+0000] {processor.py:208} INFO - Processing /opt/airflow/dags/weather_etl.py took 1.404 seconds
[2026-09-14T17:21:59.534+0000] {processor.py:186} INFO - Started process (PID=2291) to work on /opt/airflow/dags/weather_etl.py
[2026-09-14T17:21:59.542+0000] {processor.py:914} INFO - Processing file /opt/airflow/dags/weather_etl.py for tasks to queue
[2026-09-14T17:21:59.579+0000] {logging_mixin.py:190} INFO - [2026-09-14T17:21:59.577+0000] {dagbag.py:588} INFO - Filling up the DagBag from /opt/airflow/dags/weather_etl.py
[2026-09-14T17:22:01.330+0000] {processor.py:925} INFO - DAG(s) 'weather_etl' retrieved from /opt/airflow/dags/weather_etl.py
[2026-09-14T17:22:01.448+0000] {logging_mixin.py:190} INFO - [2026-09-14T17:22:01.447+0000] {dag.py:3239} INFO - Sync 1 DAGs
[2026-09-14T17:22:01.545+0000] {logging_mixin.py:190} INFO - [2026-09-14T17:22:01.544+0000] {dag.py:4180} INFO - Setting next_dagrun for weather_etl to 2026-09-14 17:00:00+00:00, run_after=2026-09-14 18:00:00+00:00
[2026-09-14T17:22:01.625+0000] {processor.py:208} INFO - Processing /opt/airflow/dags/weather_etl.py took 2.157 seconds
[2026-09-14T21:56:45.024+0000] {processor.py:186} INFO - Started process (PID=174) to work on /opt/airflow/dags/weather_etl.py
[2026-09-14T21:56:45.034+0000] {processor.py:914} INFO - Processing file /opt/airflow/dags/weather_etl.py for tasks to queue
[2026-09-14T21:56:45.061+0000] {logging_mixin.py:190} INFO - [2026-09-14T21:56:45.058+0000] {dagbag.py:588} INFO - Filling up the DagBag from /opt/airflow/dags/weather_etl.py
[2026-09-14T21:56:49.133+0000] {processor.py:925} INFO - DAG(s) 'weather_etl' retrieved from /opt/airflow/dags/weather_etl.py
[2026-09-14T21:56:49.679+0000] {logging_mixin.py:190} INFO - [2026-09-14T21:56:49.678+0000] {dag.py:3239} INFO - Sync 1 DAGs
[2026-09-14T21:56:49.774+0000] {logging_mixin.py:190} INFO - [2026-09-14T21:56:49.773+0000] {dag.py:4180} INFO - Setting next_dagrun for weather_etl to 2026-09-14 21:00:00+00:00, run_after=2026-09-14 22:00:00+00:00
[2026-09-14T21:56:49.864+0000] {processor.py:208} INFO - Processing /opt/airflow/dags/weather_etl.py took 4.888 seconds
[2026-09-14T21:57:20.553+0000] {processor.py:186} INFO - Started process (PID=205) to work on /opt/airflow/dags/weather_etl.py
[2026-09-14T21:57:20.557+0000] {processor.py:914} INFO - Processing file /opt/airflow/dags/weather_etl.py for tasks to queue
[2026-09-14T21:57:20.568+0000] {logging_mixin.py:190} INFO - [2026-09-14T21:57:20.567+0000] {dagbag.py:588} INFO - Filling up the DagBag from /opt/airflow/dags/weather_etl.py
[2026-09-14T21:57:22.283+0000] {processor.py:925} INFO - DAG(s) 'weather_etl' retrieved from /opt/airflow/dags/weather_etl.py
[2026-09-14T21:57:22.410+0000] {logging_mixin.py:190} INFO - [2026-09-14T21:57:22.409+0000] {dag.py:3239} INFO - Sync 1 DAGs
[2026-09-14T21:57:22.526+0000] {logging_mixin.py:190} INFO - [2026-09-14T21:57:22.525+0000] {dag.py:4180} INFO - Setting next_dagrun for weather_etl to 2026-09-14 21:00:00+00:00, run_after=2026-09-14 22:00:00+00:00
[2026-09-14T21:57:22.599+0000] {processor.py:208} INFO - Processing /opt/airflow/dags/weather_etl.py took 2.075 seconds
[2026-09-14T21:57:53.034+0000] {processor.py:186} INFO - Started process (PID=211) to work on /opt/airflow/dags/weather_etl.py
[2026-09-14T21:57:53.037+0000] {processor.py:914} INFO - Processing file /opt/airflow/dags/weather_etl.py for tasks to queue
[2026-09-14T21:57:53.047+0000] {logging_mixin.py:190} INFO - [2026-09-14T21:57:53.046+0000] {dagbag.py:588} INFO - Filling up the DagBag from /opt/airflow/dags/weather_etl.py
[2026-09-14T21:57:54.628+0000] {processor.py:925} INFO - DAG(s) 'weather_etl' retrieved from /opt/airflow/dags/weather_etl.py
[2026-09-14T21:57:54.716+0000] {logging_mixin.py:190} INFO - [2026-09-14T21:57:54.715+0000] {dag.py:3239} INFO - Sync 1 DAGs
[2026-09-14T21:57:54.805+0000] {logging_mixin.py:190} INFO - [2026-09-14T21:57:54.804+0000] {dag.py:4180} INFO - Setting next_dagrun for weather_etl to 2026-09-14 21:00:00+00:00, run_after=2026-09-14 22:00:00+00:00
[2026-09-14T21:57:54.864+0000] {processor.py:208} INFO - Processing /opt/airflow/dags/weather_etl.py took 1.853 seconds
[2026-09-14T21:58:25.423+0000] {processor.py:186} INFO - Started process (PID=217) to work on /opt/airflow/dags/weather_etl.py
[2026-09-14T21:58:25.427+0000] {processor.py:914} INFO - Processing file /opt/airflow/dags/weather_etl.py for tasks to queue
[2026-09-14T21:58:25.437+0000] {logging_mixin.py:190} INFO - [2026-09-14T21:58:25.435+0000] {dagbag.py:588} INFO - Filling up the DagBag from /opt/airflow/dags/weather_etl.py
[2026-09-14T21:58:26.884+0000] {processor.py:925} INFO - DAG(s) 'weather_etl' retrieved from /opt/airflow/dags/weather_etl.py
[2026-09-14T21:58:26.984+0000] {logging_mixin.py:190} INFO - [2026-09-14T21:58:26.983+0000] {dag.py:3239} INFO - Sync 1 DAGs
[2026-09-14T21:58:27.059+0000] {logging_mixin.py:190} INFO - [2026-09-14T21:58:27.059+0000] {dag.py:4180} INFO - Setting next_dagrun for weather_etl to 2026-09-14 21:00:00+00:00, run_after=2026-09-14 22:00:00+00:00
[2026-09-14T21:58:27.120+0000] {processor.py:208} INFO - Processing /opt/airflow/dags/weather_etl.py took 1.723 seconds
[2026-09-14T21:58:57.659+0000] {processor.py:186} INFO - Started process (PID=223) to work on /opt/airflow/dags/weather_etl.py
[2026-09-14T21:58:57.662+0000] {processor.py:914} INFO - Processing file /opt/airflow/dags/weather_etl.py for tasks to queue
[2026-09-14T21:58:57.671+0000] {logging_mixin.py:190} INFO - [2026-09-14T21:58:57.670+0000] {dagbag.py:588} INFO - Filling up the DagBag from /opt/airflow/dags/weather_etl.py
[2026-09-14T21:58:59.381+0000] {processor.py:925} INFO - DAG(s) 'weather_etl' retrieved from /opt/airflow/dags/weather_etl.py
[2026-09-14T21:58:59.474+0000] {logging_mixin.py:190} INFO - [2026-09-14T21:58:59.473+0000] {dag.py:3239} INFO - Sync 1 DAGs
[2026-09-14T21:58:59.558+0000] {logging_mixin.py:190} INFO - [2026-09-14T21:58:59.557+0000] {dag.py:4180} INFO - Setting next_dagrun for weather_etl to 2026-09-14 21:00:00+00:00, run_after=2026-09-14 22:00:00+00:00
[2026-09-14T21:58:59.617+0000] {processor.py:208} INFO - Processing /opt/airflow/dags/weather_etl.py took 1.982 seconds
[2026-09-14T21:59:30.118+0000] {processor.py:186} INFO - Started process (PID=229) to work on /opt/airflow/dags/weather_etl.py
[2026-09-14T21:59:30.123+0000] {processor.py:914} INFO - Processing file /opt/airflow/dags/weather_etl.py for tasks to queue
[2026-09-14T21:59:30.130+0000] {logging_mixin.py:190} INFO - [2026-09-14T21:59:30.129+0000] {dagbag.py:588} INFO - Filling up the DagBag from /opt/airflow/dags/weather_etl.py
[2026-09-14T21:59:31.616+0000] {processor.py:925} INFO - DAG(s) 'weather_etl' retrieved from /opt/airflow/dags/weather_etl.py
[2026-09-14T21:59:31.724+0000] {logging_mixin.py:190} INFO - [2026-09-14T21:59:31.724+0000] {dag.py:3239} INFO - Sync 1 DAGs
[2026-09-14T21:59:31.816+0000] {logging_mixin.py:190} INFO - [2026-09-14T21:59:31.815+0000] {dag.py:4180} INFO - Setting next_dagrun for weather_etl to 2026-09-14 21:00:00+00:00, run_after=2026-09-14 22:00:00+00:00
[2026-09-14T21:59:31.908+0000] {processor.py:208} INFO - Processing /opt/airflow/dags/weather_etl.py took 1.810 seconds
[2026-09-14T22:00:02.473+0000] {processor.py:186} INFO - Started process (PID=237) to work on /opt/airflow/dags/weather_etl.py
[2026-09-14T22:00:02.476+0000] {processor.py:914} INFO - Processing file /opt/airflow/dags/weather_etl.py for tasks to queue
[2026-09-14T22:00:02.485+0000] {logging_mixin.py:190} INFO - [2026-09-14T22:00:02.483+0000] {dagbag.py:588} INFO - Filling up the DagBag from /opt/airflow/dags/weather_etl.py
[2026-09-14T22:00:04.058+0000] {processor.py:925} INFO - DAG(s) 'weather_etl' retrieved from /opt/airflow/dags/weather_etl.py
[2026-09-14T22:00:04.158+0000] {logging_mixin.py:190} INFO - [2026-09-14T22:00:04.158+0000] {dag.py:3239} INFO - Sync 1 DAGs
[2026-09-14T22:00:04.242+0000] {logging_mixin.py:190} INFO - [2026-09-14T22:00:04.241+0000] {dag.py:4180} INFO - Setting next_dagrun for weather_etl to 2026-09-14 22:00:00+00:00, run_after=2026-09-14 23:00:00+00:00
[2026-09-14T22:00:04.303+0000] {processor.py:208} INFO - Processing /opt/airflow/dags/weather_etl.py took 1.857 seconds
[2026-09-14T22:00:34.843+0000] {processor.py:186} INFO - Started process (PID=262) to work on /opt/airflow/dags/weather_etl.py
[2026-09-14T22:00:34.847+0000] {processor.py:914} INFO - Processing file /opt/airflow/dags/weather_etl.py for tasks to queue
[2026-09-14T22:00:34.854+0000] {logging_mixin.py:190} INFO - [2026-09-14T22:00:34.853+0000] {dagbag.py:588} INFO - Filling up the DagBag from /opt/airflow/dags/weather_etl.py
[2026-09-14T22:00:36.298+0000] {processor.py:925} INFO - DAG(s) 'weather_etl' retrieved from /opt/airflow/dags/weather_etl.py
[2026-09-14T22:00:36.441+0000] {logging_mixin.py:190} INFO - [2026-09-14T22:00:36.440+0000] {dag.py:3239} INFO - Sync 1 DAGs
[2026-09-14T22:00:36.558+0000] {logging_mixin.py:190} INFO - [2026-09-14T22:00:36.557+0000] {dag.py:4180} INFO - Setting next_dagrun for weather_etl to 2026-09-14 22:00:00+00:00, run_after=2026-09-14 23:00:00+00:00
[2026-09-14T22:00:36.634+0000] {processor.py:208} INFO - Processing /opt/airflow/dags/weather_etl.py took 1.805 seconds
[2026-09-14T22:01:07.213+0000] {processor.py:186} INFO - Started process (PID=268) to work on /opt/airflow/dags/weather_etl.py
[2026-09-14T22:01:07.215+0000] {processor.py:914} INFO - Processing file /opt/airflow/dags/weather_etl.py for tasks to queue
[2026-09-14T22:01:07.224+0000] {logging_mixin.py:190} INFO - [2026-09-14T22:01:07.223+0000] {dagbag.py:588} INFO - Filling up the DagBag from /opt/airflow/dags/weather_etl.py
[2026-09-14T22:01:08.797+0000] {processor.py:925} INFO - DAG(s) 'weather_etl' retrieved from /opt/airflow/dags/weather_etl.py
[2026-09-14T22:01:08.912+0000] {logging_mixin.py:190} INFO - [2026-09-14T22:01:08.910+0000] {dag.py:3239} INFO - Sync 1 DAGs
[2026-09-14T22:01:09.044+0000] {logging_mixin.py:190} INFO - [2026-09-14T22:01:09.044+0000] {dag.py:4180} INFO - Setting next_dagrun for weather_etl to 2026-09-14 22:00:00+00:00, run_after=2026-09-14 23:00:00+00:00
[2026-09-14T22:01:09.118+0000] {processor.py:208} INFO - Processing /opt/airflow/dags/weather_etl.py took 1.923 seconds
[2026-09-14T22:01:39.690+0000] {processor.py:186} INFO - Started process (PID=274) to work on /opt/airflow/dags/weather_etl.py
[2026-09-14T22:01:39.694+0000] {processor.py:914} INFO - Processing file /opt/airflow/dags/weather_etl.py for tasks to queue
[2026-09-14T22:01:39.703+0000] {logging_mixin.py:190} INFO - [2026-09-14T22:01:39.702+0000] {dagbag.py:588} INFO - Filling up the DagBag from /opt/airflow/dags/weather_etl.py
[2026-09-14T22:01:41.717+0000] {processor.py:925} INFO - DAG(s) 'weather_etl' retrieved from /opt/airflow/dags/weather_etl.py
[2026-09-14T22:01:41.876+0000] {logging_mixin.py:190} INFO - [2026-09-14T22:01:41.873+0000] {dag.py:3239} INFO - Sync 1 DAGs
[2026-09-14T22:01:42.017+0000] {logging_mixin.py:190} INFO - [2026-09-14T22:01:42.017+0000] {dag.py:4180} INFO - Setting next_dagrun for weather_etl to 2026-09-14 22:00:00+00:00, run_after=2026-09-14 23:00:00+00:00
[2026-09-14T22:01:42.095+0000] {processor.py:208} INFO - Processing /opt/airflow/dags/weather_etl.py took 2.431 seconds
[2026-09-14T22:02:12.472+0000] {processor.py:186} INFO - Started process (PID=280) to work on /opt/airflow/dags/weather_etl.py
[2026-09-14T22:02:12.475+0000] {processor.py:914} INFO - Processing file /opt/airflow/dags/weather_etl.py for tasks to queue
[2026-09-14T22:02:12.485+0000] {logging_mixin.py:190} INFO - [2026-09-14T22:02:12.483+0000] {dagbag.py:588} INFO - Filling up the DagBag from /opt/airflow/dags/weather_etl.py
[2026-09-14T22:02:14.009+0000] {processor.py:925} INFO - DAG(s) 'weather_etl' retrieved from /opt/airflow/dags/weather_etl.py
[2026-09-14T22:02:14.105+0000] {logging_mixin.py:190} INFO - [2026-09-14T22:02:14.105+0000] {dag.py:3239} INFO - Sync 1 DAGs
[2026-09-14T22:02:14.181+0000] {logging_mixin.py:190} INFO - [2026-09-14T22:02:14.180+0000] {dag.py:4180} INFO - Setting next_dagrun for weather_etl to 2026-09-14 22:00:00+00:00, run_after=2026-09-14 23:00:00+00:00
[2026-09-14T22:02:14.252+0000] {processor.py:208} INFO - Processing /opt/airflow/dags/weather_etl.py took 1.799 seconds
[2026-09-14T22:02:44.872+0000] {processor.py:186} INFO - Started process (PID=286) to work on /opt/airflow/dags/weather_etl.py
[2026-09-14T22:02:44.875+0000] {processor.py:914} INFO - Processing file /opt/airflow/dags/weather_etl.py for tasks to queue
[2026-09-14T22:02:44.885+0000] {logging_mixin.py:190} INFO - [2026-09-14T22:02:44.883+0000] {dagbag.py:588} INFO - Filling up the DagBag from /opt/airflow/dags/weather_etl.py
[2026-09-14T22:02:46.594+0000] {processor.py:925} INFO - DAG(s) 'weather_etl' retrieved from /opt/airflow/dags/weather_etl.py
[2026-09-14T22:02:46.706+0000] {logging_mixin.py:190} INFO - [2026-09-14T22:02:46.705+0000] {dag.py:3239} INFO - Sync 1 DAGs
[2026-09-14T22:02:46.827+0000] {logging_mixin.py:190} INFO - [2026-09-14T22:02:46.826+0000] {dag.py:4180} INFO - Setting next_dagrun for weather_etl to 2026-09-14 22:00:00+00:00, run_after=2026-09-14 23:00:00+00:00
[2026-09-14T22:02:46.893+0000] {processor.py:208} INFO - Processing /opt/airflow/dags/weather_etl.py took 2.049 seconds
[2026-09-14T22:03:17.464+0000] {processor.py:186} INFO - Started process (PID=292) to work on /opt/airflow/dags/weather_etl.py
[2026-09-14T22:03:17.469+0000] {processor.py:914} INFO - Processing file /opt/airflow/dags/weather_etl.py for tasks to queue
[2026-09-14T22:03:17.480+0000] {logging_mixin.py:190} INFO - [2026-09-14T22:03:17.479+0000] {dagbag.py:588} INFO - Filling up the DagBag from /opt/airflow/dags/weather_etl.py
[2026-09-14T22:03:19.631+0000] {processor.py:925} INFO - DAG(s) 'weather_etl' retrieved from /opt/airflow/dags/weather_etl.py
[2026-09-14T22:03:19.736+0000] {logging_mixin.py:190} INFO - [2026-09-14T22:03:19.735+0000] {dag.py:3239} INFO - Sync 1 DAGs
[2026-09-14T22:03:19.822+0000] {logging_mixin.py:190} INFO - [2026-09-14T22:03:19.821+0000] {dag.py:4180} INFO - Setting next_dagrun for weather_etl to 2026-09-14 22:00:00+00:00, run_after=2026-09-14 23:00:00+00:00
[2026-09-14T22:03:19.879+0000] {processor.py:208} INFO - Processing /opt/airflow/dags/weather_etl.py took 2.442 seconds
[2026-09-14T22:03:50.452+0000] {processor.py:186} INFO - Started process (PID=298) to work on /opt/airflow/dags/weather_etl.py
[2026-09-14T22:03:50.454+0000] {processor.py:914} INFO - Processing file /opt/airflow/dags/weather_etl.py for tasks to queue
[2026-09-14T22:03:50.462+0000] {logging_mixin.py:190} INFO - [2026-09-14T22:03:50.461+0000] {dagbag.py:588} INFO - Filling up the DagBag from /opt/airflow/dags/weather_etl.py
[2026-09-14T22:03:52.042+0000] {processor.py:925} INFO - DAG(s) 'weather_etl' retrieved from /opt/airflow/dags/weather_etl.py
[2026-09-14T22:03:52.138+0000] {logging_mixin.py:190} INFO - [2026-09-14T22:03:52.138+0000] {dag.py:3239} INFO - Sync 1 DAGs
[2026-09-14T22:03:52.220+0000] {logging_mixin.py:190} INFO - [2026-09-14T22:03:52.219+0000] {dag.py:4180} INFO - Setting next_dagrun for weather_etl to 2026-09-14 22:00:00+00:00, run_after=2026-09-14 23:00:00+00:00
[2026-09-14T22:03:52.281+0000] {processor.py:208} INFO - Processing /opt/airflow/dags/weather_etl.py took 1.856 seconds
[2026-09-14T22:04:22.855+0000] {processor.py:186} INFO - Started process (PID=304) to work on /opt/airflow/dags/weather_etl.py
[2026-09-14T22:04:22.858+0000] {processor.py:914} INFO - Processing file /opt/airflow/dags/weather_etl.py for tasks to queue
[2026-09-14T22:04:22.867+0000] {logging_mixin.py:190} INFO - [2026-09-14T22:04:22.865+0000] {dagbag.py:588} INFO - Filling up the DagBag from /opt/airflow/dags/weather_etl.py
[2026-09-14T22:04:24.575+0000] {processor.py:925} INFO - DAG(s) 'weather_etl' retrieved from /opt/airflow/dags/weather_etl.py
[2026-09-14T22:04:24.674+0000] {logging_mixin.py:190} INFO - [2026-09-14T22:04:24.674+0000] {dag.py:3239} INFO - Sync 1 DAGs
[2026-09-14T22:04:24.756+0000] {logging_mixin.py:190} INFO - [2026-09-14T22:04:24.756+0000] {dag.py:4180} INFO - Setting next_dagrun for weather_etl to 2026-09-14 22:00:00+00:00, run_after=2026-09-14 23:00:00+00:00
[2026-09-14T22:04:24.816+0000] {processor.py:208} INFO - Processing /opt/airflow/dags/weather_etl.py took 1.983 seconds
[2026-09-14T22:04:55.351+0000] {processor.py:186} INFO - Started process (PID=310) to work on /opt/airflow/dags/weather_etl.py
[2026-09-14T22:04:55.354+0000] {processor.py:914} INFO - Processing file /opt/airflow/dags/weather_etl.py for tasks to queue
[2026-09-14T22:04:55.361+0000] {logging_mixin.py:190} INFO - [2026-09-14T22:04:55.360+0000] {dagbag.py:588} INFO - Filling up the DagBag from /opt/airflow/dags/weather_etl.py
[2026-09-14T22:04:56.897+0000] {processor.py:925} INFO - DAG(s) 'weather_etl' retrieved from /opt/airflow/dags/weather_etl.py
[2026-09-14T22:04:56.983+0000] {logging_mixin.py:190} INFO - [2026-09-14T22:04:56.982+0000] {dag.py:3239} INFO - Sync 1 DAGs
[2026-09-14T22:04:57.071+0000] {logging_mixin.py:190} INFO - [2026-09-14T22:04:57.071+0000] {dag.py:4180} INFO - Setting next_dagrun for weather_etl to 2026-09-14 22:00:00+00:00, run_after=2026-09-14 23:00:00+00:00
[2026-09-14T22:04:57.133+0000] {processor.py:208} INFO - Processing /opt/airflow/dags/weather_etl.py took 1.805 seconds
[2026-09-14T22:05:27.695+0000] {processor.py:186} INFO - Started process (PID=316) to work on /opt/airflow/dags/weather_etl.py
[2026-09-14T22:05:27.699+0000] {processor.py:914} INFO - Processing file /opt/airflow/dags/weather_etl.py for tasks to queue
[2026-09-14T22:05:27.707+0000] {logging_mixin.py:190} INFO - [2026-09-14T22:05:27.706+0000] {dagbag.py:588} INFO - Filling up the DagBag from /opt/airflow/dags/weather_etl.py
[2026-09-14T22:05:29.386+0000] {processor.py:925} INFO - DAG(s) 'weather_etl' retrieved from /opt/airflow/dags/weather_etl.py
[2026-09-14T22:05:29.491+0000] {logging_mixin.py:190} INFO - [2026-09-14T22:05:29.490+0000] {dag.py:3239} INFO - Sync 1 DAGs
[2026-09-14T22:05:29.572+0000] {logging_mixin.py:190} INFO - [2026-09-14T22:05:29.571+0000] {dag.py:4180} INFO - Setting next_dagrun for weather_etl to 2026-09-14 22:00:00+00:00, run_after=2026-09-14 23:00:00+00:00
[2026-09-14T22:05:29.631+0000] {processor.py:208} INFO - Processing /opt/airflow/dags/weather_etl.py took 1.957 seconds
[2026-09-14T22:06:00.193+0000] {processor.py:186} INFO - Started process (PID=322) to work on /opt/airflow/dags/weather_etl.py
[2026-09-14T22:06:00.196+0000] {processor.py:914} INFO - Processing file /opt/airflow/dags/weather_etl.py for tasks to queue
[2026-09-14T22:06:00.203+0000] {logging_mixin.py:190} INFO - [2026-09-14T22:06:00.203+0000] {dagbag.py:588} INFO - Filling up the DagBag from /opt/airflow/dags/weather_etl.py
[2026-09-14T22:06:01.812+0000] {processor.py:925} INFO - DAG(s) 'weather_etl' retrieved from /opt/airflow/dags/weather_etl.py
[2026-09-14T22:06:01.900+0000] {logging_mixin.py:190} INFO - [2026-09-14T22:06:01.899+0000] {dag.py:3239} INFO - Sync 1 DAGs
[2026-09-14T22:06:01.992+0000] {logging_mixin.py:190} INFO - [2026-09-14T22:06:01.992+0000] {dag.py:4180} INFO - Setting next_dagrun for weather_etl to 2026-09-14 22:00:00+00:00, run_after=2026-09-14 23:00:00+00:00
[2026-09-14T22:06:02.053+0000] {processor.py:208} INFO - Processing /opt/airflow/dags/weather_etl.py took 1.882 seconds
[2026-09-14T22:06:32.637+0000] {processor.py:186} INFO - Started process (PID=328) to work on /opt/airflow/dags/weather_etl.py
[2026-09-14T22:06:32.641+0000] {processor.py:914} INFO - Processing file /opt/airflow/dags/weather_etl.py for tasks to queue
[2026-09-14T22:06:32.647+0000] {logging_mixin.py:190} INFO - [2026-09-14T22:06:32.647+0000] {dagbag.py:588} INFO - Filling up the DagBag from /opt/airflow/dags/weather_etl.py
[2026-09-14T22:06:34.042+0000] {processor.py:925} INFO - DAG(s) 'weather_etl' retrieved from /opt/airflow/dags/weather_etl.py
[2026-09-14T22:06:34.147+0000] {logging_mixin.py:190} INFO - [2026-09-14T22:06:34.147+0000] {dag.py:3239} INFO - Sync 1 DAGs
[2026-09-14T22:06:34.233+0000] {logging_mixin.py:190} INFO - [2026-09-14T22:06:34.233+0000] {dag.py:4180} INFO - Setting next_dagrun for weather_etl to 2026-09-14 22:00:00+00:00, run_after=2026-09-14 23:00:00+00:00
[2026-09-14T22:06:34.294+0000] {processor.py:208} INFO - Processing /opt/airflow/dags/weather_etl.py took 1.679 seconds
[2026-09-14T22:07:04.973+0000] {processor.py:186} INFO - Started process (PID=334) to work on /opt/airflow/dags/weather_etl.py
[2026-09-14T22:07:04.976+0000] {processor.py:914} INFO - Processing file /opt/airflow/dags/weather_etl.py for tasks to queue
[2026-09-14T22:07:04.985+0000] {logging_mixin.py:190} INFO - [2026-09-14T22:07:04.984+0000] {dagbag.py:588} INFO - Filling up the DagBag from /opt/airflow/dags/weather_etl.py
[2026-09-14T22:07:06.522+0000] {processor.py:925} INFO - DAG(s) 'weather_etl' retrieved from /opt/airflow/dags/weather_etl.py
[2026-09-14T22:07:06.609+0000] {logging_mixin.py:190} INFO - [2026-09-14T22:07:06.609+0000] {dag.py:3239} INFO - Sync 1 DAGs
[2026-09-14T22:07:06.700+0000] {logging_mixin.py:190} INFO - [2026-09-14T22:07:06.699+0000] {dag.py:4180} INFO - Setting next_dagrun for weather_etl to 2026-09-14 22:00:00+00:00, run_after=2026-09-14 23:00:00+00:00
[2026-09-14T22:07:06.763+0000] {processor.py:208} INFO - Processing /opt/airflow/dags/weather_etl.py took 1.811 seconds
[2026-09-14T22:07:37.324+0000] {processor.py:186} INFO - Started process (PID=340) to work on /opt/airflow/dags/weather_etl.py
[2026-09-14T22:07:37.327+0000] {processor.py:914} INFO - Processing file /opt/airflow/dags/weather_etl.py for tasks to queue
[2026-09-14T22:07:37.336+0000] {logging_mixin.py:190} INFO - [2026-09-14T22:07:37.335+0000] {dagbag.py:588} INFO - Filling up the DagBag from /opt/airflow/dags/weather_etl.py
[2026-09-14T22:07:38.882+0000] {processor.py:925} INFO - DAG(s) 'weather_etl' retrieved from /opt/airflow/dags/weather_etl.py
[2026-09-14T22:07:39.028+0000] {logging_mixin.py:190} INFO - [2026-09-14T22:07:39.027+0000] {dag.py:3239} INFO - Sync 1 DAGs
[2026-09-14T22:07:39.181+0000] {logging_mixin.py:190} INFO - [2026-09-14T22:07:39.180+0000] {dag.py:4180} INFO - Setting next_dagrun for weather_etl to 2026-09-14 22:00:00+00:00, run_after=2026-09-14 23:00:00+00:00
[2026-09-14T22:07:39.286+0000] {processor.py:208} INFO - Processing /opt/airflow/dags/weather_etl.py took 1.981 seconds
[2026-09-14T22:08:09.813+0000] {processor.py:186} INFO - Started process (PID=346) to work on /opt/airflow/dags/weather_etl.py
[2026-09-14T22:08:09.816+0000] {processor.py:914} INFO - Processing file /opt/airflow/dags/weather_etl.py for tasks to queue
[2026-09-14T22:08:09.823+0000] {logging_mixin.py:190} INFO - [2026-09-14T22:08:09.821+0000] {dagbag.py:588} INFO - Filling up the DagBag from /opt/airflow/dags/weather_etl.py
[2026-09-14T22:08:11.463+0000] {processor.py:925} INFO - DAG(s) 'weather_etl' retrieved from /opt/airflow/dags/weather_etl.py
[2026-09-14T22:08:11.610+0000] {logging_mixin.py:190} INFO - [2026-09-14T22:08:11.610+0000] {dag.py:3239} INFO - Sync 1 DAGs
[2026-09-14T22:08:11.714+0000] {logging_mixin.py:190} INFO - [2026-09-14T22:08:11.713+0000] {dag.py:4180} INFO - Setting next_dagrun for weather_etl to 2026-09-14 22:00:00+00:00, run_after=2026-09-14 23:00:00+00:00
[2026-09-14T22:08:11.790+0000] {processor.py:208} INFO - Processing /opt/airflow/dags/weather_etl.py took 1.996 seconds
[2026-09-14T22:08:42.352+0000] {processor.py:186} INFO - Started process (PID=352) to work on /opt/airflow/dags/weather_etl.py
[2026-09-14T22:08:42.355+0000] {processor.py:914} INFO - Processing file /opt/airflow/dags/weather_etl.py for tasks to queue
[2026-09-14T22:08:42.366+0000] {logging_mixin.py:190} INFO - [2026-09-14T22:08:42.364+0000] {dagbag.py:588} INFO - Filling up the DagBag from /opt/airflow/dags/weather_etl.py
[2026-09-14T22:08:44.084+0000] {processor.py:925} INFO - DAG(s) 'weather_etl' retrieved from /opt/airflow/dags/weather_etl.py
[2026-09-14T22:08:44.186+0000] {logging_mixin.py:190} INFO - [2026-09-14T22:08:44.185+0000] {dag.py:3239} INFO - Sync 1 DAGs
[2026-09-14T22:08:44.268+0000] {logging_mixin.py:190} INFO - [2026-09-14T22:08:44.268+0000] {dag.py:4180} INFO - Setting next_dagrun for weather_etl to 2026-09-14 22:00:00+00:00, run_after=2026-09-14 23:00:00+00:00
[2026-09-14T22:08:44.332+0000] {processor.py:208} INFO - Processing /opt/airflow/dags/weather_etl.py took 2.004 seconds
[2026-09-14T22:09:14.827+0000] {processor.py:186} INFO - Started process (PID=358) to work on /opt/airflow/dags/weather_etl.py
[2026-09-14T22:09:14.830+0000] {processor.py:914} INFO - Processing file /opt/airflow/dags/weather_etl.py for tasks to queue
[2026-09-14T22:09:14.837+0000] {logging_mixin.py:190} INFO - [2026-09-14T22:09:14.836+0000] {dagbag.py:588} INFO - Filling up the DagBag from /opt/airflow/dags/weather_etl.py
[2026-09-14T22:09:16.309+0000] {processor.py:925} INFO - DAG(s) 'weather_etl' retrieved from /opt/airflow/dags/weather_etl.py
[2026-09-14T22:09:16.391+0000] {logging_mixin.py:190} INFO - [2026-09-14T22:09:16.391+0000] {dag.py:3239} INFO - Sync 1 DAGs
[2026-09-14T22:09:16.471+0000] {logging_mixin.py:190} INFO - [2026-09-14T22:09:16.470+0000] {dag.py:4180} INFO - Setting next_dagrun for weather_etl to 2026-09-14 22:00:00+00:00, run_after=2026-09-14 23:00:00+00:00
[2026-09-14T22:09:16.534+0000] {processor.py:208} INFO - Processing /opt/airflow/dags/weather_etl.py took 1.725 seconds
[2026-09-14T22:09:47.057+0000] {processor.py:186} INFO - Started process (PID=364) to work on /opt/airflow/dags/weather_etl.py
[2026-09-14T22:09:47.060+0000] {processor.py:914} INFO - Processing file /opt/airflow/dags/weather_etl.py for tasks to queue
[2026-09-14T22:09:47.067+0000] {logging_mixin.py:190} INFO - [2026-09-14T22:09:47.065+0000] {dagbag.py:588} INFO - Filling up the DagBag from /opt/airflow/dags/weather_etl.py
[2026-09-14T22:09:48.451+0000] {processor.py:925} INFO - DAG(s) 'weather_etl' retrieved from /opt/airflow/dags/weather_etl.py
[2026-09-14T22:09:48.540+0000] {logging_mixin.py:190} INFO - [2026-09-14T22:09:48.539+0000] {dag.py:3239} INFO - Sync 1 DAGs
[2026-09-14T22:09:48.619+0000] {logging_mixin.py:190} INFO - [2026-09-14T22:09:48.618+0000] {dag.py:4180} INFO - Setting next_dagrun for weather_etl to 2026-09-14 22:00:00+00:00, run_after=2026-09-14 23:00:00+00:00
[2026-09-14T22:09:48.680+0000] {processor.py:208} INFO - Processing /opt/airflow/dags/weather_etl.py took 1.643 seconds
[2026-09-14T22:10:19.258+0000] {processor.py:186} INFO - Started process (PID=370) to work on /opt/airflow/dags/weather_etl.py
[2026-09-14T22:10:19.261+0000] {processor.py:914} INFO - Processing file /opt/airflow/dags/weather_etl.py for tasks to queue
[2026-09-14T22:10:19.270+0000] {logging_mixin.py:190} INFO - [2026-09-14T22:10:19.269+0000] {dagbag.py:588} INFO - Filling up the DagBag from /opt/airflow/dags/weather_etl.py
[2026-09-14T22:10:20.842+0000] {processor.py:925} INFO - DAG(s) 'weather_etl' retrieved from /opt/airflow/dags/weather_etl.py
[2026-09-14T22:10:20.959+0000] {logging_mixin.py:190} INFO - [2026-09-14T22:10:20.958+0000] {dag.py:3239} INFO - Sync 1 DAGs
[2026-09-14T22:10:21.069+0000] {logging_mixin.py:190} INFO - [2026-09-14T22:10:21.068+0000] {dag.py:4180} INFO - Setting next_dagrun for weather_etl to 2026-09-14 22:00:00+00:00, run_after=2026-09-14 23:00:00+00:00
[2026-09-14T22:10:21.147+0000] {processor.py:208} INFO - Processing /opt/airflow/dags/weather_etl.py took 1.915 seconds
[2026-09-14T22:10:51.698+0000] {processor.py:186} INFO - Started process (PID=376) to work on /opt/airflow/dags/weather_etl.py
[2026-09-14T22:10:51.702+0000] {processor.py:914} INFO - Processing file /opt/airflow/dags/weather_etl.py for tasks to queue
[2026-09-14T22:10:51.713+0000] {logging_mixin.py:190} INFO - [2026-09-14T22:10:51.711+0000] {dagbag.py:588} INFO - Filling up the DagBag from /opt/airflow/dags/weather_etl.py
[2026-09-14T22:10:53.119+0000] {processor.py:925} INFO - DAG(s) 'weather_etl' retrieved from /opt/airflow/dags/weather_etl.py
[2026-09-14T22:10:53.208+0000] {logging_mixin.py:190} INFO - [2026-09-14T22:10:53.207+0000] {dag.py:3239} INFO - Sync 1 DAGs
[2026-09-14T22:10:53.284+0000] {logging_mixin.py:190} INFO - [2026-09-14T22:10:53.284+0000] {dag.py:4180} INFO - Setting next_dagrun for weather_etl to 2026-09-14 22:00:00+00:00, run_after=2026-09-14 23:00:00+00:00
[2026-09-14T22:10:53.343+0000] {processor.py:208} INFO - Processing /opt/airflow/dags/weather_etl.py took 1.667 seconds
[2026-09-14T22:11:23.543+0000] {processor.py:186} INFO - Started process (PID=382) to work on /opt/airflow/dags/weather_etl.py
[2026-09-14T22:11:23.546+0000] {processor.py:914} INFO - Processing file /opt/airflow/dags/weather_etl.py for tasks to queue
[2026-09-14T22:11:23.553+0000] {logging_mixin.py:190} INFO - [2026-09-14T22:11:23.553+0000] {dagbag.py:588} INFO - Filling up the DagBag from /opt/airflow/dags/weather_etl.py
[2026-09-14T22:11:25.006+0000] {processor.py:925} INFO - DAG(s) 'weather_etl' retrieved from /opt/airflow/dags/weather_etl.py
[2026-09-14T22:11:25.097+0000] {logging_mixin.py:190} INFO - [2026-09-14T22:11:25.096+0000] {dag.py:3239} INFO - Sync 1 DAGs
[2026-09-14T22:11:25.169+0000] {logging_mixin.py:190} INFO - [2026-09-14T22:11:25.169+0000] {dag.py:4180} INFO - Setting next_dagrun for weather_etl to 2026-09-14 22:00:00+00:00, run_after=2026-09-14 23:00:00+00:00
[2026-09-14T22:11:25.231+0000] {processor.py:208} INFO - Processing /opt/airflow/dags/weather_etl.py took 1.708 seconds
[2026-09-14T22:11:55.874+0000] {processor.py:186} INFO - Started process (PID=388) to work on /opt/airflow/dags/weather_etl.py
[2026-09-14T22:11:55.876+0000] {processor.py:914} INFO - Processing file /opt/airflow/dags/weather_etl.py for tasks to queue
[2026-09-14T22:11:55.883+0000] {logging_mixin.py:190} INFO - [2026-09-14T22:11:55.882+0000] {dagbag.py:588} INFO - Filling up the DagBag from /opt/airflow/dags/weather_etl.py
[2026-09-14T22:11:57.335+0000] {processor.py:925} INFO - DAG(s) 'weather_etl' retrieved from /opt/airflow/dags/weather_etl.py
[2026-09-14T22:11:57.432+0000] {logging_mixin.py:190} INFO - [2026-09-14T22:11:57.431+0000] {dag.py:3239} INFO - Sync 1 DAGs
[2026-09-14T22:11:57.512+0000] {logging_mixin.py:190} INFO - [2026-09-14T22:11:57.511+0000] {dag.py:4180} INFO - Setting next_dagrun for weather_etl to 2026-09-14 22:00:00+00:00, run_after=2026-09-14 23:00:00+00:00
[2026-09-14T22:11:57.572+0000] {processor.py:208} INFO - Processing /opt/airflow/dags/weather_etl.py took 1.715 seconds
[2026-09-14T22:12:28.115+0000] {processor.py:186} INFO - Started process (PID=394) to work on /opt/airflow/dags/weather_etl.py
[2026-09-14T22:12:28.118+0000] {processor.py:914} INFO - Processing file /opt/airflow/dags/weather_etl.py for tasks to queue
[2026-09-14T22:12:28.127+0000] {logging_mixin.py:190} INFO - [2026-09-14T22:12:28.126+0000] {dagbag.py:588} INFO - Filling up the DagBag from /opt/airflow/dags/weather_etl.py
[2026-09-14T22:12:29.771+0000] {processor.py:925} INFO - DAG(s) 'weather_etl' retrieved from /opt/airflow/dags/weather_etl.py
[2026-09-14T22:12:29.872+0000] {logging_mixin.py:190} INFO - [2026-09-14T22:12:29.871+0000] {dag.py:3239} INFO - Sync 1 DAGs
[2026-09-14T22:12:29.971+0000] {logging_mixin.py:190} INFO - [2026-09-14T22:12:29.970+0000] {dag.py:4180} INFO - Setting next_dagrun for weather_etl to 2026-09-14 22:00:00+00:00, run_after=2026-09-14 23:00:00+00:00
[2026-09-14T22:12:30.044+0000] {processor.py:208} INFO - Processing /opt/airflow/dags/weather_etl.py took 1.947 seconds
[2026-09-14T22:13:00.593+0000] {processor.py:186} INFO - Started process (PID=400) to work on /opt/airflow/dags/weather_etl.py
[2026-09-14T22:13:00.597+0000] {processor.py:914} INFO - Processing file /opt/airflow/dags/weather_etl.py for tasks to queue
[2026-09-14T22:13:00.604+0000] {logging_mixin.py:190} INFO - [2026-09-14T22:13:00.603+0000] {dagbag.py:588} INFO - Filling up the DagBag from /opt/airflow/dags/weather_etl.py
[2026-09-14T22:13:02.053+0000] {processor.py:925} INFO - DAG(s) 'weather_etl' retrieved from /opt/airflow/dags/weather_etl.py
[2026-09-14T22:13:02.145+0000] {logging_mixin.py:190} INFO - [2026-09-14T22:13:02.145+0000] {dag.py:3239} INFO - Sync 1 DAGs
[2026-09-14T22:13:02.229+0000] {logging_mixin.py:190} INFO - [2026-09-14T22:13:02.228+0000] {dag.py:4180} INFO - Setting next_dagrun for weather_etl to 2026-09-14 22:00:00+00:00, run_after=2026-09-14 23:00:00+00:00
[2026-09-14T22:13:02.285+0000] {processor.py:208} INFO - Processing /opt/airflow/dags/weather_etl.py took 1.710 seconds
[2026-09-14T22:13:32.860+0000] {processor.py:186} INFO - Started process (PID=406) to work on /opt/airflow/dags/weather_etl.py
[2026-09-14T22:13:32.863+0000] {processor.py:914} INFO - Processing file /opt/airflow/dags/weather_etl.py for tasks to queue
[2026-09-14T22:13:32.871+0000] {logging_mixin.py:190} INFO - [2026-09-14T22:13:32.870+0000] {dagbag.py:588} INFO - Filling up the DagBag from /opt/airflow/dags/weather_etl.py
[2026-09-14T22:13:34.489+0000] {processor.py:925} INFO - DAG(s) 'weather_etl' retrieved from /opt/airflow/dags/weather_etl.py
[2026-09-14T22:13:34.584+0000] {logging_mixin.py:190} INFO - [2026-09-14T22:13:34.584+0000] {dag.py:3239} INFO - Sync 1 DAGs
[2026-09-14T22:13:34.672+0000] {logging_mixin.py:190} INFO - [2026-09-14T22:13:34.671+0000] {dag.py:4180} INFO - Setting next_dagrun for weather_etl to 2026-09-14 22:00:00+00:00, run_after=2026-09-14 23:00:00+00:00
[2026-09-14T22:13:34.728+0000] {processor.py:208} INFO - Processing /opt/airflow/dags/weather_etl.py took 1.888 seconds
[2026-09-14T22:14:05.273+0000] {processor.py:186} INFO - Started process (PID=412) to work on /opt/airflow/dags/weather_etl.py
[2026-09-14T22:14:05.276+0000] {processor.py:914} INFO - Processing file /opt/airflow/dags/weather_etl.py for tasks to queue
[2026-09-14T22:14:05.282+0000] {logging_mixin.py:190} INFO - [2026-09-14T22:14:05.281+0000] {dagbag.py:588} INFO - Filling up the DagBag from /opt/airflow/dags/weather_etl.py
[2026-09-14T22:14:06.621+0000] {processor.py:925} INFO - DAG(s) 'weather_etl' retrieved from /opt/airflow/dags/weather_etl.py
[2026-09-14T22:14:06.715+0000] {logging_mixin.py:190} INFO - [2026-09-14T22:14:06.714+0000] {dag.py:3239} INFO - Sync 1 DAGs
[2026-09-14T22:14:06.799+0000] {logging_mixin.py:190} INFO - [2026-09-14T22:14:06.799+0000] {dag.py:4180} INFO - Setting next_dagrun for weather_etl to 2026-09-14 22:00:00+00:00, run_after=2026-09-14 23:00:00+00:00
[2026-09-14T22:14:06.854+0000] {processor.py:208} INFO - Processing /opt/airflow/dags/weather_etl.py took 1.601 seconds
[2026-09-14T22:14:37.381+0000] {processor.py:186} INFO - Started process (PID=418) to work on /opt/airflow/dags/weather_etl.py
[2026-09-14T22:14:37.384+0000] {processor.py:914} INFO - Processing file /opt/airflow/dags/weather_etl.py for tasks to queue
[2026-09-14T22:14:37.391+0000] {logging_mixin.py:190} INFO - [2026-09-14T22:14:37.390+0000] {dagbag.py:588} INFO - Filling up the DagBag from /opt/airflow/dags/weather_etl.py
[2026-09-14T22:14:38.698+0000] {processor.py:925} INFO - DAG(s) 'weather_etl' retrieved from /opt/airflow/dags/weather_etl.py
[2026-09-14T22:14:38.800+0000] {logging_mixin.py:190} INFO - [2026-09-14T22:14:38.800+0000] {dag.py:3239} INFO - Sync 1 DAGs
[2026-09-14T22:14:38.872+0000] {logging_mixin.py:190} INFO - [2026-09-14T22:14:38.871+0000] {dag.py:4180} INFO - Setting next_dagrun for weather_etl to 2026-09-14 22:00:00+00:00, run_after=2026-09-14 23:00:00+00:00
[2026-09-14T22:14:38.938+0000] {processor.py:208} INFO - Processing /opt/airflow/dags/weather_etl.py took 1.574 seconds
[2026-09-14T22:15:09.337+0000] {processor.py:186} INFO - Started process (PID=424) to work on /opt/airflow/dags/weather_etl.py
[2026-09-14T22:15:09.341+0000] {processor.py:914} INFO - Processing file /opt/airflow/dags/weather_etl.py for tasks to queue
[2026-09-14T22:15:09.348+0000] {logging_mixin.py:190} INFO - [2026-09-14T22:15:09.347+0000] {dagbag.py:588} INFO - Filling up the DagBag from /opt/airflow/dags/weather_etl.py
[2026-09-14T22:15:10.752+0000] {processor.py:925} INFO - DAG(s) 'weather_etl' retrieved from /opt/airflow/dags/weather_etl.py
[2026-09-14T22:15:10.840+0000] {logging_mixin.py:190} INFO - [2026-09-14T22:15:10.839+0000] {dag.py:3239} INFO - Sync 1 DAGs
[2026-09-14T22:15:10.925+0000] {logging_mixin.py:190} INFO - [2026-09-14T22:15:10.924+0000] {dag.py:4180} INFO - Setting next_dagrun for weather_etl to 2026-09-14 22:00:00+00:00, run_after=2026-09-14 23:00:00+00:00
[2026-09-14T22:15:10.987+0000] {processor.py:208} INFO - Processing /opt/airflow/dags/weather_etl.py took 1.676 seconds
[2026-09-14T22:15:41.533+0000] {processor.py:186} INFO - Started process (PID=430) to work on /opt/airflow/dags/weather_etl.py
[2026-09-14T22:15:41.536+0000] {processor.py:914} INFO - Processing file /opt/airflow/dags/weather_etl.py for tasks to queue
[2026-09-14T22:15:41.542+0000] {logging_mixin.py:190} INFO - [2026-09-14T22:15:41.541+0000] {dagbag.py:588} INFO - Filling up the DagBag from /opt/airflow/dags/weather_etl.py
[2026-09-14T22:15:43.207+0000] {processor.py:925} INFO - DAG(s) 'weather_etl' retrieved from /opt/airflow/dags/weather_etl.py
[2026-09-14T22:15:43.304+0000] {logging_mixin.py:190} INFO - [2026-09-14T22:15:43.303+0000] {dag.py:3239} INFO - Sync 1 DAGs
[2026-09-14T22:15:43.390+0000] {logging_mixin.py:190} INFO - [2026-09-14T22:15:43.389+0000] {dag.py:4180} INFO - Setting next_dagrun for weather_etl to 2026-09-14 22:00:00+00:00, run_after=2026-09-14 23:00:00+00:00
[2026-09-14T22:15:43.451+0000] {processor.py:208} INFO - Processing /opt/airflow/dags/weather_etl.py took 1.933 seconds
[2026-09-14T22:16:13.977+0000] {processor.py:186} INFO - Started process (PID=436) to work on /opt/airflow/dags/weather_etl.py
[2026-09-14T22:16:13.980+0000] {processor.py:914} INFO - Processing file /opt/airflow/dags/weather_etl.py for tasks to queue
[2026-09-14T22:16:13.987+0000] {logging_mixin.py:190} INFO - [2026-09-14T22:16:13.986+0000] {dagbag.py:588} INFO - Filling up the DagBag from /opt/airflow/dags/weather_etl.py
[2026-09-14T22:16:15.408+0000] {processor.py:925} INFO - DAG(s) 'weather_etl' retrieved from /opt/airflow/dags/weather_etl.py
[2026-09-14T22:16:15.508+0000] {logging_mixin.py:190} INFO - [2026-09-14T22:16:15.507+0000] {dag.py:3239} INFO - Sync 1 DAGs
[2026-09-14T22:16:15.583+0000] {logging_mixin.py:190} INFO - [2026-09-14T22:16:15.582+0000] {dag.py:4180} INFO - Setting next_dagrun for weather_etl to 2026-09-14 22:00:00+00:00, run_after=2026-09-14 23:00:00+00:00
[2026-09-14T22:16:15.642+0000] {processor.py:208} INFO - Processing /opt/airflow/dags/weather_etl.py took 1.685 seconds
[2026-09-14T22:16:45.817+0000] {processor.py:186} INFO - Started process (PID=442) to work on /opt/airflow/dags/weather_etl.py
[2026-09-14T22:16:45.824+0000] {processor.py:914} INFO - Processing file /opt/airflow/dags/weather_etl.py for tasks to queue
[2026-09-14T22:16:45.832+0000] {logging_mixin.py:190} INFO - [2026-09-14T22:16:45.831+0000] {dagbag.py:588} INFO - Filling up the DagBag from /opt/airflow/dags/weather_etl.py
[2026-09-14T22:16:47.318+0000] {processor.py:925} INFO - DAG(s) 'weather_etl' retrieved from /opt/airflow/dags/weather_etl.py
[2026-09-14T22:16:47.420+0000] {logging_mixin.py:190} INFO - [2026-09-14T22:16:47.419+0000] {dag.py:3239} INFO - Sync 1 DAGs
[2026-09-14T22:16:47.507+0000] {logging_mixin.py:190} INFO - [2026-09-14T22:16:47.507+0000] {dag.py:4180} INFO - Setting next_dagrun for weather_etl to 2026-09-14 22:00:00+00:00, run_after=2026-09-14 23:00:00+00:00
[2026-09-14T22:16:47.569+0000] {processor.py:208} INFO - Processing /opt/airflow/dags/weather_etl.py took 1.775 seconds
[2026-09-14T22:17:18.099+0000] {processor.py:186} INFO - Started process (PID=448) to work on /opt/airflow/dags/weather_etl.py
[2026-09-14T22:17:18.102+0000] {processor.py:914} INFO - Processing file /opt/airflow/dags/weather_etl.py for tasks to queue
[2026-09-14T22:17:18.109+0000] {logging_mixin.py:190} INFO - [2026-09-14T22:17:18.108+0000] {dagbag.py:588} INFO - Filling up the DagBag from /opt/airflow/dags/weather_etl.py
[2026-09-14T22:17:19.582+0000] {processor.py:925} INFO - DAG(s) 'weather_etl' retrieved from /opt/airflow/dags/weather_etl.py
[2026-09-14T22:17:19.674+0000] {logging_mixin.py:190} INFO - [2026-09-14T22:17:19.674+0000] {dag.py:3239} INFO - Sync 1 DAGs
[2026-09-14T22:17:19.747+0000] {logging_mixin.py:190} INFO - [2026-09-14T22:17:19.747+0000] {dag.py:4180} INFO - Setting next_dagrun for weather_etl to 2026-09-14 22:00:00+00:00, run_after=2026-09-14 23:00:00+00:00
[2026-09-14T22:17:19.803+0000] {processor.py:208} INFO - Processing /opt/airflow/dags/weather_etl.py took 1.725 seconds
[2026-09-14T22:17:50.002+0000] {processor.py:186} INFO - Started process (PID=454) to work on /opt/airflow/dags/weather_etl.py
[2026-09-14T22:17:50.005+0000] {processor.py:914} INFO - Processing file /opt/airflow/dags/weather_etl.py for tasks to queue
[2026-09-14T22:17:50.014+0000] {logging_mixin.py:190} INFO - [2026-09-14T22:17:50.012+0000] {dagbag.py:588} INFO - Filling up the DagBag from /opt/airflow/dags/weather_etl.py
[2026-09-14T22:17:51.445+0000] {processor.py:925} INFO - DAG(s) 'weather_etl' retrieved from /opt/airflow/dags/weather_etl.py
[2026-09-14T22:17:51.553+0000] {logging_mixin.py:190} INFO - [2026-09-14T22:17:51.552+0000] {dag.py:3239} INFO - Sync 1 DAGs
[2026-09-14T22:17:51.634+0000] {logging_mixin.py:190} INFO - [2026-09-14T22:17:51.633+0000] {dag.py:4180} INFO - Setting next_dagrun for weather_etl to 2026-09-14 22:00:00+00:00, run_after=2026-09-14 23:00:00+00:00
[2026-09-14T22:17:51.691+0000] {processor.py:208} INFO - Processing /opt/airflow/dags/weather_etl.py took 1.706 seconds
[2026-09-14T22:18:22.232+0000] {processor.py:186} INFO - Started process (PID=460) to work on /opt/airflow/dags/weather_etl.py
[2026-09-14T22:18:22.235+0000] {processor.py:914} INFO - Processing file /opt/airflow/dags/weather_etl.py for tasks to queue
[2026-09-14T22:18:22.241+0000] {logging_mixin.py:190} INFO - [2026-09-14T22:18:22.240+0000] {dagbag.py:588} INFO - Filling up the DagBag from /opt/airflow/dags/weather_etl.py
[2026-09-14T22:18:23.502+0000] {processor.py:925} INFO - DAG(s) 'weather_etl' retrieved from /opt/airflow/dags/weather_etl.py
[2026-09-14T22:18:23.592+0000] {logging_mixin.py:190} INFO - [2026-09-14T22:18:23.591+0000] {dag.py:3239} INFO - Sync 1 DAGs
[2026-09-14T22:18:23.678+0000] {logging_mixin.py:190} INFO - [2026-09-14T22:18:23.678+0000] {dag.py:4180} INFO - Setting next_dagrun for weather_etl to 2026-09-14 22:00:00+00:00, run_after=2026-09-14 23:00:00+00:00
[2026-09-14T22:18:23.736+0000] {processor.py:208} INFO - Processing /opt/airflow/dags/weather_etl.py took 1.525 seconds
[2026-09-14T22:18:54.182+0000] {processor.py:186} INFO - Started process (PID=466) to work on /opt/airflow/dags/weather_etl.py
[2026-09-14T22:18:54.185+0000] {processor.py:914} INFO - Processing file /opt/airflow/dags/weather_etl.py for tasks to queue
[2026-09-14T22:18:54.191+0000] {logging_mixin.py:190} INFO - [2026-09-14T22:18:54.190+0000] {dagbag.py:588} INFO - Filling up the DagBag from /opt/airflow/dags/weather_etl.py
[2026-09-14T22:18:55.618+0000] {processor.py:925} INFO - DAG(s) 'weather_etl' retrieved from /opt/airflow/dags/weather_etl.py
[2026-09-14T22:18:55.718+0000] {logging_mixin.py:190} INFO - [2026-09-14T22:18:55.717+0000] {dag.py:3239} INFO - Sync 1 DAGs
[2026-09-14T22:18:55.793+0000] {logging_mixin.py:190} INFO - [2026-09-14T22:18:55.793+0000] {dag.py:4180} INFO - Setting next_dagrun for weather_etl to 2026-09-14 22:00:00+00:00, run_after=2026-09-14 23:00:00+00:00
[2026-09-14T22:18:55.850+0000] {processor.py:208} INFO - Processing /opt/airflow/dags/weather_etl.py took 1.688 seconds
[2026-09-14T22:19:26.370+0000] {processor.py:186} INFO - Started process (PID=472) to work on /opt/airflow/dags/weather_etl.py
[2026-09-14T22:19:26.373+0000] {processor.py:914} INFO - Processing file /opt/airflow/dags/weather_etl.py for tasks to queue
[2026-09-14T22:19:26.381+0000] {logging_mixin.py:190} INFO - [2026-09-14T22:19:26.379+0000] {dagbag.py:588} INFO - Filling up the DagBag from /opt/airflow/dags/weather_etl.py
[2026-09-14T22:19:27.804+0000] {processor.py:925} INFO - DAG(s) 'weather_etl' retrieved from /opt/airflow/dags/weather_etl.py
[2026-09-14T22:19:27.899+0000] {logging_mixin.py:190} INFO - [2026-09-14T22:19:27.898+0000] {dag.py:3239} INFO - Sync 1 DAGs
[2026-09-14T22:19:28.067+0000] {logging_mixin.py:190} INFO - [2026-09-14T22:19:28.066+0000] {dag.py:4180} INFO - Setting next_dagrun for weather_etl to 2026-09-14 22:00:00+00:00, run_after=2026-09-14 23:00:00+00:00
[2026-09-14T22:19:28.123+0000] {processor.py:208} INFO - Processing /opt/airflow/dags/weather_etl.py took 1.773 seconds
[2026-09-14T22:19:58.663+0000] {processor.py:186} INFO - Started process (PID=478) to work on /opt/airflow/dags/weather_etl.py
[2026-09-14T22:19:58.666+0000] {processor.py:914} INFO - Processing file /opt/airflow/dags/weather_etl.py for tasks to queue
[2026-09-14T22:19:58.673+0000] {logging_mixin.py:190} INFO - [2026-09-14T22:19:58.672+0000] {dagbag.py:588} INFO - Filling up the DagBag from /opt/airflow/dags/weather_etl.py
[2026-09-14T22:20:00.252+0000] {processor.py:925} INFO - DAG(s) 'weather_etl' retrieved from /opt/airflow/dags/weather_etl.py
[2026-09-14T22:20:00.346+0000] {logging_mixin.py:190} INFO - [2026-09-14T22:20:00.345+0000] {dag.py:3239} INFO - Sync 1 DAGs
[2026-09-14T22:20:00.440+0000] {logging_mixin.py:190} INFO - [2026-09-14T22:20:00.440+0000] {dag.py:4180} INFO - Setting next_dagrun for weather_etl to 2026-09-14 22:00:00+00:00, run_after=2026-09-14 23:00:00+00:00
[2026-09-14T22:20:00.527+0000] {processor.py:208} INFO - Processing /opt/airflow/dags/weather_etl.py took 1.883 seconds
[2026-09-14T22:20:31.099+0000] {processor.py:186} INFO - Started process (PID=484) to work on /opt/airflow/dags/weather_etl.py
[2026-09-14T22:20:31.102+0000] {processor.py:914} INFO - Processing file /opt/airflow/dags/weather_etl.py for tasks to queue
[2026-09-14T22:20:31.108+0000] {logging_mixin.py:190} INFO - [2026-09-14T22:20:31.107+0000] {dagbag.py:588} INFO - Filling up the DagBag from /opt/airflow/dags/weather_etl.py
[2026-09-14T22:20:32.410+0000] {processor.py:925} INFO - DAG(s) 'weather_etl' retrieved from /opt/airflow/dags/weather_etl.py
[2026-09-14T22:20:32.501+0000] {logging_mixin.py:190} INFO - [2026-09-14T22:20:32.501+0000] {dag.py:3239} INFO - Sync 1 DAGs
[2026-09-14T22:20:32.578+0000] {logging_mixin.py:190} INFO - [2026-09-14T22:20:32.577+0000] {dag.py:4180} INFO - Setting next_dagrun for weather_etl to 2026-09-14 22:00:00+00:00, run_after=2026-09-14 23:00:00+00:00
[2026-09-14T22:20:32.639+0000] {processor.py:208} INFO - Processing /opt/airflow/dags/weather_etl.py took 1.560 seconds
[2026-09-14T22:21:02.961+0000] {processor.py:186} INFO - Started process (PID=490) to work on /opt/airflow/dags/weather_etl.py
[2026-09-14T22:21:02.964+0000] {processor.py:914} INFO - Processing file /opt/airflow/dags/weather_etl.py for tasks to queue
[2026-09-14T22:21:02.973+0000] {logging_mixin.py:190} INFO - [2026-09-14T22:21:02.971+0000] {dagbag.py:588} INFO - Filling up the DagBag from /opt/airflow/dags/weather_etl.py
[2026-09-14T22:21:04.386+0000] {processor.py:925} INFO - DAG(s) 'weather_etl' retrieved from /opt/airflow/dags/weather_etl.py
[2026-09-14T22:21:04.468+0000] {logging_mixin.py:190} INFO - [2026-09-14T22:21:04.468+0000] {dag.py:3239} INFO - Sync 1 DAGs
[2026-09-14T22:21:04.562+0000] {logging_mixin.py:190} INFO - [2026-09-14T22:21:04.562+0000] {dag.py:4180} INFO - Setting next_dagrun for weather_etl to 2026-09-14 22:00:00+00:00, run_after=2026-09-14 23:00:00+00:00
[2026-09-14T22:21:04.625+0000] {processor.py:208} INFO - Processing /opt/airflow/dags/weather_etl.py took 1.686 seconds
[2026-09-14T22:21:35.157+0000] {processor.py:186} INFO - Started process (PID=496) to work on /opt/airflow/dags/weather_etl.py
[2026-09-14T22:21:35.160+0000] {processor.py:914} INFO - Processing file /opt/airflow/dags/weather_etl.py for tasks to queue
[2026-09-14T22:21:35.166+0000] {logging_mixin.py:190} INFO - [2026-09-14T22:21:35.165+0000] {dagbag.py:588} INFO - Filling up the DagBag from /opt/airflow/dags/weather_etl.py
[2026-09-14T22:21:36.720+0000] {processor.py:925} INFO - DAG(s) 'weather_etl' retrieved from /opt/airflow/dags/weather_etl.py
[2026-09-14T22:21:36.822+0000] {logging_mixin.py:190} INFO - [2026-09-14T22:21:36.821+0000] {dag.py:3239} INFO - Sync 1 DAGs
[2026-09-14T22:21:36.906+0000] {logging_mixin.py:190} INFO - [2026-09-14T22:21:36.905+0000] {dag.py:4180} INFO - Setting next_dagrun for weather_etl to 2026-09-14 22:00:00+00:00, run_after=2026-09-14 23:00:00+00:00
[2026-09-14T22:21:36.967+0000] {processor.py:208} INFO - Processing /opt/airflow/dags/weather_etl.py took 1.829 seconds
[2026-09-14T22:22:07.125+0000] {processor.py:186} INFO - Started process (PID=502) to work on /opt/airflow/dags/weather_etl.py
[2026-09-14T22:22:07.128+0000] {processor.py:914} INFO - Processing file /opt/airflow/dags/weather_etl.py for tasks to queue
[2026-09-14T22:22:07.134+0000] {logging_mixin.py:190} INFO - [2026-09-14T22:22:07.133+0000] {dagbag.py:588} INFO - Filling up the DagBag from /opt/airflow/dags/weather_etl.py
[2026-09-14T22:22:08.565+0000] {processor.py:925} INFO - DAG(s) 'weather_etl' retrieved from /opt/airflow/dags/weather_etl.py
[2026-09-14T22:22:08.656+0000] {logging_mixin.py:190} INFO - [2026-09-14T22:22:08.655+0000] {dag.py:3239} INFO - Sync 1 DAGs
[2026-09-14T22:22:08.738+0000] {logging_mixin.py:190} INFO - [2026-09-14T22:22:08.738+0000] {dag.py:4180} INFO - Setting next_dagrun for weather_etl to 2026-09-14 22:00:00+00:00, run_after=2026-09-14 23:00:00+00:00
[2026-09-14T22:22:08.800+0000] {processor.py:208} INFO - Processing /opt/airflow/dags/weather_etl.py took 1.694 seconds
[2026-09-14T22:22:39.326+0000] {processor.py:186} INFO - Started process (PID=508) to work on /opt/airflow/dags/weather_etl.py
[2026-09-14T22:22:39.330+0000] {processor.py:914} INFO - Processing file /opt/airflow/dags/weather_etl.py for tasks to queue
[2026-09-14T22:22:39.341+0000] {logging_mixin.py:190} INFO - [2026-09-14T22:22:39.338+0000] {dagbag.py:588} INFO - Filling up the DagBag from /opt/airflow/dags/weather_etl.py
[2026-09-14T22:22:40.858+0000] {processor.py:925} INFO - DAG(s) 'weather_etl' retrieved from /opt/airflow/dags/weather_etl.py
[2026-09-14T22:22:40.953+0000] {logging_mixin.py:190} INFO - [2026-09-14T22:22:40.952+0000] {dag.py:3239} INFO - Sync 1 DAGs
[2026-09-14T22:22:41.027+0000] {logging_mixin.py:190} INFO - [2026-09-14T22:22:41.027+0000] {dag.py:4180} INFO - Setting next_dagrun for weather_etl to 2026-09-14 22:00:00+00:00, run_after=2026-09-14 23:00:00+00:00
[2026-09-14T22:22:41.090+0000] {processor.py:208} INFO - Processing /opt/airflow/dags/weather_etl.py took 1.788 seconds
[2026-09-14T22:23:11.334+0000] {processor.py:186} INFO - Started process (PID=514) to work on /opt/airflow/dags/weather_etl.py
[2026-09-14T22:23:11.337+0000] {processor.py:914} INFO - Processing file /opt/airflow/dags/weather_etl.py for tasks to queue
[2026-09-14T22:23:11.342+0000] {logging_mixin.py:190} INFO - [2026-09-14T22:23:11.342+0000] {dagbag.py:588} INFO - Filling up the DagBag from /opt/airflow/dags/weather_etl.py
[2026-09-14T22:23:12.856+0000] {processor.py:925} INFO - DAG(s) 'weather_etl' retrieved from /opt/airflow/dags/weather_etl.py
[2026-09-14T22:23:12.955+0000] {logging_mixin.py:190} INFO - [2026-09-14T22:23:12.955+0000] {dag.py:3239} INFO - Sync 1 DAGs
[2026-09-14T22:23:13.036+0000] {logging_mixin.py:190} INFO - [2026-09-14T22:23:13.035+0000] {dag.py:4180} INFO - Setting next_dagrun for weather_etl to 2026-09-14 22:00:00+00:00, run_after=2026-09-14 23:00:00+00:00
[2026-09-14T22:23:13.090+0000] {processor.py:208} INFO - Processing /opt/airflow/dags/weather_etl.py took 1.776 seconds
[2026-09-14T22:23:43.636+0000] {processor.py:186} INFO - Started process (PID=520) to work on /opt/airflow/dags/weather_etl.py
[2026-09-14T22:23:43.639+0000] {processor.py:914} INFO - Processing file /opt/airflow/dags/weather_etl.py for tasks to queue
[2026-09-14T22:23:43.646+0000] {logging_mixin.py:190} INFO - [2026-09-14T22:23:43.645+0000] {dagbag.py:588} INFO - Filling up the DagBag from /opt/airflow/dags/weather_etl.py
[2026-09-14T22:23:45.090+0000] {processor.py:925} INFO - DAG(s) 'weather_etl' retrieved from /opt/airflow/dags/weather_etl.py
[2026-09-14T22:23:45.197+0000] {logging_mixin.py:190} INFO - [2026-09-14T22:23:45.197+0000] {dag.py:3239} INFO - Sync 1 DAGs
[2026-09-14T22:23:45.304+0000] {logging_mixin.py:190} INFO - [2026-09-14T22:23:45.304+0000] {dag.py:4180} INFO - Setting next_dagrun for weather_etl to 2026-09-14 22:00:00+00:00, run_after=2026-09-14 23:00:00+00:00
[2026-09-14T22:23:45.366+0000] {processor.py:208} INFO - Processing /opt/airflow/dags/weather_etl.py took 1.762 seconds
[2026-09-14T22:24:15.896+0000] {processor.py:186} INFO - Started process (PID=526) to work on /opt/airflow/dags/weather_etl.py
[2026-09-14T22:24:15.900+0000] {processor.py:914} INFO - Processing file /opt/airflow/dags/weather_etl.py for tasks to queue
[2026-09-14T22:24:15.911+0000] {logging_mixin.py:190} INFO - [2026-09-14T22:24:15.908+0000] {dagbag.py:588} INFO - Filling up the DagBag from /opt/airflow/dags/weather_etl.py
[2026-09-14T22:24:17.238+0000] {processor.py:925} INFO - DAG(s) 'weather_etl' retrieved from /opt/airflow/dags/weather_etl.py
[2026-09-14T22:24:17.334+0000] {logging_mixin.py:190} INFO - [2026-09-14T22:24:17.333+0000] {dag.py:3239} INFO - Sync 1 DAGs
[2026-09-14T22:24:17.420+0000] {logging_mixin.py:190} INFO - [2026-09-14T22:24:17.420+0000] {dag.py:4180} INFO - Setting next_dagrun for weather_etl to 2026-09-14 22:00:00+00:00, run_after=2026-09-14 23:00:00+00:00
[2026-09-14T22:24:17.478+0000] {processor.py:208} INFO - Processing /opt/airflow/dags/weather_etl.py took 1.604 seconds
[2026-09-14T22:24:47.925+0000] {processor.py:186} INFO - Started process (PID=532) to work on /opt/airflow/dags/weather_etl.py
[2026-09-14T22:24:47.928+0000] {processor.py:914} INFO - Processing file /opt/airflow/dags/weather_etl.py for tasks to queue
[2026-09-14T22:24:47.936+0000] {logging_mixin.py:190} INFO - [2026-09-14T22:24:47.934+0000] {dagbag.py:588} INFO - Filling up the DagBag from /opt/airflow/dags/weather_etl.py
[2026-09-14T22:24:49.298+0000] {processor.py:925} INFO - DAG(s) 'weather_etl' retrieved from /opt/airflow/dags/weather_etl.py
[2026-09-14T22:24:49.418+0000] {logging_mixin.py:190} INFO - [2026-09-14T22:24:49.418+0000] {dag.py:3239} INFO - Sync 1 DAGs
[2026-09-14T22:24:49.539+0000] {logging_mixin.py:190} INFO - [2026-09-14T22:24:49.538+0000] {dag.py:4180} INFO - Setting next_dagrun for weather_etl to 2026-09-14 22:00:00+00:00, run_after=2026-09-14 23:00:00+00:00
[2026-09-14T22:24:49.619+0000] {processor.py:208} INFO - Processing /opt/airflow/dags/weather_etl.py took 1.710 seconds
[2026-09-14T22:25:20.154+0000] {processor.py:186} INFO - Started process (PID=538) to work on /opt/airflow/dags/weather_etl.py
[2026-09-14T22:25:20.157+0000] {processor.py:914} INFO - Processing file /opt/airflow/dags/weather_etl.py for tasks to queue
[2026-09-14T22:25:20.164+0000] {logging_mixin.py:190} INFO - [2026-09-14T22:25:20.163+0000] {dagbag.py:588} INFO - Filling up the DagBag from /opt/airflow/dags/weather_etl.py
[2026-09-14T22:25:21.499+0000] {processor.py:925} INFO - DAG(s) 'weather_etl' retrieved from /opt/airflow/dags/weather_etl.py
[2026-09-14T22:25:21.591+0000] {logging_mixin.py:190} INFO - [2026-09-14T22:25:21.590+0000] {dag.py:3239} INFO - Sync 1 DAGs
[2026-09-14T22:25:21.678+0000] {logging_mixin.py:190} INFO - [2026-09-14T22:25:21.677+0000] {dag.py:4180} INFO - Setting next_dagrun for weather_etl to 2026-09-14 22:00:00+00:00, run_after=2026-09-14 23:00:00+00:00
[2026-09-14T22:25:21.740+0000] {processor.py:208} INFO - Processing /opt/airflow/dags/weather_etl.py took 1.605 seconds
[2026-09-14T22:25:52.265+0000] {processor.py:186} INFO - Started process (PID=544) to work on /opt/airflow/dags/weather_etl.py
[2026-09-14T22:25:52.269+0000] {processor.py:914} INFO - Processing file /opt/airflow/dags/weather_etl.py for tasks to queue
[2026-09-14T22:25:52.275+0000] {logging_mixin.py:190} INFO - [2026-09-14T22:25:52.274+0000] {dagbag.py:588} INFO - Filling up the DagBag from /opt/airflow/dags/weather_etl.py
[2026-09-14T22:25:53.530+0000] {processor.py:925} INFO - DAG(s) 'weather_etl' retrieved from /opt/airflow/dags/weather_etl.py
[2026-09-14T22:25:53.610+0000] {logging_mixin.py:190} INFO - [2026-09-14T22:25:53.610+0000] {dag.py:3239} INFO - Sync 1 DAGs
[2026-09-14T22:25:53.699+0000] {logging_mixin.py:190} INFO - [2026-09-14T22:25:53.698+0000] {dag.py:4180} INFO - Setting next_dagrun for weather_etl to 2026-09-14 22:00:00+00:00, run_after=2026-09-14 23:00:00+00:00
[2026-09-14T22:25:53.752+0000] {processor.py:208} INFO - Processing /opt/airflow/dags/weather_etl.py took 1.507 seconds
[2026-09-14T22:26:24.235+0000] {processor.py:186} INFO - Started process (PID=550) to work on /opt/airflow/dags/weather_etl.py
[2026-09-14T22:26:24.238+0000] {processor.py:914} INFO - Processing file /opt/airflow/dags/weather_etl.py for tasks to queue
[2026-09-14T22:26:24.245+0000] {logging_mixin.py:190} INFO - [2026-09-14T22:26:24.244+0000] {dagbag.py:588} INFO - Filling up the DagBag from /opt/airflow/dags/weather_etl.py
[2026-09-14T22:26:25.534+0000] {processor.py:925} INFO - DAG(s) 'weather_etl' retrieved from /opt/airflow/dags/weather_etl.py
[2026-09-14T22:26:25.653+0000] {logging_mixin.py:190} INFO - [2026-09-14T22:26:25.652+0000] {dag.py:3239} INFO - Sync 1 DAGs
[2026-09-14T22:26:25.729+0000] {logging_mixin.py:190} INFO - [2026-09-14T22:26:25.729+0000] {dag.py:4180} INFO - Setting next_dagrun for weather_etl to 2026-09-14 22:00:00+00:00, run_after=2026-09-14 23:00:00+00:00
[2026-09-14T22:26:25.787+0000] {processor.py:208} INFO - Processing /opt/airflow/dags/weather_etl.py took 1.567 seconds
[2026-09-14T22:26:56.466+0000] {processor.py:186} INFO - Started process (PID=556) to work on /opt/airflow/dags/weather_etl.py
[2026-09-14T22:26:56.469+0000] {processor.py:914} INFO - Processing file /opt/airflow/dags/weather_etl.py for tasks to queue
[2026-09-14T22:26:56.475+0000] {logging_mixin.py:190} INFO - [2026-09-14T22:26:56.474+0000] {dagbag.py:588} INFO - Filling up the DagBag from /opt/airflow/dags/weather_etl.py
[2026-09-14T22:26:57.907+0000] {processor.py:925} INFO - DAG(s) 'weather_etl' retrieved from /opt/airflow/dags/weather_etl.py
[2026-09-14T22:26:58.003+0000] {logging_mixin.py:190} INFO - [2026-09-14T22:26:58.003+0000] {dag.py:3239} INFO - Sync 1 DAGs
[2026-09-14T22:26:58.086+0000] {logging_mixin.py:190} INFO - [2026-09-14T22:26:58.085+0000] {dag.py:4180} INFO - Setting next_dagrun for weather_etl to 2026-09-14 22:00:00+00:00, run_after=2026-09-14 23:00:00+00:00
[2026-09-14T22:26:58.144+0000] {processor.py:208} INFO - Processing /opt/airflow/dags/weather_etl.py took 1.704 seconds
[2026-09-14T22:27:28.689+0000] {processor.py:186} INFO - Started process (PID=562) to work on /opt/airflow/dags/weather_etl.py
[2026-09-14T22:27:28.692+0000] {processor.py:914} INFO - Processing file /opt/airflow/dags/weather_etl.py for tasks to queue
[2026-09-14T22:27:28.700+0000] {logging_mixin.py:190} INFO - [2026-09-14T22:27:28.698+0000] {dagbag.py:588} INFO - Filling up the DagBag from /opt/airflow/dags/weather_etl.py
[2026-09-14T22:27:30.285+0000] {processor.py:925} INFO - DAG(s) 'weather_etl' retrieved from /opt/airflow/dags/weather_etl.py
[2026-09-14T22:27:30.383+0000] {logging_mixin.py:190} INFO - [2026-09-14T22:27:30.382+0000] {dag.py:3239} INFO - Sync 1 DAGs
[2026-09-14T22:27:30.468+0000] {logging_mixin.py:190} INFO - [2026-09-14T22:27:30.467+0000] {dag.py:4180} INFO - Setting next_dagrun for weather_etl to 2026-09-14 22:00:00+00:00, run_after=2026-09-14 23:00:00+00:00
[2026-09-14T22:27:30.529+0000] {processor.py:208} INFO - Processing /opt/airflow/dags/weather_etl.py took 1.861 seconds
[2026-09-14T22:28:01.057+0000] {processor.py:186} INFO - Started process (PID=568) to work on /opt/airflow/dags/weather_etl.py
[2026-09-14T22:28:01.060+0000] {processor.py:914} INFO - Processing file /opt/airflow/dags/weather_etl.py for tasks to queue
[2026-09-14T22:28:01.066+0000] {logging_mixin.py:190} INFO - [2026-09-14T22:28:01.065+0000] {dagbag.py:588} INFO - Filling up the DagBag from /opt/airflow/dags/weather_etl.py
[2026-09-14T22:28:02.459+0000] {processor.py:925} INFO - DAG(s) 'weather_etl' retrieved from /opt/airflow/dags/weather_etl.py
[2026-09-14T22:28:02.546+0000] {logging_mixin.py:190} INFO - [2026-09-14T22:28:02.546+0000] {dag.py:3239} INFO - Sync 1 DAGs
[2026-09-14T22:28:02.625+0000] {logging_mixin.py:190} INFO - [2026-09-14T22:28:02.625+0000] {dag.py:4180} INFO - Setting next_dagrun for weather_etl to 2026-09-14 22:00:00+00:00, run_after=2026-09-14 23:00:00+00:00
[2026-09-14T22:28:02.687+0000] {processor.py:208} INFO - Processing /opt/airflow/dags/weather_etl.py took 1.646 seconds
[2026-09-14T22:28:32.965+0000] {processor.py:186} INFO - Started process (PID=574) to work on /opt/airflow/dags/weather_etl.py
[2026-09-14T22:28:32.967+0000] {processor.py:914} INFO - Processing file /opt/airflow/dags/weather_etl.py for tasks to queue
[2026-09-14T22:28:32.973+0000] {logging_mixin.py:190} INFO - [2026-09-14T22:28:32.972+0000] {dagbag.py:588} INFO - Filling up the DagBag from /opt/airflow/dags/weather_etl.py
[2026-09-14T22:28:34.406+0000] {processor.py:925} INFO - DAG(s) 'weather_etl' retrieved from /opt/airflow/dags/weather_etl.py
[2026-09-14T22:28:34.498+0000] {logging_mixin.py:190} INFO - [2026-09-14T22:28:34.497+0000] {dag.py:3239} INFO - Sync 1 DAGs
[2026-09-14T22:28:34.586+0000] {logging_mixin.py:190} INFO - [2026-09-14T22:28:34.585+0000] {dag.py:4180} INFO - Setting next_dagrun for weather_etl to 2026-09-14 22:00:00+00:00, run_after=2026-09-14 23:00:00+00:00
[2026-09-14T22:28:34.646+0000] {processor.py:208} INFO - Processing /opt/airflow/dags/weather_etl.py took 1.696 seconds
[2026-09-14T22:29:05.176+0000] {processor.py:186} INFO - Started process (PID=580) to work on /opt/airflow/dags/weather_etl.py
[2026-09-14T22:29:05.179+0000] {processor.py:914} INFO - Processing file /opt/airflow/dags/weather_etl.py for tasks to queue
[2026-09-14T22:29:05.185+0000] {logging_mixin.py:190} INFO - [2026-09-14T22:29:05.184+0000] {dagbag.py:588} INFO - Filling up the DagBag from /opt/airflow/dags/weather_etl.py
[2026-09-14T22:29:06.646+0000] {processor.py:925} INFO - DAG(s) 'weather_etl' retrieved from /opt/airflow/dags/weather_etl.py
[2026-09-14T22:29:06.749+0000] {logging_mixin.py:190} INFO - [2026-09-14T22:29:06.749+0000] {dag.py:3239} INFO - Sync 1 DAGs
[2026-09-14T22:29:06.839+0000] {logging_mixin.py:190} INFO - [2026-09-14T22:29:06.838+0000] {dag.py:4180} INFO - Setting next_dagrun for weather_etl to 2026-09-14 22:00:00+00:00, run_after=2026-09-14 23:00:00+00:00
[2026-09-14T22:29:06.893+0000] {processor.py:208} INFO - Processing /opt/airflow/dags/weather_etl.py took 1.736 seconds
[2026-09-14T22:29:37.063+0000] {processor.py:186} INFO - Started process (PID=586) to work on /opt/airflow/dags/weather_etl.py
[2026-09-14T22:29:37.065+0000] {processor.py:914} INFO - Processing file /opt/airflow/dags/weather_etl.py for tasks to queue
[2026-09-14T22:29:37.073+0000] {logging_mixin.py:190} INFO - [2026-09-14T22:29:37.072+0000] {dagbag.py:588} INFO - Filling up the DagBag from /opt/airflow/dags/weather_etl.py
[2026-09-14T22:29:38.378+0000] {processor.py:925} INFO - DAG(s) 'weather_etl' retrieved from /opt/airflow/dags/weather_etl.py
[2026-09-14T22:29:38.482+0000] {logging_mixin.py:190} INFO - [2026-09-14T22:29:38.482+0000] {dag.py:3239} INFO - Sync 1 DAGs
[2026-09-14T22:29:38.580+0000] {logging_mixin.py:190} INFO - [2026-09-14T22:29:38.580+0000] {dag.py:4180} INFO - Setting next_dagrun for weather_etl to 2026-09-14 22:00:00+00:00, run_after=2026-09-14 23:00:00+00:00
[2026-09-14T22:29:38.648+0000] {processor.py:208} INFO - Processing /opt/airflow/dags/weather_etl.py took 1.605 seconds
[2026-09-14T22:30:08.831+0000] {processor.py:186} INFO - Started process (PID=592) to work on /opt/airflow/dags/weather_etl.py
[2026-09-14T22:30:08.834+0000] {processor.py:914} INFO - Processing file /opt/airflow/dags/weather_etl.py for tasks to queue
[2026-09-14T22:30:08.841+0000] {logging_mixin.py:190} INFO - [2026-09-14T22:30:08.840+0000] {dagbag.py:588} INFO - Filling up the DagBag from /opt/airflow/dags/weather_etl.py
[2026-09-14T22:30:10.448+0000] {processor.py:925} INFO - DAG(s) 'weather_etl' retrieved from /opt/airflow/dags/weather_etl.py
[2026-09-14T22:30:10.539+0000] {logging_mixin.py:190} INFO - [2026-09-14T22:30:10.538+0000] {dag.py:3239} INFO - Sync 1 DAGs
[2026-09-14T22:30:10.610+0000] {logging_mixin.py:190} INFO - [2026-09-14T22:30:10.610+0000] {dag.py:4180} INFO - Setting next_dagrun for weather_etl to 2026-09-14 22:00:00+00:00, run_after=2026-09-14 23:00:00+00:00
[2026-09-14T22:30:10.673+0000] {processor.py:208} INFO - Processing /opt/airflow/dags/weather_etl.py took 1.859 seconds
[2026-09-14T22:30:41.209+0000] {processor.py:186} INFO - Started process (PID=598) to work on /opt/airflow/dags/weather_etl.py
[2026-09-14T22:30:41.211+0000] {processor.py:914} INFO - Processing file /opt/airflow/dags/weather_etl.py for tasks to queue
[2026-09-14T22:30:41.217+0000] {logging_mixin.py:190} INFO - [2026-09-14T22:30:41.216+0000] {dagbag.py:588} INFO - Filling up the DagBag from /opt/airflow/dags/weather_etl.py
[2026-09-14T22:30:42.681+0000] {processor.py:925} INFO - DAG(s) 'weather_etl' retrieved from /opt/airflow/dags/weather_etl.py
[2026-09-14T22:30:42.775+0000] {logging_mixin.py:190} INFO - [2026-09-14T22:30:42.775+0000] {dag.py:3239} INFO - Sync 1 DAGs
[2026-09-14T22:30:42.864+0000] {logging_mixin.py:190} INFO - [2026-09-14T22:30:42.864+0000] {dag.py:4180} INFO - Setting next_dagrun for weather_etl to 2026-09-14 22:00:00+00:00, run_after=2026-09-14 23:00:00+00:00
[2026-09-14T22:30:42.923+0000] {processor.py:208} INFO - Processing /opt/airflow/dags/weather_etl.py took 1.730 seconds
[2026-09-14T22:31:13.463+0000] {processor.py:186} INFO - Started process (PID=604) to work on /opt/airflow/dags/weather_etl.py
[2026-09-14T22:31:13.467+0000] {processor.py:914} INFO - Processing file /opt/airflow/dags/weather_etl.py for tasks to queue
[2026-09-14T22:31:13.475+0000] {logging_mixin.py:190} INFO - [2026-09-14T22:31:13.474+0000] {dagbag.py:588} INFO - Filling up the DagBag from /opt/airflow/dags/weather_etl.py
[2026-09-14T22:31:14.802+0000] {processor.py:925} INFO - DAG(s) 'weather_etl' retrieved from /opt/airflow/dags/weather_etl.py
[2026-09-14T22:31:14.882+0000] {logging_mixin.py:190} INFO - [2026-09-14T22:31:14.881+0000] {dag.py:3239} INFO - Sync 1 DAGs
[2026-09-14T22:31:14.969+0000] {logging_mixin.py:190} INFO - [2026-09-14T22:31:14.968+0000] {dag.py:4180} INFO - Setting next_dagrun for weather_etl to 2026-09-14 22:00:00+00:00, run_after=2026-09-14 23:00:00+00:00
[2026-09-14T22:31:15.029+0000] {processor.py:208} INFO - Processing /opt/airflow/dags/weather_etl.py took 1.587 seconds
[2026-09-14T22:31:45.459+0000] {processor.py:186} INFO - Started process (PID=610) to work on /opt/airflow/dags/weather_etl.py
[2026-09-14T22:31:45.462+0000] {processor.py:914} INFO - Processing file /opt/airflow/dags/weather_etl.py for tasks to queue
[2026-09-14T22:31:45.469+0000] {logging_mixin.py:190} INFO - [2026-09-14T22:31:45.468+0000] {dagbag.py:588} INFO - Filling up the DagBag from /opt/airflow/dags/weather_etl.py
[2026-09-14T22:31:46.895+0000] {processor.py:925} INFO - DAG(s) 'weather_etl' retrieved from /opt/airflow/dags/weather_etl.py
[2026-09-14T22:31:47.002+0000] {logging_mixin.py:190} INFO - [2026-09-14T22:31:47.001+0000] {dag.py:3239} INFO - Sync 1 DAGs
[2026-09-14T22:31:47.092+0000] {logging_mixin.py:190} INFO - [2026-09-14T22:31:47.092+0000] {dag.py:4180} INFO - Setting next_dagrun for weather_etl to 2026-09-14 22:00:00+00:00, run_after=2026-09-14 23:00:00+00:00
[2026-09-14T22:31:47.154+0000] {processor.py:208} INFO - Processing /opt/airflow/dags/weather_etl.py took 1.714 seconds
[2026-09-14T22:32:17.704+0000] {processor.py:186} INFO - Started process (PID=616) to work on /opt/airflow/dags/weather_etl.py
[2026-09-14T22:32:17.708+0000] {processor.py:914} INFO - Processing file /opt/airflow/dags/weather_etl.py for tasks to queue
[2026-09-14T22:32:17.716+0000] {logging_mixin.py:190} INFO - [2026-09-14T22:32:17.715+0000] {dagbag.py:588} INFO - Filling up the DagBag from /opt/airflow/dags/weather_etl.py
[2026-09-14T22:32:19.074+0000] {processor.py:925} INFO - DAG(s) 'weather_etl' retrieved from /opt/airflow/dags/weather_etl.py
[2026-09-14T22:32:19.175+0000] {logging_mixin.py:190} INFO - [2026-09-14T22:32:19.174+0000] {dag.py:3239} INFO - Sync 1 DAGs
[2026-09-14T22:32:19.250+0000] {logging_mixin.py:190} INFO - [2026-09-14T22:32:19.249+0000] {dag.py:4180} INFO - Setting next_dagrun for weather_etl to 2026-09-14 22:00:00+00:00, run_after=2026-09-14 23:00:00+00:00
[2026-09-14T22:32:19.305+0000] {processor.py:208} INFO - Processing /opt/airflow/dags/weather_etl.py took 1.623 seconds
[2026-09-14T22:32:49.843+0000] {processor.py:186} INFO - Started process (PID=622) to work on /opt/airflow/dags/weather_etl.py
[2026-09-14T22:32:49.846+0000] {processor.py:914} INFO - Processing file /opt/airflow/dags/weather_etl.py for tasks to queue
[2026-09-14T22:32:49.853+0000] {logging_mixin.py:190} INFO - [2026-09-14T22:32:49.852+0000] {dagbag.py:588} INFO - Filling up the DagBag from /opt/airflow/dags/weather_etl.py
[2026-09-14T22:32:51.196+0000] {processor.py:925} INFO - DAG(s) 'weather_etl' retrieved from /opt/airflow/dags/weather_etl.py
[2026-09-14T22:32:51.297+0000] {logging_mixin.py:190} INFO - [2026-09-14T22:32:51.297+0000] {dag.py:3239} INFO - Sync 1 DAGs
[2026-09-14T22:32:51.376+0000] {logging_mixin.py:190} INFO - [2026-09-14T22:32:51.375+0000] {dag.py:4180} INFO - Setting next_dagrun for weather_etl to 2026-09-14 22:00:00+00:00, run_after=2026-09-14 23:00:00+00:00
[2026-09-14T22:32:51.440+0000] {processor.py:208} INFO - Processing /opt/airflow/dags/weather_etl.py took 1.617 seconds
[2026-09-14T22:33:21.872+0000] {processor.py:186} INFO - Started process (PID=628) to work on /opt/airflow/dags/weather_etl.py
[2026-09-14T22:33:21.875+0000] {processor.py:914} INFO - Processing file /opt/airflow/dags/weather_etl.py for tasks to queue
[2026-09-14T22:33:21.883+0000] {logging_mixin.py:190} INFO - [2026-09-14T22:33:21.882+0000] {dagbag.py:588} INFO - Filling up the DagBag from /opt/airflow/dags/weather_etl.py
[2026-09-14T22:33:23.489+0000] {processor.py:925} INFO - DAG(s) 'weather_etl' retrieved from /opt/airflow/dags/weather_etl.py
[2026-09-14T22:33:23.578+0000] {logging_mixin.py:190} INFO - [2026-09-14T22:33:23.577+0000] {dag.py:3239} INFO - Sync 1 DAGs
[2026-09-14T22:33:23.662+0000] {logging_mixin.py:190} INFO - [2026-09-14T22:33:23.662+0000] {dag.py:4180} INFO - Setting next_dagrun for weather_etl to 2026-09-14 22:00:00+00:00, run_after=2026-09-14 23:00:00+00:00
[2026-09-14T22:33:23.722+0000] {processor.py:208} INFO - Processing /opt/airflow/dags/weather_etl.py took 1.865 seconds
[2026-09-14T22:33:54.259+0000] {processor.py:186} INFO - Started process (PID=634) to work on /opt/airflow/dags/weather_etl.py
[2026-09-14T22:33:54.263+0000] {processor.py:914} INFO - Processing file /opt/airflow/dags/weather_etl.py for tasks to queue
[2026-09-14T22:33:54.270+0000] {logging_mixin.py:190} INFO - [2026-09-14T22:33:54.269+0000] {dagbag.py:588} INFO - Filling up the DagBag from /opt/airflow/dags/weather_etl.py
[2026-09-14T22:33:55.560+0000] {processor.py:925} INFO - DAG(s) 'weather_etl' retrieved from /opt/airflow/dags/weather_etl.py
[2026-09-14T22:33:55.652+0000] {logging_mixin.py:190} INFO - [2026-09-14T22:33:55.652+0000] {dag.py:3239} INFO - Sync 1 DAGs
[2026-09-14T22:33:55.720+0000] {logging_mixin.py:190} INFO - [2026-09-14T22:33:55.720+0000] {dag.py:4180} INFO - Setting next_dagrun for weather_etl to 2026-09-14 22:00:00+00:00, run_after=2026-09-14 23:00:00+00:00
[2026-09-14T22:33:55.776+0000] {processor.py:208} INFO - Processing /opt/airflow/dags/weather_etl.py took 1.533 seconds
[2026-09-14T22:34:26.290+0000] {processor.py:186} INFO - Started process (PID=640) to work on /opt/airflow/dags/weather_etl.py
[2026-09-14T22:34:26.293+0000] {processor.py:914} INFO - Processing file /opt/airflow/dags/weather_etl.py for tasks to queue
[2026-09-14T22:34:26.300+0000] {logging_mixin.py:190} INFO - [2026-09-14T22:34:26.299+0000] {dagbag.py:588} INFO - Filling up the DagBag from /opt/airflow/dags/weather_etl.py
[2026-09-14T22:34:27.732+0000] {processor.py:925} INFO - DAG(s) 'weather_etl' retrieved from /opt/airflow/dags/weather_etl.py
[2026-09-14T22:34:27.878+0000] {logging_mixin.py:190} INFO - [2026-09-14T22:34:27.877+0000] {dag.py:3239} INFO - Sync 1 DAGs
[2026-09-14T22:34:27.963+0000] {logging_mixin.py:190} INFO - [2026-09-14T22:34:27.963+0000] {dag.py:4180} INFO - Setting next_dagrun for weather_etl to 2026-09-14 22:00:00+00:00, run_after=2026-09-14 23:00:00+00:00
[2026-09-14T22:34:28.031+0000] {processor.py:208} INFO - Processing /opt/airflow/dags/weather_etl.py took 1.760 seconds
[2026-09-14T22:34:58.191+0000] {processor.py:186} INFO - Started process (PID=646) to work on /opt/airflow/dags/weather_etl.py
[2026-09-14T22:34:58.194+0000] {processor.py:914} INFO - Processing file /opt/airflow/dags/weather_etl.py for tasks to queue
[2026-09-14T22:34:58.202+0000] {logging_mixin.py:190} INFO - [2026-09-14T22:34:58.201+0000] {dagbag.py:588} INFO - Filling up the DagBag from /opt/airflow/dags/weather_etl.py
[2026-09-14T22:34:59.574+0000] {processor.py:925} INFO - DAG(s) 'weather_etl' retrieved from /opt/airflow/dags/weather_etl.py
[2026-09-14T22:34:59.696+0000] {logging_mixin.py:190} INFO - [2026-09-14T22:34:59.695+0000] {dag.py:3239} INFO - Sync 1 DAGs
[2026-09-14T22:34:59.804+0000] {logging_mixin.py:190} INFO - [2026-09-14T22:34:59.803+0000] {dag.py:4180} INFO - Setting next_dagrun for weather_etl to 2026-09-14 22:00:00+00:00, run_after=2026-09-14 23:00:00+00:00
[2026-09-14T22:34:59.862+0000] {processor.py:208} INFO - Processing /opt/airflow/dags/weather_etl.py took 1.690 seconds
[2026-09-14T22:35:30.403+0000] {processor.py:186} INFO - Started process (PID=652) to work on /opt/airflow/dags/weather_etl.py
[2026-09-14T22:35:30.406+0000] {processor.py:914} INFO - Processing file /opt/airflow/dags/weather_etl.py for tasks to queue
[2026-09-14T22:35:30.415+0000] {logging_mixin.py:190} INFO - [2026-09-14T22:35:30.414+0000] {dagbag.py:588} INFO - Filling up the DagBag from /opt/airflow/dags/weather_etl.py
[2026-09-14T22:35:31.900+0000] {processor.py:925} INFO - DAG(s) 'weather_etl' retrieved from /opt/airflow/dags/weather_etl.py
[2026-09-14T22:35:31.996+0000] {logging_mixin.py:190} INFO - [2026-09-14T22:35:31.995+0000] {dag.py:3239} INFO - Sync 1 DAGs
[2026-09-14T22:35:32.081+0000] {logging_mixin.py:190} INFO - [2026-09-14T22:35:32.081+0000] {dag.py:4180} INFO - Setting next_dagrun for weather_etl to 2026-09-14 22:00:00+00:00, run_after=2026-09-14 23:00:00+00:00
[2026-09-14T22:35:32.143+0000] {processor.py:208} INFO - Processing /opt/airflow/dags/weather_etl.py took 1.764 seconds
[2026-09-14T22:36:02.387+0000] {processor.py:186} INFO - Started process (PID=658) to work on /opt/airflow/dags/weather_etl.py
[2026-09-14T22:36:02.390+0000] {processor.py:914} INFO - Processing file /opt/airflow/dags/weather_etl.py for tasks to queue
[2026-09-14T22:36:02.395+0000] {logging_mixin.py:190} INFO - [2026-09-14T22:36:02.394+0000] {dagbag.py:588} INFO - Filling up the DagBag from /opt/airflow/dags/weather_etl.py
[2026-09-14T22:36:03.761+0000] {processor.py:925} INFO - DAG(s) 'weather_etl' retrieved from /opt/airflow/dags/weather_etl.py
[2026-09-14T22:36:03.895+0000] {logging_mixin.py:190} INFO - [2026-09-14T22:36:03.894+0000] {dag.py:3239} INFO - Sync 1 DAGs
[2026-09-14T22:36:04.069+0000] {logging_mixin.py:190} INFO - [2026-09-14T22:36:04.069+0000] {dag.py:4180} INFO - Setting next_dagrun for weather_etl to 2026-09-14 22:00:00+00:00, run_after=2026-09-14 23:00:00+00:00
[2026-09-14T22:36:04.144+0000] {processor.py:208} INFO - Processing /opt/airflow/dags/weather_etl.py took 1.772 seconds
[2026-09-14T22:36:34.692+0000] {processor.py:186} INFO - Started process (PID=664) to work on /opt/airflow/dags/weather_etl.py
[2026-09-14T22:36:34.695+0000] {processor.py:914} INFO - Processing file /opt/airflow/dags/weather_etl.py for tasks to queue
[2026-09-14T22:36:34.703+0000] {logging_mixin.py:190} INFO - [2026-09-14T22:36:34.701+0000] {dagbag.py:588} INFO - Filling up the DagBag from /opt/airflow/dags/weather_etl.py
[2026-09-14T22:36:36.120+0000] {processor.py:925} INFO - DAG(s) 'weather_etl' retrieved from /opt/airflow/dags/weather_etl.py
[2026-09-14T22:36:36.223+0000] {logging_mixin.py:190} INFO - [2026-09-14T22:36:36.223+0000] {dag.py:3239} INFO - Sync 1 DAGs
[2026-09-14T22:36:36.305+0000] {logging_mixin.py:190} INFO - [2026-09-14T22:36:36.304+0000] {dag.py:4180} INFO - Setting next_dagrun for weather_etl to 2026-09-14 22:00:00+00:00, run_after=2026-09-14 23:00:00+00:00
[2026-09-14T22:36:36.360+0000] {processor.py:208} INFO - Processing /opt/airflow/dags/weather_etl.py took 1.692 seconds
[2026-09-14T22:37:06.489+0000] {processor.py:186} INFO - Started process (PID=670) to work on /opt/airflow/dags/weather_etl.py
[2026-09-14T22:37:06.491+0000] {processor.py:914} INFO - Processing file /opt/airflow/dags/weather_etl.py for tasks to queue
[2026-09-14T22:37:06.496+0000] {logging_mixin.py:190} INFO - [2026-09-14T22:37:06.495+0000] {dagbag.py:588} INFO - Filling up the DagBag from /opt/airflow/dags/weather_etl.py
[2026-09-14T22:37:07.850+0000] {processor.py:925} INFO - DAG(s) 'weather_etl' retrieved from /opt/airflow/dags/weather_etl.py
[2026-09-14T22:37:07.942+0000] {logging_mixin.py:190} INFO - [2026-09-14T22:37:07.942+0000] {dag.py:3239} INFO - Sync 1 DAGs
[2026-09-14T22:37:08.010+0000] {logging_mixin.py:190} INFO - [2026-09-14T22:37:08.009+0000] {dag.py:4180} INFO - Setting next_dagrun for weather_etl to 2026-09-14 22:00:00+00:00, run_after=2026-09-14 23:00:00+00:00
[2026-09-14T22:37:08.067+0000] {processor.py:208} INFO - Processing /opt/airflow/dags/weather_etl.py took 1.592 seconds
[2026-09-14T22:37:38.360+0000] {processor.py:186} INFO - Started process (PID=676) to work on /opt/airflow/dags/weather_etl.py
[2026-09-14T22:37:38.363+0000] {processor.py:914} INFO - Processing file /opt/airflow/dags/weather_etl.py for tasks to queue
[2026-09-14T22:37:38.368+0000] {logging_mixin.py:190} INFO - [2026-09-14T22:37:38.367+0000] {dagbag.py:588} INFO - Filling up the DagBag from /opt/airflow/dags/weather_etl.py
[2026-09-14T22:37:39.624+0000] {processor.py:925} INFO - DAG(s) 'weather_etl' retrieved from /opt/airflow/dags/weather_etl.py
[2026-09-14T22:37:39.722+0000] {logging_mixin.py:190} INFO - [2026-09-14T22:37:39.722+0000] {dag.py:3239} INFO - Sync 1 DAGs
[2026-09-14T22:37:39.848+0000] {logging_mixin.py:190} INFO - [2026-09-14T22:37:39.847+0000] {dag.py:4180} INFO - Setting next_dagrun for weather_etl to 2026-09-14 22:00:00+00:00, run_after=2026-09-14 23:00:00+00:00
[2026-09-14T22:37:39.917+0000] {processor.py:208} INFO - Processing /opt/airflow/dags/weather_etl.py took 1.571 seconds
[2026-09-14T22:38:10.426+0000] {processor.py:186} INFO - Started process (PID=682) to work on /opt/airflow/dags/weather_etl.py
[2026-09-14T22:38:10.428+0000] {processor.py:914} INFO - Processing file /opt/airflow/dags/weather_etl.py for tasks to queue
[2026-09-14T22:38:10.433+0000] {logging_mixin.py:190} INFO - [2026-09-14T22:38:10.433+0000] {dagbag.py:588} INFO - Filling up the DagBag from /opt/airflow/dags/weather_etl.py
[2026-09-14T22:38:11.825+0000] {processor.py:925} INFO - DAG(s) 'weather_etl' retrieved from /opt/airflow/dags/weather_etl.py
[2026-09-14T22:38:11.942+0000] {logging_mixin.py:190} INFO - [2026-09-14T22:38:11.941+0000] {dag.py:3239} INFO - Sync 1 DAGs
[2026-09-14T22:38:12.029+0000] {logging_mixin.py:190} INFO - [2026-09-14T22:38:12.029+0000] {dag.py:4180} INFO - Setting next_dagrun for weather_etl to 2026-09-14 22:00:00+00:00, run_after=2026-09-14 23:00:00+00:00
[2026-09-14T22:38:12.088+0000] {processor.py:208} INFO - Processing /opt/airflow/dags/weather_etl.py took 1.676 seconds
[2026-09-14T22:38:42.406+0000] {processor.py:186} INFO - Started process (PID=688) to work on /opt/airflow/dags/weather_etl.py
[2026-09-14T22:38:42.409+0000] {processor.py:914} INFO - Processing file /opt/airflow/dags/weather_etl.py for tasks to queue
[2026-09-14T22:38:42.417+0000] {logging_mixin.py:190} INFO - [2026-09-14T22:38:42.417+0000] {dagbag.py:588} INFO - Filling up the DagBag from /opt/airflow/dags/weather_etl.py
[2026-09-14T22:38:43.884+0000] {processor.py:925} INFO - DAG(s) 'weather_etl' retrieved from /opt/airflow/dags/weather_etl.py
[2026-09-14T22:38:44.012+0000] {logging_mixin.py:190} INFO - [2026-09-14T22:38:44.011+0000] {dag.py:3239} INFO - Sync 1 DAGs
[2026-09-14T22:38:44.104+0000] {logging_mixin.py:190} INFO - [2026-09-14T22:38:44.103+0000] {dag.py:4180} INFO - Setting next_dagrun for weather_etl to 2026-09-14 22:00:00+00:00, run_after=2026-09-14 23:00:00+00:00
[2026-09-14T22:38:44.164+0000] {processor.py:208} INFO - Processing /opt/airflow/dags/weather_etl.py took 1.778 seconds
[2026-09-14T22:39:14.695+0000] {processor.py:186} INFO - Started process (PID=694) to work on /opt/airflow/dags/weather_etl.py
[2026-09-14T22:39:14.698+0000] {processor.py:914} INFO - Processing file /opt/airflow/dags/weather_etl.py for tasks to queue
[2026-09-14T22:39:14.706+0000] {logging_mixin.py:190} INFO - [2026-09-14T22:39:14.705+0000] {dagbag.py:588} INFO - Filling up the DagBag from /opt/airflow/dags/weather_etl.py
[2026-09-14T22:39:16.005+0000] {processor.py:925} INFO - DAG(s) 'weather_etl' retrieved from /opt/airflow/dags/weather_etl.py
[2026-09-14T22:39:16.095+0000] {logging_mixin.py:190} INFO - [2026-09-14T22:39:16.095+0000] {dag.py:3239} INFO - Sync 1 DAGs
[2026-09-14T22:39:16.162+0000] {logging_mixin.py:190} INFO - [2026-09-14T22:39:16.162+0000] {dag.py:4180} INFO - Setting next_dagrun for weather_etl to 2026-09-14 22:00:00+00:00, run_after=2026-09-14 23:00:00+00:00
[2026-09-14T22:39:16.225+0000] {processor.py:208} INFO - Processing /opt/airflow/dags/weather_etl.py took 1.549 seconds
[2026-09-14T22:39:46.406+0000] {processor.py:186} INFO - Started process (PID=700) to work on /opt/airflow/dags/weather_etl.py
[2026-09-14T22:39:46.409+0000] {processor.py:914} INFO - Processing file /opt/airflow/dags/weather_etl.py for tasks to queue
[2026-09-14T22:39:46.414+0000] {logging_mixin.py:190} INFO - [2026-09-14T22:39:46.414+0000] {dagbag.py:588} INFO - Filling up the DagBag from /opt/airflow/dags/weather_etl.py
[2026-09-14T22:39:47.824+0000] {processor.py:925} INFO - DAG(s) 'weather_etl' retrieved from /opt/airflow/dags/weather_etl.py
[2026-09-14T22:39:47.910+0000] {logging_mixin.py:190} INFO - [2026-09-14T22:39:47.909+0000] {dag.py:3239} INFO - Sync 1 DAGs
[2026-09-14T22:39:47.990+0000] {logging_mixin.py:190} INFO - [2026-09-14T22:39:47.989+0000] {dag.py:4180} INFO - Setting next_dagrun for weather_etl to 2026-09-14 22:00:00+00:00, run_after=2026-09-14 23:00:00+00:00
[2026-09-14T22:39:48.043+0000] {processor.py:208} INFO - Processing /opt/airflow/dags/weather_etl.py took 1.655 seconds
[2026-09-14T22:40:18.547+0000] {processor.py:186} INFO - Started process (PID=706) to work on /opt/airflow/dags/weather_etl.py
[2026-09-14T22:40:18.550+0000] {processor.py:914} INFO - Processing file /opt/airflow/dags/weather_etl.py for tasks to queue
[2026-09-14T22:40:18.556+0000] {logging_mixin.py:190} INFO - [2026-09-14T22:40:18.555+0000] {dagbag.py:588} INFO - Filling up the DagBag from /opt/airflow/dags/weather_etl.py
[2026-09-14T22:40:19.989+0000] {processor.py:925} INFO - DAG(s) 'weather_etl' retrieved from /opt/airflow/dags/weather_etl.py
[2026-09-14T22:40:20.069+0000] {logging_mixin.py:190} INFO - [2026-09-14T22:40:20.069+0000] {dag.py:3239} INFO - Sync 1 DAGs
[2026-09-14T22:40:20.148+0000] {logging_mixin.py:190} INFO - [2026-09-14T22:40:20.147+0000] {dag.py:4180} INFO - Setting next_dagrun for weather_etl to 2026-09-14 22:00:00+00:00, run_after=2026-09-14 23:00:00+00:00
[2026-09-14T22:40:20.209+0000] {processor.py:208} INFO - Processing /opt/airflow/dags/weather_etl.py took 1.678 seconds
[2026-09-14T22:40:50.628+0000] {processor.py:186} INFO - Started process (PID=712) to work on /opt/airflow/dags/weather_etl.py
[2026-09-14T22:40:50.632+0000] {processor.py:914} INFO - Processing file /opt/airflow/dags/weather_etl.py for tasks to queue
[2026-09-14T22:40:50.641+0000] {logging_mixin.py:190} INFO - [2026-09-14T22:40:50.640+0000] {dagbag.py:588} INFO - Filling up the DagBag from /opt/airflow/dags/weather_etl.py
[2026-09-14T22:40:52.169+0000] {processor.py:925} INFO - DAG(s) 'weather_etl' retrieved from /opt/airflow/dags/weather_etl.py
[2026-09-14T22:40:52.272+0000] {logging_mixin.py:190} INFO - [2026-09-14T22:40:52.271+0000] {dag.py:3239} INFO - Sync 1 DAGs
[2026-09-14T22:40:52.369+0000] {logging_mixin.py:190} INFO - [2026-09-14T22:40:52.369+0000] {dag.py:4180} INFO - Setting next_dagrun for weather_etl to 2026-09-14 22:00:00+00:00, run_after=2026-09-14 23:00:00+00:00
[2026-09-14T22:40:52.436+0000] {processor.py:208} INFO - Processing /opt/airflow/dags/weather_etl.py took 1.832 seconds
[2026-09-14T22:41:22.978+0000] {processor.py:186} INFO - Started process (PID=718) to work on /opt/airflow/dags/weather_etl.py
[2026-09-14T22:41:22.981+0000] {processor.py:914} INFO - Processing file /opt/airflow/dags/weather_etl.py for tasks to queue
[2026-09-14T22:41:22.988+0000] {logging_mixin.py:190} INFO - [2026-09-14T22:41:22.987+0000] {dagbag.py:588} INFO - Filling up the DagBag from /opt/airflow/dags/weather_etl.py
[2026-09-14T22:41:24.380+0000] {processor.py:925} INFO - DAG(s) 'weather_etl' retrieved from /opt/airflow/dags/weather_etl.py
[2026-09-14T22:41:24.465+0000] {logging_mixin.py:190} INFO - [2026-09-14T22:41:24.465+0000] {dag.py:3239} INFO - Sync 1 DAGs
[2026-09-14T22:41:24.557+0000] {logging_mixin.py:190} INFO - [2026-09-14T22:41:24.557+0000] {dag.py:4180} INFO - Setting next_dagrun for weather_etl to 2026-09-14 22:00:00+00:00, run_after=2026-09-14 23:00:00+00:00
[2026-09-14T22:41:24.616+0000] {processor.py:208} INFO - Processing /opt/airflow/dags/weather_etl.py took 1.654 seconds
[2026-09-14T22:41:55.255+0000] {processor.py:186} INFO - Started process (PID=724) to work on /opt/airflow/dags/weather_etl.py
[2026-09-14T22:41:55.259+0000] {processor.py:914} INFO - Processing file /opt/airflow/dags/weather_etl.py for tasks to queue
[2026-09-14T22:41:55.267+0000] {logging_mixin.py:190} INFO - [2026-09-14T22:41:55.266+0000] {dagbag.py:588} INFO - Filling up the DagBag from /opt/airflow/dags/weather_etl.py
[2026-09-14T22:41:56.810+0000] {processor.py:925} INFO - DAG(s) 'weather_etl' retrieved from /opt/airflow/dags/weather_etl.py
[2026-09-14T22:41:56.918+0000] {logging_mixin.py:190} INFO - [2026-09-14T22:41:56.917+0000] {dag.py:3239} INFO - Sync 1 DAGs
[2026-09-14T22:41:57.003+0000] {logging_mixin.py:190} INFO - [2026-09-14T22:41:57.003+0000] {dag.py:4180} INFO - Setting next_dagrun for weather_etl to 2026-09-14 22:00:00+00:00, run_after=2026-09-14 23:00:00+00:00
[2026-09-14T22:41:57.065+0000] {processor.py:208} INFO - Processing /opt/airflow/dags/weather_etl.py took 1.834 seconds
[2026-09-14T22:42:27.621+0000] {processor.py:186} INFO - Started process (PID=730) to work on /opt/airflow/dags/weather_etl.py
[2026-09-14T22:42:27.624+0000] {processor.py:914} INFO - Processing file /opt/airflow/dags/weather_etl.py for tasks to queue
[2026-09-14T22:42:27.630+0000] {logging_mixin.py:190} INFO - [2026-09-14T22:42:27.629+0000] {dagbag.py:588} INFO - Filling up the DagBag from /opt/airflow/dags/weather_etl.py
[2026-09-14T22:42:29.310+0000] {processor.py:925} INFO - DAG(s) 'weather_etl' retrieved from /opt/airflow/dags/weather_etl.py
[2026-09-14T22:42:29.428+0000] {logging_mixin.py:190} INFO - [2026-09-14T22:42:29.427+0000] {dag.py:3239} INFO - Sync 1 DAGs
[2026-09-14T22:42:29.538+0000] {logging_mixin.py:190} INFO - [2026-09-14T22:42:29.537+0000] {dag.py:4180} INFO - Setting next_dagrun for weather_etl to 2026-09-14 22:00:00+00:00, run_after=2026-09-14 23:00:00+00:00
[2026-09-14T22:42:29.612+0000] {processor.py:208} INFO - Processing /opt/airflow/dags/weather_etl.py took 2.009 seconds
[2026-09-14T22:43:00.095+0000] {processor.py:186} INFO - Started process (PID=736) to work on /opt/airflow/dags/weather_etl.py
[2026-09-14T22:43:00.098+0000] {processor.py:914} INFO - Processing file /opt/airflow/dags/weather_etl.py for tasks to queue
[2026-09-14T22:43:00.106+0000] {logging_mixin.py:190} INFO - [2026-09-14T22:43:00.105+0000] {dagbag.py:588} INFO - Filling up the DagBag from /opt/airflow/dags/weather_etl.py
[2026-09-14T22:43:01.639+0000] {processor.py:925} INFO - DAG(s) 'weather_etl' retrieved from /opt/airflow/dags/weather_etl.py
[2026-09-14T22:43:01.733+0000] {logging_mixin.py:190} INFO - [2026-09-14T22:43:01.732+0000] {dag.py:3239} INFO - Sync 1 DAGs
[2026-09-14T22:43:01.816+0000] {logging_mixin.py:190} INFO - [2026-09-14T22:43:01.815+0000] {dag.py:4180} INFO - Setting next_dagrun for weather_etl to 2026-09-14 22:00:00+00:00, run_after=2026-09-14 23:00:00+00:00
[2026-09-14T22:43:01.888+0000] {processor.py:208} INFO - Processing /opt/airflow/dags/weather_etl.py took 1.812 seconds
[2026-09-14T22:43:32.458+0000] {processor.py:186} INFO - Started process (PID=742) to work on /opt/airflow/dags/weather_etl.py
[2026-09-14T22:43:32.462+0000] {processor.py:914} INFO - Processing file /opt/airflow/dags/weather_etl.py for tasks to queue
[2026-09-14T22:43:32.472+0000] {logging_mixin.py:190} INFO - [2026-09-14T22:43:32.471+0000] {dagbag.py:588} INFO - Filling up the DagBag from /opt/airflow/dags/weather_etl.py
[2026-09-14T22:43:33.925+0000] {processor.py:925} INFO - DAG(s) 'weather_etl' retrieved from /opt/airflow/dags/weather_etl.py
[2026-09-14T22:43:34.032+0000] {logging_mixin.py:190} INFO - [2026-09-14T22:43:34.031+0000] {dag.py:3239} INFO - Sync 1 DAGs
[2026-09-14T22:43:34.126+0000] {logging_mixin.py:190} INFO - [2026-09-14T22:43:34.125+0000] {dag.py:4180} INFO - Setting next_dagrun for weather_etl to 2026-09-14 22:00:00+00:00, run_after=2026-09-14 23:00:00+00:00
[2026-09-14T22:43:34.199+0000] {processor.py:208} INFO - Processing /opt/airflow/dags/weather_etl.py took 1.767 seconds
[2026-09-14T22:44:04.755+0000] {processor.py:186} INFO - Started process (PID=748) to work on /opt/airflow/dags/weather_etl.py
[2026-09-14T22:44:04.759+0000] {processor.py:914} INFO - Processing file /opt/airflow/dags/weather_etl.py for tasks to queue
[2026-09-14T22:44:04.770+0000] {logging_mixin.py:190} INFO - [2026-09-14T22:44:04.769+0000] {dagbag.py:588} INFO - Filling up the DagBag from /opt/airflow/dags/weather_etl.py
[2026-09-14T22:44:06.280+0000] {processor.py:925} INFO - DAG(s) 'weather_etl' retrieved from /opt/airflow/dags/weather_etl.py
[2026-09-14T22:44:06.389+0000] {logging_mixin.py:190} INFO - [2026-09-14T22:44:06.388+0000] {dag.py:3239} INFO - Sync 1 DAGs
[2026-09-14T22:44:06.466+0000] {logging_mixin.py:190} INFO - [2026-09-14T22:44:06.466+0000] {dag.py:4180} INFO - Setting next_dagrun for weather_etl to 2026-09-14 22:00:00+00:00, run_after=2026-09-14 23:00:00+00:00
[2026-09-14T22:44:06.530+0000] {processor.py:208} INFO - Processing /opt/airflow/dags/weather_etl.py took 1.798 seconds
[2026-09-14T22:44:37.058+0000] {processor.py:186} INFO - Started process (PID=754) to work on /opt/airflow/dags/weather_etl.py
[2026-09-14T22:44:37.061+0000] {processor.py:914} INFO - Processing file /opt/airflow/dags/weather_etl.py for tasks to queue
[2026-09-14T22:44:37.068+0000] {logging_mixin.py:190} INFO - [2026-09-14T22:44:37.067+0000] {dagbag.py:588} INFO - Filling up the DagBag from /opt/airflow/dags/weather_etl.py
[2026-09-14T22:44:38.452+0000] {processor.py:925} INFO - DAG(s) 'weather_etl' retrieved from /opt/airflow/dags/weather_etl.py
[2026-09-14T22:44:38.550+0000] {logging_mixin.py:190} INFO - [2026-09-14T22:44:38.549+0000] {dag.py:3239} INFO - Sync 1 DAGs
[2026-09-14T22:44:38.626+0000] {logging_mixin.py:190} INFO - [2026-09-14T22:44:38.625+0000] {dag.py:4180} INFO - Setting next_dagrun for weather_etl to 2026-09-14 22:00:00+00:00, run_after=2026-09-14 23:00:00+00:00
[2026-09-14T22:44:38.686+0000] {processor.py:208} INFO - Processing /opt/airflow/dags/weather_etl.py took 1.645 seconds
[2026-09-14T22:45:08.841+0000] {processor.py:186} INFO - Started process (PID=760) to work on /opt/airflow/dags/weather_etl.py
[2026-09-14T22:45:08.844+0000] {processor.py:914} INFO - Processing file /opt/airflow/dags/weather_etl.py for tasks to queue
[2026-09-14T22:45:08.850+0000] {logging_mixin.py:190} INFO - [2026-09-14T22:45:08.849+0000] {dagbag.py:588} INFO - Filling up the DagBag from /opt/airflow/dags/weather_etl.py
[2026-09-14T22:45:10.225+0000] {processor.py:925} INFO - DAG(s) 'weather_etl' retrieved from /opt/airflow/dags/weather_etl.py
[2026-09-14T22:45:10.313+0000] {logging_mixin.py:190} INFO - [2026-09-14T22:45:10.312+0000] {dag.py:3239} INFO - Sync 1 DAGs
[2026-09-14T22:45:10.390+0000] {logging_mixin.py:190} INFO - [2026-09-14T22:45:10.389+0000] {dag.py:4180} INFO - Setting next_dagrun for weather_etl to 2026-09-14 22:00:00+00:00, run_after=2026-09-14 23:00:00+00:00
[2026-09-14T22:45:10.448+0000] {processor.py:208} INFO - Processing /opt/airflow/dags/weather_etl.py took 1.620 seconds
[2026-09-14T22:45:40.618+0000] {processor.py:186} INFO - Started process (PID=766) to work on /opt/airflow/dags/weather_etl.py
[2026-09-14T22:45:40.621+0000] {processor.py:914} INFO - Processing file /opt/airflow/dags/weather_etl.py for tasks to queue
[2026-09-14T22:45:40.629+0000] {logging_mixin.py:190} INFO - [2026-09-14T22:45:40.628+0000] {dagbag.py:588} INFO - Filling up the DagBag from /opt/airflow/dags/weather_etl.py
[2026-09-14T22:45:42.061+0000] {processor.py:925} INFO - DAG(s) 'weather_etl' retrieved from /opt/airflow/dags/weather_etl.py
[2026-09-14T22:45:42.157+0000] {logging_mixin.py:190} INFO - [2026-09-14T22:45:42.157+0000] {dag.py:3239} INFO - Sync 1 DAGs
[2026-09-14T22:45:42.251+0000] {logging_mixin.py:190} INFO - [2026-09-14T22:45:42.250+0000] {dag.py:4180} INFO - Setting next_dagrun for weather_etl to 2026-09-14 22:00:00+00:00, run_after=2026-09-14 23:00:00+00:00
[2026-09-14T22:45:42.314+0000] {processor.py:208} INFO - Processing /opt/airflow/dags/weather_etl.py took 1.709 seconds
[2026-09-14T22:46:12.835+0000] {processor.py:186} INFO - Started process (PID=772) to work on /opt/airflow/dags/weather_etl.py
[2026-09-14T22:46:12.839+0000] {processor.py:914} INFO - Processing file /opt/airflow/dags/weather_etl.py for tasks to queue
[2026-09-14T22:46:12.847+0000] {logging_mixin.py:190} INFO - [2026-09-14T22:46:12.846+0000] {dagbag.py:588} INFO - Filling up the DagBag from /opt/airflow/dags/weather_etl.py
[2026-09-14T22:46:14.168+0000] {processor.py:925} INFO - DAG(s) 'weather_etl' retrieved from /opt/airflow/dags/weather_etl.py
[2026-09-14T22:46:14.258+0000] {logging_mixin.py:190} INFO - [2026-09-14T22:46:14.258+0000] {dag.py:3239} INFO - Sync 1 DAGs
[2026-09-14T22:46:14.334+0000] {logging_mixin.py:190} INFO - [2026-09-14T22:46:14.334+0000] {dag.py:4180} INFO - Setting next_dagrun for weather_etl to 2026-09-14 22:00:00+00:00, run_after=2026-09-14 23:00:00+00:00
[2026-09-14T22:46:14.391+0000] {processor.py:208} INFO - Processing /opt/airflow/dags/weather_etl.py took 1.574 seconds
[2026-09-14T22:46:44.820+0000] {processor.py:186} INFO - Started process (PID=778) to work on /opt/airflow/dags/weather_etl.py
[2026-09-14T22:46:44.823+0000] {processor.py:914} INFO - Processing file /opt/airflow/dags/weather_etl.py for tasks to queue
[2026-09-14T22:46:44.836+0000] {logging_mixin.py:190} INFO - [2026-09-14T22:46:44.835+0000] {dagbag.py:588} INFO - Filling up the DagBag from /opt/airflow/dags/weather_etl.py
[2026-09-14T22:46:46.280+0000] {processor.py:925} INFO - DAG(s) 'weather_etl' retrieved from /opt/airflow/dags/weather_etl.py
[2026-09-14T22:46:46.371+0000] {logging_mixin.py:190} INFO - [2026-09-14T22:46:46.370+0000] {dag.py:3239} INFO - Sync 1 DAGs
[2026-09-14T22:46:46.452+0000] {logging_mixin.py:190} INFO - [2026-09-14T22:46:46.452+0000] {dag.py:4180} INFO - Setting next_dagrun for weather_etl to 2026-09-14 22:00:00+00:00, run_after=2026-09-14 23:00:00+00:00
[2026-09-14T22:46:46.512+0000] {processor.py:208} INFO - Processing /opt/airflow/dags/weather_etl.py took 1.704 seconds
[2026-09-14T22:47:17.145+0000] {processor.py:186} INFO - Started process (PID=784) to work on /opt/airflow/dags/weather_etl.py
[2026-09-14T22:47:17.147+0000] {processor.py:914} INFO - Processing file /opt/airflow/dags/weather_etl.py for tasks to queue
[2026-09-14T22:47:17.153+0000] {logging_mixin.py:190} INFO - [2026-09-14T22:47:17.152+0000] {dagbag.py:588} INFO - Filling up the DagBag from /opt/airflow/dags/weather_etl.py
[2026-09-14T22:47:18.496+0000] {processor.py:925} INFO - DAG(s) 'weather_etl' retrieved from /opt/airflow/dags/weather_etl.py
[2026-09-14T22:47:18.593+0000] {logging_mixin.py:190} INFO - [2026-09-14T22:47:18.592+0000] {dag.py:3239} INFO - Sync 1 DAGs
[2026-09-14T22:47:18.678+0000] {logging_mixin.py:190} INFO - [2026-09-14T22:47:18.677+0000] {dag.py:4180} INFO - Setting next_dagrun for weather_etl to 2026-09-14 22:00:00+00:00, run_after=2026-09-14 23:00:00+00:00
[2026-09-14T22:47:18.735+0000] {processor.py:208} INFO - Processing /opt/airflow/dags/weather_etl.py took 1.602 seconds
[2026-09-14T22:47:49.262+0000] {processor.py:186} INFO - Started process (PID=790) to work on /opt/airflow/dags/weather_etl.py
[2026-09-14T22:47:49.265+0000] {processor.py:914} INFO - Processing file /opt/airflow/dags/weather_etl.py for tasks to queue
[2026-09-14T22:47:49.272+0000] {logging_mixin.py:190} INFO - [2026-09-14T22:47:49.271+0000] {dagbag.py:588} INFO - Filling up the DagBag from /opt/airflow/dags/weather_etl.py
[2026-09-14T22:47:50.567+0000] {processor.py:925} INFO - DAG(s) 'weather_etl' retrieved from /opt/airflow/dags/weather_etl.py
[2026-09-14T22:47:50.645+0000] {logging_mixin.py:190} INFO - [2026-09-14T22:47:50.644+0000] {dag.py:3239} INFO - Sync 1 DAGs
[2026-09-14T22:47:50.730+0000] {logging_mixin.py:190} INFO - [2026-09-14T22:47:50.729+0000] {dag.py:4180} INFO - Setting next_dagrun for weather_etl to 2026-09-14 22:00:00+00:00, run_after=2026-09-14 23:00:00+00:00
[2026-09-14T22:47:50.778+0000] {processor.py:208} INFO - Processing /opt/airflow/dags/weather_etl.py took 1.530 seconds
[2026-09-14T22:48:21.123+0000] {processor.py:186} INFO - Started process (PID=796) to work on /opt/airflow/dags/weather_etl.py
[2026-09-14T22:48:21.125+0000] {processor.py:914} INFO - Processing file /opt/airflow/dags/weather_etl.py for tasks to queue
[2026-09-14T22:48:21.132+0000] {logging_mixin.py:190} INFO - [2026-09-14T22:48:21.131+0000] {dagbag.py:588} INFO - Filling up the DagBag from /opt/airflow/dags/weather_etl.py
[2026-09-14T22:48:22.349+0000] {processor.py:925} INFO - DAG(s) 'weather_etl' retrieved from /opt/airflow/dags/weather_etl.py
[2026-09-14T22:48:22.437+0000] {logging_mixin.py:190} INFO - [2026-09-14T22:48:22.437+0000] {dag.py:3239} INFO - Sync 1 DAGs
[2026-09-14T22:48:22.513+0000] {logging_mixin.py:190} INFO - [2026-09-14T22:48:22.512+0000] {dag.py:4180} INFO - Setting next_dagrun for weather_etl to 2026-09-14 22:00:00+00:00, run_after=2026-09-14 23:00:00+00:00
[2026-09-14T22:48:22.567+0000] {processor.py:208} INFO - Processing /opt/airflow/dags/weather_etl.py took 1.459 seconds
[2026-09-14T22:48:52.697+0000] {processor.py:186} INFO - Started process (PID=802) to work on /opt/airflow/dags/weather_etl.py
[2026-09-14T22:48:52.700+0000] {processor.py:914} INFO - Processing file /opt/airflow/dags/weather_etl.py for tasks to queue
[2026-09-14T22:48:52.706+0000] {logging_mixin.py:190} INFO - [2026-09-14T22:48:52.705+0000] {dagbag.py:588} INFO - Filling up the DagBag from /opt/airflow/dags/weather_etl.py
[2026-09-14T22:48:54.048+0000] {processor.py:925} INFO - DAG(s) 'weather_etl' retrieved from /opt/airflow/dags/weather_etl.py
[2026-09-14T22:48:54.133+0000] {logging_mixin.py:190} INFO - [2026-09-14T22:48:54.132+0000] {dag.py:3239} INFO - Sync 1 DAGs
[2026-09-14T22:48:54.213+0000] {logging_mixin.py:190} INFO - [2026-09-14T22:48:54.213+0000] {dag.py:4180} INFO - Setting next_dagrun for weather_etl to 2026-09-14 22:00:00+00:00, run_after=2026-09-14 23:00:00+00:00
[2026-09-14T22:48:54.273+0000] {processor.py:208} INFO - Processing /opt/airflow/dags/weather_etl.py took 1.593 seconds
[2026-09-14T22:49:24.465+0000] {processor.py:186} INFO - Started process (PID=808) to work on /opt/airflow/dags/weather_etl.py
[2026-09-14T22:49:24.467+0000] {processor.py:914} INFO - Processing file /opt/airflow/dags/weather_etl.py for tasks to queue
[2026-09-14T22:49:24.472+0000] {logging_mixin.py:190} INFO - [2026-09-14T22:49:24.471+0000] {dagbag.py:588} INFO - Filling up the DagBag from /opt/airflow/dags/weather_etl.py
[2026-09-14T22:49:25.803+0000] {processor.py:925} INFO - DAG(s) 'weather_etl' retrieved from /opt/airflow/dags/weather_etl.py
[2026-09-14T22:49:25.892+0000] {logging_mixin.py:190} INFO - [2026-09-14T22:49:25.891+0000] {dag.py:3239} INFO - Sync 1 DAGs
[2026-09-14T22:49:25.981+0000] {logging_mixin.py:190} INFO - [2026-09-14T22:49:25.981+0000] {dag.py:4180} INFO - Setting next_dagrun for weather_etl to 2026-09-14 22:00:00+00:00, run_after=2026-09-14 23:00:00+00:00
[2026-09-14T22:49:26.039+0000] {processor.py:208} INFO - Processing /opt/airflow/dags/weather_etl.py took 1.593 seconds
[2026-09-14T22:49:56.169+0000] {processor.py:186} INFO - Started process (PID=814) to work on /opt/airflow/dags/weather_etl.py
[2026-09-14T22:49:56.171+0000] {processor.py:914} INFO - Processing file /opt/airflow/dags/weather_etl.py for tasks to queue
[2026-09-14T22:49:56.179+0000] {logging_mixin.py:190} INFO - [2026-09-14T22:49:56.178+0000] {dagbag.py:588} INFO - Filling up the DagBag from /opt/airflow/dags/weather_etl.py
[2026-09-14T22:49:57.601+0000] {processor.py:925} INFO - DAG(s) 'weather_etl' retrieved from /opt/airflow/dags/weather_etl.py
[2026-09-14T22:49:57.693+0000] {logging_mixin.py:190} INFO - [2026-09-14T22:49:57.692+0000] {dag.py:3239} INFO - Sync 1 DAGs
[2026-09-14T22:49:57.802+0000] {logging_mixin.py:190} INFO - [2026-09-14T22:49:57.801+0000] {dag.py:4180} INFO - Setting next_dagrun for weather_etl to 2026-09-14 22:00:00+00:00, run_after=2026-09-14 23:00:00+00:00
[2026-09-14T22:49:57.868+0000] {processor.py:208} INFO - Processing /opt/airflow/dags/weather_etl.py took 1.716 seconds
[2026-09-14T22:51:03.772+0000] {processor.py:186} INFO - Started process (PID=820) to work on /opt/airflow/dags/weather_etl.py
[2026-09-14T22:51:03.776+0000] {processor.py:914} INFO - Processing file /opt/airflow/dags/weather_etl.py for tasks to queue
[2026-09-14T22:51:03.788+0000] {logging_mixin.py:190} INFO - [2026-09-14T22:51:03.786+0000] {dagbag.py:588} INFO - Filling up the DagBag from /opt/airflow/dags/weather_etl.py
[2026-09-14T22:51:06.353+0000] {processor.py:925} INFO - DAG(s) 'weather_etl' retrieved from /opt/airflow/dags/weather_etl.py
[2026-09-14T22:51:06.489+0000] {logging_mixin.py:190} INFO - [2026-09-14T22:51:06.489+0000] {dag.py:3239} INFO - Sync 1 DAGs
[2026-09-14T22:51:06.619+0000] {logging_mixin.py:190} INFO - [2026-09-14T22:51:06.618+0000] {dag.py:4180} INFO - Setting next_dagrun for weather_etl to 2026-09-14 22:00:00+00:00, run_after=2026-09-14 23:00:00+00:00
[2026-09-14T22:51:06.751+0000] {processor.py:208} INFO - Processing /opt/airflow/dags/weather_etl.py took 3.013 seconds
[2026-09-14T22:51:37.254+0000] {processor.py:186} INFO - Started process (PID=826) to work on /opt/airflow/dags/weather_etl.py
[2026-09-14T22:51:37.256+0000] {processor.py:914} INFO - Processing file /opt/airflow/dags/weather_etl.py for tasks to queue
[2026-09-14T22:51:37.262+0000] {logging_mixin.py:190} INFO - [2026-09-14T22:51:37.261+0000] {dagbag.py:588} INFO - Filling up the DagBag from /opt/airflow/dags/weather_etl.py
[2026-09-14T22:51:38.382+0000] {processor.py:925} INFO - DAG(s) 'weather_etl' retrieved from /opt/airflow/dags/weather_etl.py
[2026-09-14T22:51:38.465+0000] {logging_mixin.py:190} INFO - [2026-09-14T22:51:38.464+0000] {dag.py:3239} INFO - Sync 1 DAGs
[2026-09-14T22:51:38.556+0000] {logging_mixin.py:190} INFO - [2026-09-14T22:51:38.555+0000] {dag.py:4180} INFO - Setting next_dagrun for weather_etl to 2026-09-14 22:00:00+00:00, run_after=2026-09-14 23:00:00+00:00
[2026-09-14T22:51:38.625+0000] {processor.py:208} INFO - Processing /opt/airflow/dags/weather_etl.py took 1.389 seconds
[2026-09-14T22:52:09.216+0000] {processor.py:186} INFO - Started process (PID=832) to work on /opt/airflow/dags/weather_etl.py
[2026-09-14T22:52:09.221+0000] {processor.py:914} INFO - Processing file /opt/airflow/dags/weather_etl.py for tasks to queue
[2026-09-14T22:52:09.236+0000] {logging_mixin.py:190} INFO - [2026-09-14T22:52:09.234+0000] {dagbag.py:588} INFO - Filling up the DagBag from /opt/airflow/dags/weather_etl.py
[2026-09-14T22:52:10.392+0000] {processor.py:925} INFO - DAG(s) 'weather_etl' retrieved from /opt/airflow/dags/weather_etl.py
[2026-09-14T22:52:10.504+0000] {logging_mixin.py:190} INFO - [2026-09-14T22:52:10.502+0000] {dag.py:3239} INFO - Sync 1 DAGs
[2026-09-14T22:52:10.586+0000] {logging_mixin.py:190} INFO - [2026-09-14T22:52:10.585+0000] {dag.py:4180} INFO - Setting next_dagrun for weather_etl to 2026-09-14 22:00:00+00:00, run_after=2026-09-14 23:00:00+00:00
[2026-09-14T22:52:10.651+0000] {processor.py:208} INFO - Processing /opt/airflow/dags/weather_etl.py took 1.464 seconds
[2026-09-14T22:52:41.109+0000] {processor.py:186} INFO - Started process (PID=838) to work on /opt/airflow/dags/weather_etl.py
[2026-09-14T22:52:41.111+0000] {processor.py:914} INFO - Processing file /opt/airflow/dags/weather_etl.py for tasks to queue
[2026-09-14T22:52:41.117+0000] {logging_mixin.py:190} INFO - [2026-09-14T22:52:41.116+0000] {dagbag.py:588} INFO - Filling up the DagBag from /opt/airflow/dags/weather_etl.py
[2026-09-14T22:52:42.348+0000] {processor.py:925} INFO - DAG(s) 'weather_etl' retrieved from /opt/airflow/dags/weather_etl.py
[2026-09-14T22:52:42.438+0000] {logging_mixin.py:190} INFO - [2026-09-14T22:52:42.437+0000] {dag.py:3239} INFO - Sync 1 DAGs
[2026-09-14T22:52:42.504+0000] {logging_mixin.py:190} INFO - [2026-09-14T22:52:42.504+0000] {dag.py:4180} INFO - Setting next_dagrun for weather_etl to 2026-09-14 22:00:00+00:00, run_after=2026-09-14 23:00:00+00:00
[2026-09-14T22:52:42.559+0000] {processor.py:208} INFO - Processing /opt/airflow/dags/weather_etl.py took 1.465 seconds
[2026-09-14T22:53:13.066+0000] {processor.py:186} INFO - Started process (PID=844) to work on /opt/airflow/dags/weather_etl.py
[2026-09-14T22:53:13.068+0000] {processor.py:914} INFO - Processing file /opt/airflow/dags/weather_etl.py for tasks to queue
[2026-09-14T22:53:13.074+0000] {logging_mixin.py:190} INFO - [2026-09-14T22:53:13.073+0000] {dagbag.py:588} INFO - Filling up the DagBag from /opt/airflow/dags/weather_etl.py
[2026-09-14T22:53:14.339+0000] {processor.py:925} INFO - DAG(s) 'weather_etl' retrieved from /opt/airflow/dags/weather_etl.py
[2026-09-14T22:53:14.424+0000] {logging_mixin.py:190} INFO - [2026-09-14T22:53:14.424+0000] {dag.py:3239} INFO - Sync 1 DAGs
[2026-09-14T22:53:14.503+0000] {logging_mixin.py:190} INFO - [2026-09-14T22:53:14.502+0000] {dag.py:4180} INFO - Setting next_dagrun for weather_etl to 2026-09-14 22:00:00+00:00, run_after=2026-09-14 23:00:00+00:00
[2026-09-14T22:53:14.556+0000] {processor.py:208} INFO - Processing /opt/airflow/dags/weather_etl.py took 1.506 seconds
[2026-09-14T22:53:44.998+0000] {processor.py:186} INFO - Started process (PID=850) to work on /opt/airflow/dags/weather_etl.py
[2026-09-14T22:53:45.001+0000] {processor.py:914} INFO - Processing file /opt/airflow/dags/weather_etl.py for tasks to queue
[2026-09-14T22:53:45.006+0000] {logging_mixin.py:190} INFO - [2026-09-14T22:53:45.006+0000] {dagbag.py:588} INFO - Filling up the DagBag from /opt/airflow/dags/weather_etl.py
[2026-09-14T22:53:46.206+0000] {processor.py:925} INFO - DAG(s) 'weather_etl' retrieved from /opt/airflow/dags/weather_etl.py
[2026-09-14T22:53:46.284+0000] {logging_mixin.py:190} INFO - [2026-09-14T22:53:46.283+0000] {dag.py:3239} INFO - Sync 1 DAGs
[2026-09-14T22:53:46.358+0000] {logging_mixin.py:190} INFO - [2026-09-14T22:53:46.357+0000] {dag.py:4180} INFO - Setting next_dagrun for weather_etl to 2026-09-14 22:00:00+00:00, run_after=2026-09-14 23:00:00+00:00
[2026-09-14T22:53:46.422+0000] {processor.py:208} INFO - Processing /opt/airflow/dags/weather_etl.py took 1.437 seconds
[2026-09-14T22:54:16.932+0000] {processor.py:186} INFO - Started process (PID=856) to work on /opt/airflow/dags/weather_etl.py
[2026-09-14T22:54:16.935+0000] {processor.py:914} INFO - Processing file /opt/airflow/dags/weather_etl.py for tasks to queue
[2026-09-14T22:54:16.941+0000] {logging_mixin.py:190} INFO - [2026-09-14T22:54:16.940+0000] {dagbag.py:588} INFO - Filling up the DagBag from /opt/airflow/dags/weather_etl.py
[2026-09-14T22:54:18.031+0000] {processor.py:925} INFO - DAG(s) 'weather_etl' retrieved from /opt/airflow/dags/weather_etl.py
[2026-09-14T22:54:18.116+0000] {logging_mixin.py:190} INFO - [2026-09-14T22:54:18.115+0000] {dag.py:3239} INFO - Sync 1 DAGs
[2026-09-14T22:54:18.193+0000] {logging_mixin.py:190} INFO - [2026-09-14T22:54:18.192+0000] {dag.py:4180} INFO - Setting next_dagrun for weather_etl to 2026-09-14 22:00:00+00:00, run_after=2026-09-14 23:00:00+00:00
[2026-09-14T22:54:18.250+0000] {processor.py:208} INFO - Processing /opt/airflow/dags/weather_etl.py took 1.333 seconds
[2026-09-14T22:54:48.755+0000] {processor.py:186} INFO - Started process (PID=862) to work on /opt/airflow/dags/weather_etl.py
[2026-09-14T22:54:48.758+0000] {processor.py:914} INFO - Processing file /opt/airflow/dags/weather_etl.py for tasks to queue
[2026-09-14T22:54:48.764+0000] {logging_mixin.py:190} INFO - [2026-09-14T22:54:48.763+0000] {dagbag.py:588} INFO - Filling up the DagBag from /opt/airflow/dags/weather_etl.py
[2026-09-14T22:54:50.028+0000] {processor.py:925} INFO - DAG(s) 'weather_etl' retrieved from /opt/airflow/dags/weather_etl.py
[2026-09-14T22:54:50.113+0000] {logging_mixin.py:190} INFO - [2026-09-14T22:54:50.112+0000] {dag.py:3239} INFO - Sync 1 DAGs
[2026-09-14T22:54:50.188+0000] {logging_mixin.py:190} INFO - [2026-09-14T22:54:50.187+0000] {dag.py:4180} INFO - Setting next_dagrun for weather_etl to 2026-09-14 22:00:00+00:00, run_after=2026-09-14 23:00:00+00:00
[2026-09-14T22:54:50.241+0000] {processor.py:208} INFO - Processing /opt/airflow/dags/weather_etl.py took 1.502 seconds
[2026-09-14T22:55:20.742+0000] {processor.py:186} INFO - Started process (PID=868) to work on /opt/airflow/dags/weather_etl.py
[2026-09-14T22:55:20.745+0000] {processor.py:914} INFO - Processing file /opt/airflow/dags/weather_etl.py for tasks to queue
[2026-09-14T22:55:20.751+0000] {logging_mixin.py:190} INFO - [2026-09-14T22:55:20.750+0000] {dagbag.py:588} INFO - Filling up the DagBag from /opt/airflow/dags/weather_etl.py
[2026-09-14T22:55:21.972+0000] {processor.py:925} INFO - DAG(s) 'weather_etl' retrieved from /opt/airflow/dags/weather_etl.py
[2026-09-14T22:55:22.059+0000] {logging_mixin.py:190} INFO - [2026-09-14T22:55:22.059+0000] {dag.py:3239} INFO - Sync 1 DAGs
[2026-09-14T22:55:22.129+0000] {logging_mixin.py:190} INFO - [2026-09-14T22:55:22.128+0000] {dag.py:4180} INFO - Setting next_dagrun for weather_etl to 2026-09-14 22:00:00+00:00, run_after=2026-09-14 23:00:00+00:00
[2026-09-14T22:55:22.183+0000] {processor.py:208} INFO - Processing /opt/airflow/dags/weather_etl.py took 1.458 seconds
[2026-09-14T22:55:52.602+0000] {processor.py:186} INFO - Started process (PID=874) to work on /opt/airflow/dags/weather_etl.py
[2026-09-14T22:55:52.606+0000] {processor.py:914} INFO - Processing file /opt/airflow/dags/weather_etl.py for tasks to queue
[2026-09-14T22:55:52.612+0000] {logging_mixin.py:190} INFO - [2026-09-14T22:55:52.611+0000] {dagbag.py:588} INFO - Filling up the DagBag from /opt/airflow/dags/weather_etl.py
[2026-09-14T22:55:53.942+0000] {processor.py:925} INFO - DAG(s) 'weather_etl' retrieved from /opt/airflow/dags/weather_etl.py
[2026-09-14T22:55:54.030+0000] {logging_mixin.py:190} INFO - [2026-09-14T22:55:54.029+0000] {dag.py:3239} INFO - Sync 1 DAGs
[2026-09-14T22:55:54.111+0000] {logging_mixin.py:190} INFO - [2026-09-14T22:55:54.111+0000] {dag.py:4180} INFO - Setting next_dagrun for weather_etl to 2026-09-14 22:00:00+00:00, run_after=2026-09-14 23:00:00+00:00
[2026-09-14T22:55:54.177+0000] {processor.py:208} INFO - Processing /opt/airflow/dags/weather_etl.py took 1.594 seconds
[2026-09-14T22:56:24.698+0000] {processor.py:186} INFO - Started process (PID=880) to work on /opt/airflow/dags/weather_etl.py
[2026-09-14T22:56:24.701+0000] {processor.py:914} INFO - Processing file /opt/airflow/dags/weather_etl.py for tasks to queue
[2026-09-14T22:56:24.708+0000] {logging_mixin.py:190} INFO - [2026-09-14T22:56:24.707+0000] {dagbag.py:588} INFO - Filling up the DagBag from /opt/airflow/dags/weather_etl.py
[2026-09-14T22:56:25.956+0000] {processor.py:925} INFO - DAG(s) 'weather_etl' retrieved from /opt/airflow/dags/weather_etl.py
[2026-09-14T22:56:26.038+0000] {logging_mixin.py:190} INFO - [2026-09-14T22:56:26.037+0000] {dag.py:3239} INFO - Sync 1 DAGs
[2026-09-14T22:56:26.115+0000] {logging_mixin.py:190} INFO - [2026-09-14T22:56:26.115+0000] {dag.py:4180} INFO - Setting next_dagrun for weather_etl to 2026-09-14 22:00:00+00:00, run_after=2026-09-14 23:00:00+00:00
[2026-09-14T22:56:26.172+0000] {processor.py:208} INFO - Processing /opt/airflow/dags/weather_etl.py took 1.491 seconds
[2026-09-14T22:56:56.615+0000] {processor.py:186} INFO - Started process (PID=886) to work on /opt/airflow/dags/weather_etl.py
[2026-09-14T22:56:56.618+0000] {processor.py:914} INFO - Processing file /opt/airflow/dags/weather_etl.py for tasks to queue
[2026-09-14T22:56:56.623+0000] {logging_mixin.py:190} INFO - [2026-09-14T22:56:56.622+0000] {dagbag.py:588} INFO - Filling up the DagBag from /opt/airflow/dags/weather_etl.py
[2026-09-14T22:56:58.167+0000] {processor.py:925} INFO - DAG(s) 'weather_etl' retrieved from /opt/airflow/dags/weather_etl.py
[2026-09-14T22:56:58.285+0000] {logging_mixin.py:190} INFO - [2026-09-14T22:56:58.284+0000] {dag.py:3239} INFO - Sync 1 DAGs
[2026-09-14T22:56:58.375+0000] {logging_mixin.py:190} INFO - [2026-09-14T22:56:58.374+0000] {dag.py:4180} INFO - Setting next_dagrun for weather_etl to 2026-09-14 22:00:00+00:00, run_after=2026-09-14 23:00:00+00:00
[2026-09-14T22:56:58.441+0000] {processor.py:208} INFO - Processing /opt/airflow/dags/weather_etl.py took 1.841 seconds
[2026-09-14T22:57:28.964+0000] {processor.py:186} INFO - Started process (PID=892) to work on /opt/airflow/dags/weather_etl.py
[2026-09-14T22:57:28.966+0000] {processor.py:914} INFO - Processing file /opt/airflow/dags/weather_etl.py for tasks to queue
[2026-09-14T22:57:28.972+0000] {logging_mixin.py:190} INFO - [2026-09-14T22:57:28.971+0000] {dagbag.py:588} INFO - Filling up the DagBag from /opt/airflow/dags/weather_etl.py
[2026-09-14T22:57:30.162+0000] {processor.py:925} INFO - DAG(s) 'weather_etl' retrieved from /opt/airflow/dags/weather_etl.py
[2026-09-14T22:57:30.240+0000] {logging_mixin.py:190} INFO - [2026-09-14T22:57:30.239+0000] {dag.py:3239} INFO - Sync 1 DAGs
[2026-09-14T22:57:30.312+0000] {logging_mixin.py:190} INFO - [2026-09-14T22:57:30.312+0000] {dag.py:4180} INFO - Setting next_dagrun for weather_etl to 2026-09-14 22:00:00+00:00, run_after=2026-09-14 23:00:00+00:00
[2026-09-14T22:57:30.367+0000] {processor.py:208} INFO - Processing /opt/airflow/dags/weather_etl.py took 1.417 seconds
[2026-09-14T22:58:00.867+0000] {processor.py:186} INFO - Started process (PID=898) to work on /opt/airflow/dags/weather_etl.py
[2026-09-14T22:58:00.869+0000] {processor.py:914} INFO - Processing file /opt/airflow/dags/weather_etl.py for tasks to queue
[2026-09-14T22:58:00.875+0000] {logging_mixin.py:190} INFO - [2026-09-14T22:58:00.874+0000] {dagbag.py:588} INFO - Filling up the DagBag from /opt/airflow/dags/weather_etl.py
[2026-09-14T22:58:02.134+0000] {processor.py:925} INFO - DAG(s) 'weather_etl' retrieved from /opt/airflow/dags/weather_etl.py
[2026-09-14T22:58:02.228+0000] {logging_mixin.py:190} INFO - [2026-09-14T22:58:02.227+0000] {dag.py:3239} INFO - Sync 1 DAGs
[2026-09-14T22:58:02.311+0000] {logging_mixin.py:190} INFO - [2026-09-14T22:58:02.311+0000] {dag.py:4180} INFO - Setting next_dagrun for weather_etl to 2026-09-14 22:00:00+00:00, run_after=2026-09-14 23:00:00+00:00
[2026-09-14T22:58:02.365+0000] {processor.py:208} INFO - Processing /opt/airflow/dags/weather_etl.py took 1.512 seconds
[2026-09-14T22:58:32.879+0000] {processor.py:186} INFO - Started process (PID=904) to work on /opt/airflow/dags/weather_etl.py
[2026-09-14T22:58:32.881+0000] {processor.py:914} INFO - Processing file /opt/airflow/dags/weather_etl.py for tasks to queue
[2026-09-14T22:58:32.887+0000] {logging_mixin.py:190} INFO - [2026-09-14T22:58:32.887+0000] {dagbag.py:588} INFO - Filling up the DagBag from /opt/airflow/dags/weather_etl.py
[2026-09-14T22:58:34.229+0000] {processor.py:925} INFO - DAG(s) 'weather_etl' retrieved from /opt/airflow/dags/weather_etl.py
[2026-09-14T22:58:34.324+0000] {logging_mixin.py:190} INFO - [2026-09-14T22:58:34.323+0000] {dag.py:3239} INFO - Sync 1 DAGs
[2026-09-14T22:58:34.410+0000] {logging_mixin.py:190} INFO - [2026-09-14T22:58:34.410+0000] {dag.py:4180} INFO - Setting next_dagrun for weather_etl to 2026-09-14 22:00:00+00:00, run_after=2026-09-14 23:00:00+00:00
[2026-09-14T22:58:34.475+0000] {processor.py:208} INFO - Processing /opt/airflow/dags/weather_etl.py took 1.614 seconds
[2026-09-14T22:59:05.007+0000] {processor.py:186} INFO - Started process (PID=910) to work on /opt/airflow/dags/weather_etl.py
[2026-09-14T22:59:05.009+0000] {processor.py:914} INFO - Processing file /opt/airflow/dags/weather_etl.py for tasks to queue
[2026-09-14T22:59:05.015+0000] {logging_mixin.py:190} INFO - [2026-09-14T22:59:05.015+0000] {dagbag.py:588} INFO - Filling up the DagBag from /opt/airflow/dags/weather_etl.py
[2026-09-14T22:59:06.337+0000] {processor.py:925} INFO - DAG(s) 'weather_etl' retrieved from /opt/airflow/dags/weather_etl.py
[2026-09-14T22:59:06.422+0000] {logging_mixin.py:190} INFO - [2026-09-14T22:59:06.421+0000] {dag.py:3239} INFO - Sync 1 DAGs
[2026-09-14T22:59:06.485+0000] {logging_mixin.py:190} INFO - [2026-09-14T22:59:06.484+0000] {dag.py:4180} INFO - Setting next_dagrun for weather_etl to 2026-09-14 22:00:00+00:00, run_after=2026-09-14 23:00:00+00:00
[2026-09-14T22:59:06.540+0000] {processor.py:208} INFO - Processing /opt/airflow/dags/weather_etl.py took 1.552 seconds
[2026-09-14T22:59:36.698+0000] {processor.py:186} INFO - Started process (PID=916) to work on /opt/airflow/dags/weather_etl.py
[2026-09-14T22:59:36.700+0000] {processor.py:914} INFO - Processing file /opt/airflow/dags/weather_etl.py for tasks to queue
[2026-09-14T22:59:36.705+0000] {logging_mixin.py:190} INFO - [2026-09-14T22:59:36.705+0000] {dagbag.py:588} INFO - Filling up the DagBag from /opt/airflow/dags/weather_etl.py
[2026-09-14T22:59:37.945+0000] {processor.py:925} INFO - DAG(s) 'weather_etl' retrieved from /opt/airflow/dags/weather_etl.py
[2026-09-14T22:59:38.049+0000] {logging_mixin.py:190} INFO - [2026-09-14T22:59:38.048+0000] {dag.py:3239} INFO - Sync 1 DAGs
[2026-09-14T22:59:38.142+0000] {logging_mixin.py:190} INFO - [2026-09-14T22:59:38.141+0000] {dag.py:4180} INFO - Setting next_dagrun for weather_etl to 2026-09-14 22:00:00+00:00, run_after=2026-09-14 23:00:00+00:00
[2026-09-14T22:59:38.210+0000] {processor.py:208} INFO - Processing /opt/airflow/dags/weather_etl.py took 1.528 seconds
[2026-09-14T23:00:08.463+0000] {processor.py:186} INFO - Started process (PID=926) to work on /opt/airflow/dags/weather_etl.py
[2026-09-14T23:00:08.467+0000] {processor.py:914} INFO - Processing file /opt/airflow/dags/weather_etl.py for tasks to queue
[2026-09-14T23:00:08.475+0000] {logging_mixin.py:190} INFO - [2026-09-14T23:00:08.474+0000] {dagbag.py:588} INFO - Filling up the DagBag from /opt/airflow/dags/weather_etl.py
[2026-09-14T23:00:09.874+0000] {processor.py:925} INFO - DAG(s) 'weather_etl' retrieved from /opt/airflow/dags/weather_etl.py
[2026-09-14T23:00:09.980+0000] {logging_mixin.py:190} INFO - [2026-09-14T23:00:09.980+0000] {dag.py:3239} INFO - Sync 1 DAGs
[2026-09-14T23:00:10.072+0000] {logging_mixin.py:190} INFO - [2026-09-14T23:00:10.071+0000] {dag.py:4180} INFO - Setting next_dagrun for weather_etl to 2026-09-14 23:00:00+00:00, run_after=2026-09-15 00:00:00+00:00
[2026-09-14T23:00:10.127+0000] {processor.py:208} INFO - Processing /opt/airflow/dags/weather_etl.py took 1.683 seconds
[2026-09-14T23:00:40.642+0000] {processor.py:186} INFO - Started process (PID=949) to work on /opt/airflow/dags/weather_etl.py
[2026-09-14T23:00:40.646+0000] {processor.py:914} INFO - Processing file /opt/airflow/dags/weather_etl.py for tasks to queue
[2026-09-14T23:00:40.653+0000] {logging_mixin.py:190} INFO - [2026-09-14T23:00:40.652+0000] {dagbag.py:588} INFO - Filling up the DagBag from /opt/airflow/dags/weather_etl.py
[2026-09-14T23:00:42.011+0000] {processor.py:925} INFO - DAG(s) 'weather_etl' retrieved from /opt/airflow/dags/weather_etl.py
[2026-09-14T23:00:42.107+0000] {logging_mixin.py:190} INFO - [2026-09-14T23:00:42.107+0000] {dag.py:3239} INFO - Sync 1 DAGs
[2026-09-14T23:00:42.177+0000] {logging_mixin.py:190} INFO - [2026-09-14T23:00:42.177+0000] {dag.py:4180} INFO - Setting next_dagrun for weather_etl to 2026-09-14 23:00:00+00:00, run_after=2026-09-15 00:00:00+00:00
[2026-09-14T23:00:42.231+0000] {processor.py:208} INFO - Processing /opt/airflow/dags/weather_etl.py took 1.610 seconds
[2026-09-14T23:01:12.587+0000] {processor.py:186} INFO - Started process (PID=955) to work on /opt/airflow/dags/weather_etl.py
[2026-09-14T23:01:12.589+0000] {processor.py:914} INFO - Processing file /opt/airflow/dags/weather_etl.py for tasks to queue
[2026-09-14T23:01:12.595+0000] {logging_mixin.py:190} INFO - [2026-09-14T23:01:12.594+0000] {dagbag.py:588} INFO - Filling up the DagBag from /opt/airflow/dags/weather_etl.py
[2026-09-14T23:01:13.852+0000] {processor.py:925} INFO - DAG(s) 'weather_etl' retrieved from /opt/airflow/dags/weather_etl.py
[2026-09-14T23:01:13.938+0000] {logging_mixin.py:190} INFO - [2026-09-14T23:01:13.938+0000] {dag.py:3239} INFO - Sync 1 DAGs
[2026-09-14T23:01:14.012+0000] {logging_mixin.py:190} INFO - [2026-09-14T23:01:14.011+0000] {dag.py:4180} INFO - Setting next_dagrun for weather_etl to 2026-09-14 23:00:00+00:00, run_after=2026-09-15 00:00:00+00:00
[2026-09-14T23:01:14.070+0000] {processor.py:208} INFO - Processing /opt/airflow/dags/weather_etl.py took 1.498 seconds
[2026-09-14T23:01:44.570+0000] {processor.py:186} INFO - Started process (PID=961) to work on /opt/airflow/dags/weather_etl.py
[2026-09-14T23:01:44.572+0000] {processor.py:914} INFO - Processing file /opt/airflow/dags/weather_etl.py for tasks to queue
[2026-09-14T23:01:44.578+0000] {logging_mixin.py:190} INFO - [2026-09-14T23:01:44.577+0000] {dagbag.py:588} INFO - Filling up the DagBag from /opt/airflow/dags/weather_etl.py
[2026-09-14T23:01:45.746+0000] {processor.py:925} INFO - DAG(s) 'weather_etl' retrieved from /opt/airflow/dags/weather_etl.py
[2026-09-14T23:01:45.841+0000] {logging_mixin.py:190} INFO - [2026-09-14T23:01:45.840+0000] {dag.py:3239} INFO - Sync 1 DAGs
[2026-09-14T23:01:45.918+0000] {logging_mixin.py:190} INFO - [2026-09-14T23:01:45.917+0000] {dag.py:4180} INFO - Setting next_dagrun for weather_etl to 2026-09-14 23:00:00+00:00, run_after=2026-09-15 00:00:00+00:00
[2026-09-14T23:01:45.968+0000] {processor.py:208} INFO - Processing /opt/airflow/dags/weather_etl.py took 1.412 seconds
[2026-09-14T23:02:16.463+0000] {processor.py:186} INFO - Started process (PID=967) to work on /opt/airflow/dags/weather_etl.py
[2026-09-14T23:02:16.465+0000] {processor.py:914} INFO - Processing file /opt/airflow/dags/weather_etl.py for tasks to queue
[2026-09-14T23:02:16.471+0000] {logging_mixin.py:190} INFO - [2026-09-14T23:02:16.470+0000] {dagbag.py:588} INFO - Filling up the DagBag from /opt/airflow/dags/weather_etl.py
[2026-09-14T23:02:17.745+0000] {processor.py:925} INFO - DAG(s) 'weather_etl' retrieved from /opt/airflow/dags/weather_etl.py
[2026-09-14T23:02:17.839+0000] {logging_mixin.py:190} INFO - [2026-09-14T23:02:17.838+0000] {dag.py:3239} INFO - Sync 1 DAGs
[2026-09-14T23:02:17.923+0000] {logging_mixin.py:190} INFO - [2026-09-14T23:02:17.922+0000] {dag.py:4180} INFO - Setting next_dagrun for weather_etl to 2026-09-14 23:00:00+00:00, run_after=2026-09-15 00:00:00+00:00
[2026-09-14T23:02:17.984+0000] {processor.py:208} INFO - Processing /opt/airflow/dags/weather_etl.py took 1.538 seconds
[2026-09-14T23:02:48.473+0000] {processor.py:186} INFO - Started process (PID=973) to work on /opt/airflow/dags/weather_etl.py
[2026-09-14T23:02:48.475+0000] {processor.py:914} INFO - Processing file /opt/airflow/dags/weather_etl.py for tasks to queue
[2026-09-14T23:02:48.481+0000] {logging_mixin.py:190} INFO - [2026-09-14T23:02:48.480+0000] {dagbag.py:588} INFO - Filling up the DagBag from /opt/airflow/dags/weather_etl.py
[2026-09-14T23:02:49.670+0000] {processor.py:925} INFO - DAG(s) 'weather_etl' retrieved from /opt/airflow/dags/weather_etl.py
[2026-09-14T23:02:49.762+0000] {logging_mixin.py:190} INFO - [2026-09-14T23:02:49.761+0000] {dag.py:3239} INFO - Sync 1 DAGs
[2026-09-14T23:02:49.835+0000] {logging_mixin.py:190} INFO - [2026-09-14T23:02:49.834+0000] {dag.py:4180} INFO - Setting next_dagrun for weather_etl to 2026-09-14 23:00:00+00:00, run_after=2026-09-15 00:00:00+00:00
[2026-09-14T23:02:49.887+0000] {processor.py:208} INFO - Processing /opt/airflow/dags/weather_etl.py took 1.429 seconds
[2026-09-14T23:03:20.403+0000] {processor.py:186} INFO - Started process (PID=979) to work on /opt/airflow/dags/weather_etl.py
[2026-09-14T23:03:20.406+0000] {processor.py:914} INFO - Processing file /opt/airflow/dags/weather_etl.py for tasks to queue
[2026-09-14T23:03:20.412+0000] {logging_mixin.py:190} INFO - [2026-09-14T23:03:20.411+0000] {dagbag.py:588} INFO - Filling up the DagBag from /opt/airflow/dags/weather_etl.py
[2026-09-14T23:03:21.651+0000] {processor.py:925} INFO - DAG(s) 'weather_etl' retrieved from /opt/airflow/dags/weather_etl.py
[2026-09-14T23:03:21.738+0000] {logging_mixin.py:190} INFO - [2026-09-14T23:03:21.738+0000] {dag.py:3239} INFO - Sync 1 DAGs
[2026-09-14T23:03:21.810+0000] {logging_mixin.py:190} INFO - [2026-09-14T23:03:21.810+0000] {dag.py:4180} INFO - Setting next_dagrun for weather_etl to 2026-09-14 23:00:00+00:00, run_after=2026-09-15 00:00:00+00:00
[2026-09-14T23:03:21.870+0000] {processor.py:208} INFO - Processing /opt/airflow/dags/weather_etl.py took 1.485 seconds
[2026-09-14T23:03:52.321+0000] {processor.py:186} INFO - Started process (PID=985) to work on /opt/airflow/dags/weather_etl.py
[2026-09-14T23:03:52.323+0000] {processor.py:914} INFO - Processing file /opt/airflow/dags/weather_etl.py for tasks to queue
[2026-09-14T23:03:52.328+0000] {logging_mixin.py:190} INFO - [2026-09-14T23:03:52.328+0000] {dagbag.py:588} INFO - Filling up the DagBag from /opt/airflow/dags/weather_etl.py
[2026-09-14T23:03:53.758+0000] {processor.py:925} INFO - DAG(s) 'weather_etl' retrieved from /opt/airflow/dags/weather_etl.py
[2026-09-14T23:03:53.884+0000] {logging_mixin.py:190} INFO - [2026-09-14T23:03:53.883+0000] {dag.py:3239} INFO - Sync 1 DAGs
[2026-09-14T23:03:53.979+0000] {logging_mixin.py:190} INFO - [2026-09-14T23:03:53.978+0000] {dag.py:4180} INFO - Setting next_dagrun for weather_etl to 2026-09-14 23:00:00+00:00, run_after=2026-09-15 00:00:00+00:00
[2026-09-14T23:03:54.043+0000] {processor.py:208} INFO - Processing /opt/airflow/dags/weather_etl.py took 1.736 seconds
[2026-09-14T23:04:24.561+0000] {processor.py:186} INFO - Started process (PID=991) to work on /opt/airflow/dags/weather_etl.py
[2026-09-14T23:04:24.563+0000] {processor.py:914} INFO - Processing file /opt/airflow/dags/weather_etl.py for tasks to queue
[2026-09-14T23:04:24.569+0000] {logging_mixin.py:190} INFO - [2026-09-14T23:04:24.568+0000] {dagbag.py:588} INFO - Filling up the DagBag from /opt/airflow/dags/weather_etl.py
[2026-09-14T23:04:25.810+0000] {processor.py:925} INFO - DAG(s) 'weather_etl' retrieved from /opt/airflow/dags/weather_etl.py
[2026-09-14T23:04:25.892+0000] {logging_mixin.py:190} INFO - [2026-09-14T23:04:25.892+0000] {dag.py:3239} INFO - Sync 1 DAGs
[2026-09-14T23:04:25.967+0000] {logging_mixin.py:190} INFO - [2026-09-14T23:04:25.967+0000] {dag.py:4180} INFO - Setting next_dagrun for weather_etl to 2026-09-14 23:00:00+00:00, run_after=2026-09-15 00:00:00+00:00
[2026-09-14T23:04:26.029+0000] {processor.py:208} INFO - Processing /opt/airflow/dags/weather_etl.py took 1.482 seconds
[2026-09-14T23:04:56.167+0000] {processor.py:186} INFO - Started process (PID=997) to work on /opt/airflow/dags/weather_etl.py
[2026-09-14T23:04:56.170+0000] {processor.py:914} INFO - Processing file /opt/airflow/dags/weather_etl.py for tasks to queue
[2026-09-14T23:04:56.178+0000] {logging_mixin.py:190} INFO - [2026-09-14T23:04:56.177+0000] {dagbag.py:588} INFO - Filling up the DagBag from /opt/airflow/dags/weather_etl.py
[2026-09-14T23:04:57.351+0000] {processor.py:925} INFO - DAG(s) 'weather_etl' retrieved from /opt/airflow/dags/weather_etl.py
[2026-09-14T23:04:57.458+0000] {logging_mixin.py:190} INFO - [2026-09-14T23:04:57.457+0000] {dag.py:3239} INFO - Sync 1 DAGs
[2026-09-14T23:04:57.588+0000] {logging_mixin.py:190} INFO - [2026-09-14T23:04:57.587+0000] {dag.py:4180} INFO - Setting next_dagrun for weather_etl to 2026-09-14 23:00:00+00:00, run_after=2026-09-15 00:00:00+00:00
[2026-09-14T23:04:57.688+0000] {processor.py:208} INFO - Processing /opt/airflow/dags/weather_etl.py took 1.541 seconds
[2026-09-14T23:05:27.923+0000] {processor.py:186} INFO - Started process (PID=1003) to work on /opt/airflow/dags/weather_etl.py
[2026-09-14T23:05:27.926+0000] {processor.py:914} INFO - Processing file /opt/airflow/dags/weather_etl.py for tasks to queue
[2026-09-14T23:05:27.931+0000] {logging_mixin.py:190} INFO - [2026-09-14T23:05:27.930+0000] {dagbag.py:588} INFO - Filling up the DagBag from /opt/airflow/dags/weather_etl.py
[2026-09-14T23:05:29.321+0000] {processor.py:925} INFO - DAG(s) 'weather_etl' retrieved from /opt/airflow/dags/weather_etl.py
[2026-09-14T23:05:29.408+0000] {logging_mixin.py:190} INFO - [2026-09-14T23:05:29.407+0000] {dag.py:3239} INFO - Sync 1 DAGs
[2026-09-14T23:05:29.495+0000] {logging_mixin.py:190} INFO - [2026-09-14T23:05:29.494+0000] {dag.py:4180} INFO - Setting next_dagrun for weather_etl to 2026-09-14 23:00:00+00:00, run_after=2026-09-15 00:00:00+00:00
[2026-09-14T23:05:29.556+0000] {processor.py:208} INFO - Processing /opt/airflow/dags/weather_etl.py took 1.650 seconds
[2026-09-14T23:06:00.154+0000] {processor.py:186} INFO - Started process (PID=1009) to work on /opt/airflow/dags/weather_etl.py
[2026-09-14T23:06:00.158+0000] {processor.py:914} INFO - Processing file /opt/airflow/dags/weather_etl.py for tasks to queue
[2026-09-14T23:06:00.168+0000] {logging_mixin.py:190} INFO - [2026-09-14T23:06:00.167+0000] {dagbag.py:588} INFO - Filling up the DagBag from /opt/airflow/dags/weather_etl.py
[2026-09-14T23:06:01.500+0000] {processor.py:925} INFO - DAG(s) 'weather_etl' retrieved from /opt/airflow/dags/weather_etl.py
[2026-09-14T23:06:01.592+0000] {logging_mixin.py:190} INFO - [2026-09-14T23:06:01.591+0000] {dag.py:3239} INFO - Sync 1 DAGs
[2026-09-14T23:06:01.665+0000] {logging_mixin.py:190} INFO - [2026-09-14T23:06:01.665+0000] {dag.py:4180} INFO - Setting next_dagrun for weather_etl to 2026-09-14 23:00:00+00:00, run_after=2026-09-15 00:00:00+00:00
[2026-09-14T23:06:01.729+0000] {processor.py:208} INFO - Processing /opt/airflow/dags/weather_etl.py took 1.599 seconds
[2026-09-14T23:06:32.055+0000] {processor.py:186} INFO - Started process (PID=1015) to work on /opt/airflow/dags/weather_etl.py
[2026-09-14T23:06:32.058+0000] {processor.py:914} INFO - Processing file /opt/airflow/dags/weather_etl.py for tasks to queue
[2026-09-14T23:06:32.063+0000] {logging_mixin.py:190} INFO - [2026-09-14T23:06:32.063+0000] {dagbag.py:588} INFO - Filling up the DagBag from /opt/airflow/dags/weather_etl.py
[2026-09-14T23:06:33.327+0000] {processor.py:925} INFO - DAG(s) 'weather_etl' retrieved from /opt/airflow/dags/weather_etl.py
[2026-09-14T23:06:33.428+0000] {logging_mixin.py:190} INFO - [2026-09-14T23:06:33.427+0000] {dag.py:3239} INFO - Sync 1 DAGs
[2026-09-14T23:06:33.519+0000] {logging_mixin.py:190} INFO - [2026-09-14T23:06:33.518+0000] {dag.py:4180} INFO - Setting next_dagrun for weather_etl to 2026-09-14 23:00:00+00:00, run_after=2026-09-15 00:00:00+00:00
[2026-09-14T23:06:33.593+0000] {processor.py:208} INFO - Processing /opt/airflow/dags/weather_etl.py took 1.554 seconds
[2026-09-14T23:07:04.203+0000] {processor.py:186} INFO - Started process (PID=1021) to work on /opt/airflow/dags/weather_etl.py
[2026-09-14T23:07:04.207+0000] {processor.py:914} INFO - Processing file /opt/airflow/dags/weather_etl.py for tasks to queue
[2026-09-14T23:07:04.213+0000] {logging_mixin.py:190} INFO - [2026-09-14T23:07:04.212+0000] {dagbag.py:588} INFO - Filling up the DagBag from /opt/airflow/dags/weather_etl.py
[2026-09-14T23:07:05.533+0000] {processor.py:925} INFO - DAG(s) 'weather_etl' retrieved from /opt/airflow/dags/weather_etl.py
[2026-09-14T23:07:05.624+0000] {logging_mixin.py:190} INFO - [2026-09-14T23:07:05.623+0000] {dag.py:3239} INFO - Sync 1 DAGs
[2026-09-14T23:07:05.706+0000] {logging_mixin.py:190} INFO - [2026-09-14T23:07:05.706+0000] {dag.py:4180} INFO - Setting next_dagrun for weather_etl to 2026-09-14 23:00:00+00:00, run_after=2026-09-15 00:00:00+00:00
[2026-09-14T23:07:05.765+0000] {processor.py:208} INFO - Processing /opt/airflow/dags/weather_etl.py took 1.581 seconds
[2026-09-14T23:07:36.055+0000] {processor.py:186} INFO - Started process (PID=1027) to work on /opt/airflow/dags/weather_etl.py
[2026-09-14T23:07:36.057+0000] {processor.py:914} INFO - Processing file /opt/airflow/dags/weather_etl.py for tasks to queue
[2026-09-14T23:07:36.064+0000] {logging_mixin.py:190} INFO - [2026-09-14T23:07:36.063+0000] {dagbag.py:588} INFO - Filling up the DagBag from /opt/airflow/dags/weather_etl.py
[2026-09-14T23:07:37.466+0000] {processor.py:925} INFO - DAG(s) 'weather_etl' retrieved from /opt/airflow/dags/weather_etl.py
[2026-09-14T23:07:37.560+0000] {logging_mixin.py:190} INFO - [2026-09-14T23:07:37.559+0000] {dag.py:3239} INFO - Sync 1 DAGs
[2026-09-14T23:07:37.638+0000] {logging_mixin.py:190} INFO - [2026-09-14T23:07:37.637+0000] {dag.py:4180} INFO - Setting next_dagrun for weather_etl to 2026-09-14 23:00:00+00:00, run_after=2026-09-15 00:00:00+00:00
[2026-09-14T23:07:37.697+0000] {processor.py:208} INFO - Processing /opt/airflow/dags/weather_etl.py took 1.661 seconds
[2026-09-14T23:08:08.228+0000] {processor.py:186} INFO - Started process (PID=1033) to work on /opt/airflow/dags/weather_etl.py
[2026-09-14T23:08:08.231+0000] {processor.py:914} INFO - Processing file /opt/airflow/dags/weather_etl.py for tasks to queue
[2026-09-14T23:08:08.237+0000] {logging_mixin.py:190} INFO - [2026-09-14T23:08:08.236+0000] {dagbag.py:588} INFO - Filling up the DagBag from /opt/airflow/dags/weather_etl.py
[2026-09-14T23:08:09.699+0000] {processor.py:925} INFO - DAG(s) 'weather_etl' retrieved from /opt/airflow/dags/weather_etl.py
[2026-09-14T23:08:09.804+0000] {logging_mixin.py:190} INFO - [2026-09-14T23:08:09.804+0000] {dag.py:3239} INFO - Sync 1 DAGs
[2026-09-14T23:08:09.879+0000] {logging_mixin.py:190} INFO - [2026-09-14T23:08:09.879+0000] {dag.py:4180} INFO - Setting next_dagrun for weather_etl to 2026-09-14 23:00:00+00:00, run_after=2026-09-15 00:00:00+00:00
[2026-09-14T23:08:09.937+0000] {processor.py:208} INFO - Processing /opt/airflow/dags/weather_etl.py took 1.728 seconds
[2026-09-14T23:08:40.130+0000] {processor.py:186} INFO - Started process (PID=1039) to work on /opt/airflow/dags/weather_etl.py
[2026-09-14T23:08:40.133+0000] {processor.py:914} INFO - Processing file /opt/airflow/dags/weather_etl.py for tasks to queue
[2026-09-14T23:08:40.138+0000] {logging_mixin.py:190} INFO - [2026-09-14T23:08:40.138+0000] {dagbag.py:588} INFO - Filling up the DagBag from /opt/airflow/dags/weather_etl.py
[2026-09-14T23:08:41.537+0000] {processor.py:925} INFO - DAG(s) 'weather_etl' retrieved from /opt/airflow/dags/weather_etl.py
[2026-09-14T23:08:41.627+0000] {logging_mixin.py:190} INFO - [2026-09-14T23:08:41.626+0000] {dag.py:3239} INFO - Sync 1 DAGs
[2026-09-14T23:08:41.696+0000] {logging_mixin.py:190} INFO - [2026-09-14T23:08:41.695+0000] {dag.py:4180} INFO - Setting next_dagrun for weather_etl to 2026-09-14 23:00:00+00:00, run_after=2026-09-15 00:00:00+00:00
[2026-09-14T23:08:41.751+0000] {processor.py:208} INFO - Processing /opt/airflow/dags/weather_etl.py took 1.648 seconds
[2026-09-14T23:09:12.241+0000] {processor.py:186} INFO - Started process (PID=1045) to work on /opt/airflow/dags/weather_etl.py
[2026-09-14T23:09:12.244+0000] {processor.py:914} INFO - Processing file /opt/airflow/dags/weather_etl.py for tasks to queue
[2026-09-14T23:09:12.249+0000] {logging_mixin.py:190} INFO - [2026-09-14T23:09:12.248+0000] {dagbag.py:588} INFO - Filling up the DagBag from /opt/airflow/dags/weather_etl.py
[2026-09-14T23:09:13.520+0000] {processor.py:925} INFO - DAG(s) 'weather_etl' retrieved from /opt/airflow/dags/weather_etl.py
[2026-09-14T23:09:13.608+0000] {logging_mixin.py:190} INFO - [2026-09-14T23:09:13.608+0000] {dag.py:3239} INFO - Sync 1 DAGs
[2026-09-14T23:09:13.681+0000] {logging_mixin.py:190} INFO - [2026-09-14T23:09:13.681+0000] {dag.py:4180} INFO - Setting next_dagrun for weather_etl to 2026-09-14 23:00:00+00:00, run_after=2026-09-15 00:00:00+00:00
[2026-09-14T23:09:13.738+0000] {processor.py:208} INFO - Processing /opt/airflow/dags/weather_etl.py took 1.511 seconds
[2026-09-14T23:09:44.239+0000] {processor.py:186} INFO - Started process (PID=1051) to work on /opt/airflow/dags/weather_etl.py
[2026-09-14T23:09:44.241+0000] {processor.py:914} INFO - Processing file /opt/airflow/dags/weather_etl.py for tasks to queue
[2026-09-14T23:09:44.246+0000] {logging_mixin.py:190} INFO - [2026-09-14T23:09:44.245+0000] {dagbag.py:588} INFO - Filling up the DagBag from /opt/airflow/dags/weather_etl.py
[2026-09-14T23:09:45.576+0000] {processor.py:925} INFO - DAG(s) 'weather_etl' retrieved from /opt/airflow/dags/weather_etl.py
[2026-09-14T23:09:45.667+0000] {logging_mixin.py:190} INFO - [2026-09-14T23:09:45.666+0000] {dag.py:3239} INFO - Sync 1 DAGs
[2026-09-14T23:09:45.742+0000] {logging_mixin.py:190} INFO - [2026-09-14T23:09:45.742+0000] {dag.py:4180} INFO - Setting next_dagrun for weather_etl to 2026-09-14 23:00:00+00:00, run_after=2026-09-15 00:00:00+00:00
[2026-09-14T23:09:45.791+0000] {processor.py:208} INFO - Processing /opt/airflow/dags/weather_etl.py took 1.567 seconds
[2026-09-14T23:10:16.084+0000] {processor.py:186} INFO - Started process (PID=1057) to work on /opt/airflow/dags/weather_etl.py
[2026-09-14T23:10:16.087+0000] {processor.py:914} INFO - Processing file /opt/airflow/dags/weather_etl.py for tasks to queue
[2026-09-14T23:10:16.094+0000] {logging_mixin.py:190} INFO - [2026-09-14T23:10:16.093+0000] {dagbag.py:588} INFO - Filling up the DagBag from /opt/airflow/dags/weather_etl.py
[2026-09-14T23:10:17.406+0000] {processor.py:925} INFO - DAG(s) 'weather_etl' retrieved from /opt/airflow/dags/weather_etl.py
[2026-09-14T23:10:17.486+0000] {logging_mixin.py:190} INFO - [2026-09-14T23:10:17.486+0000] {dag.py:3239} INFO - Sync 1 DAGs
[2026-09-14T23:10:17.566+0000] {logging_mixin.py:190} INFO - [2026-09-14T23:10:17.566+0000] {dag.py:4180} INFO - Setting next_dagrun for weather_etl to 2026-09-14 23:00:00+00:00, run_after=2026-09-15 00:00:00+00:00
[2026-09-14T23:10:17.630+0000] {processor.py:208} INFO - Processing /opt/airflow/dags/weather_etl.py took 1.562 seconds
[2026-09-14T23:10:48.158+0000] {processor.py:186} INFO - Started process (PID=1063) to work on /opt/airflow/dags/weather_etl.py
[2026-09-14T23:10:48.160+0000] {processor.py:914} INFO - Processing file /opt/airflow/dags/weather_etl.py for tasks to queue
[2026-09-14T23:10:48.168+0000] {logging_mixin.py:190} INFO - [2026-09-14T23:10:48.167+0000] {dagbag.py:588} INFO - Filling up the DagBag from /opt/airflow/dags/weather_etl.py
[2026-09-14T23:10:49.795+0000] {processor.py:925} INFO - DAG(s) 'weather_etl' retrieved from /opt/airflow/dags/weather_etl.py
[2026-09-14T23:10:49.885+0000] {logging_mixin.py:190} INFO - [2026-09-14T23:10:49.884+0000] {dag.py:3239} INFO - Sync 1 DAGs
[2026-09-14T23:10:49.966+0000] {logging_mixin.py:190} INFO - [2026-09-14T23:10:49.965+0000] {dag.py:4180} INFO - Setting next_dagrun for weather_etl to 2026-09-14 23:00:00+00:00, run_after=2026-09-15 00:00:00+00:00
[2026-09-14T23:10:50.029+0000] {processor.py:208} INFO - Processing /opt/airflow/dags/weather_etl.py took 1.886 seconds
[2026-09-14T23:11:20.171+0000] {processor.py:186} INFO - Started process (PID=1069) to work on /opt/airflow/dags/weather_etl.py
[2026-09-14T23:11:20.174+0000] {processor.py:914} INFO - Processing file /opt/airflow/dags/weather_etl.py for tasks to queue
[2026-09-14T23:11:20.179+0000] {logging_mixin.py:190} INFO - [2026-09-14T23:11:20.178+0000] {dagbag.py:588} INFO - Filling up the DagBag from /opt/airflow/dags/weather_etl.py
[2026-09-14T23:11:21.644+0000] {processor.py:925} INFO - DAG(s) 'weather_etl' retrieved from /opt/airflow/dags/weather_etl.py
[2026-09-14T23:11:21.724+0000] {logging_mixin.py:190} INFO - [2026-09-14T23:11:21.723+0000] {dag.py:3239} INFO - Sync 1 DAGs
[2026-09-14T23:11:21.796+0000] {logging_mixin.py:190} INFO - [2026-09-14T23:11:21.796+0000] {dag.py:4180} INFO - Setting next_dagrun for weather_etl to 2026-09-14 23:00:00+00:00, run_after=2026-09-15 00:00:00+00:00
[2026-09-14T23:11:21.854+0000] {processor.py:208} INFO - Processing /opt/airflow/dags/weather_etl.py took 1.699 seconds
[2026-09-14T23:11:52.011+0000] {processor.py:186} INFO - Started process (PID=1075) to work on /opt/airflow/dags/weather_etl.py
[2026-09-14T23:11:52.013+0000] {processor.py:914} INFO - Processing file /opt/airflow/dags/weather_etl.py for tasks to queue
[2026-09-14T23:11:52.018+0000] {logging_mixin.py:190} INFO - [2026-09-14T23:11:52.017+0000] {dagbag.py:588} INFO - Filling up the DagBag from /opt/airflow/dags/weather_etl.py
[2026-09-14T23:11:53.371+0000] {processor.py:925} INFO - DAG(s) 'weather_etl' retrieved from /opt/airflow/dags/weather_etl.py
[2026-09-14T23:11:53.453+0000] {logging_mixin.py:190} INFO - [2026-09-14T23:11:53.453+0000] {dag.py:3239} INFO - Sync 1 DAGs
[2026-09-14T23:11:53.520+0000] {logging_mixin.py:190} INFO - [2026-09-14T23:11:53.520+0000] {dag.py:4180} INFO - Setting next_dagrun for weather_etl to 2026-09-14 23:00:00+00:00, run_after=2026-09-15 00:00:00+00:00
[2026-09-14T23:11:53.587+0000] {processor.py:208} INFO - Processing /opt/airflow/dags/weather_etl.py took 1.591 seconds
[2026-09-14T23:12:23.788+0000] {processor.py:186} INFO - Started process (PID=1081) to work on /opt/airflow/dags/weather_etl.py
[2026-09-14T23:12:23.791+0000] {processor.py:914} INFO - Processing file /opt/airflow/dags/weather_etl.py for tasks to queue
[2026-09-14T23:12:23.798+0000] {logging_mixin.py:190} INFO - [2026-09-14T23:12:23.797+0000] {dagbag.py:588} INFO - Filling up the DagBag from /opt/airflow/dags/weather_etl.py
[2026-09-14T23:12:25.282+0000] {processor.py:925} INFO - DAG(s) 'weather_etl' retrieved from /opt/airflow/dags/weather_etl.py
[2026-09-14T23:12:25.377+0000] {logging_mixin.py:190} INFO - [2026-09-14T23:12:25.376+0000] {dag.py:3239} INFO - Sync 1 DAGs
[2026-09-14T23:12:25.464+0000] {logging_mixin.py:190} INFO - [2026-09-14T23:12:25.463+0000] {dag.py:4180} INFO - Setting next_dagrun for weather_etl to 2026-09-14 23:00:00+00:00, run_after=2026-09-15 00:00:00+00:00
[2026-09-14T23:12:25.524+0000] {processor.py:208} INFO - Processing /opt/airflow/dags/weather_etl.py took 1.755 seconds
[2026-09-14T23:12:56.020+0000] {processor.py:186} INFO - Started process (PID=1087) to work on /opt/airflow/dags/weather_etl.py
[2026-09-14T23:12:56.023+0000] {processor.py:914} INFO - Processing file /opt/airflow/dags/weather_etl.py for tasks to queue
[2026-09-14T23:12:56.031+0000] {logging_mixin.py:190} INFO - [2026-09-14T23:12:56.030+0000] {dagbag.py:588} INFO - Filling up the DagBag from /opt/airflow/dags/weather_etl.py
[2026-09-14T23:12:57.392+0000] {processor.py:925} INFO - DAG(s) 'weather_etl' retrieved from /opt/airflow/dags/weather_etl.py
[2026-09-14T23:12:57.494+0000] {logging_mixin.py:190} INFO - [2026-09-14T23:12:57.494+0000] {dag.py:3239} INFO - Sync 1 DAGs
[2026-09-14T23:12:57.584+0000] {logging_mixin.py:190} INFO - [2026-09-14T23:12:57.583+0000] {dag.py:4180} INFO - Setting next_dagrun for weather_etl to 2026-09-14 23:00:00+00:00, run_after=2026-09-15 00:00:00+00:00
[2026-09-14T23:12:57.650+0000] {processor.py:208} INFO - Processing /opt/airflow/dags/weather_etl.py took 1.647 seconds
[2026-09-14T23:13:27.928+0000] {processor.py:186} INFO - Started process (PID=1093) to work on /opt/airflow/dags/weather_etl.py
[2026-09-14T23:13:27.932+0000] {processor.py:914} INFO - Processing file /opt/airflow/dags/weather_etl.py for tasks to queue
[2026-09-14T23:13:27.941+0000] {logging_mixin.py:190} INFO - [2026-09-14T23:13:27.940+0000] {dagbag.py:588} INFO - Filling up the DagBag from /opt/airflow/dags/weather_etl.py
[2026-09-14T23:13:29.333+0000] {processor.py:925} INFO - DAG(s) 'weather_etl' retrieved from /opt/airflow/dags/weather_etl.py
[2026-09-14T23:13:29.438+0000] {logging_mixin.py:190} INFO - [2026-09-14T23:13:29.437+0000] {dag.py:3239} INFO - Sync 1 DAGs
[2026-09-14T23:13:29.525+0000] {logging_mixin.py:190} INFO - [2026-09-14T23:13:29.523+0000] {dag.py:4180} INFO - Setting next_dagrun for weather_etl to 2026-09-14 23:00:00+00:00, run_after=2026-09-15 00:00:00+00:00
[2026-09-14T23:13:29.589+0000] {processor.py:208} INFO - Processing /opt/airflow/dags/weather_etl.py took 1.685 seconds
[2026-09-14T23:14:00.088+0000] {processor.py:186} INFO - Started process (PID=1099) to work on /opt/airflow/dags/weather_etl.py
[2026-09-14T23:14:00.091+0000] {processor.py:914} INFO - Processing file /opt/airflow/dags/weather_etl.py for tasks to queue
[2026-09-14T23:14:00.098+0000] {logging_mixin.py:190} INFO - [2026-09-14T23:14:00.097+0000] {dagbag.py:588} INFO - Filling up the DagBag from /opt/airflow/dags/weather_etl.py
[2026-09-14T23:14:01.289+0000] {processor.py:925} INFO - DAG(s) 'weather_etl' retrieved from /opt/airflow/dags/weather_etl.py
[2026-09-14T23:14:01.372+0000] {logging_mixin.py:190} INFO - [2026-09-14T23:14:01.372+0000] {dag.py:3239} INFO - Sync 1 DAGs
[2026-09-14T23:14:01.447+0000] {logging_mixin.py:190} INFO - [2026-09-14T23:14:01.447+0000] {dag.py:4180} INFO - Setting next_dagrun for weather_etl to 2026-09-14 23:00:00+00:00, run_after=2026-09-15 00:00:00+00:00
[2026-09-14T23:14:01.508+0000] {processor.py:208} INFO - Processing /opt/airflow/dags/weather_etl.py took 1.435 seconds
[2026-09-14T23:14:31.971+0000] {processor.py:186} INFO - Started process (PID=1105) to work on /opt/airflow/dags/weather_etl.py
[2026-09-14T23:14:31.974+0000] {processor.py:914} INFO - Processing file /opt/airflow/dags/weather_etl.py for tasks to queue
[2026-09-14T23:14:31.978+0000] {logging_mixin.py:190} INFO - [2026-09-14T23:14:31.978+0000] {dagbag.py:588} INFO - Filling up the DagBag from /opt/airflow/dags/weather_etl.py
[2026-09-14T23:14:33.191+0000] {processor.py:925} INFO - DAG(s) 'weather_etl' retrieved from /opt/airflow/dags/weather_etl.py
[2026-09-14T23:14:33.286+0000] {logging_mixin.py:190} INFO - [2026-09-14T23:14:33.285+0000] {dag.py:3239} INFO - Sync 1 DAGs
[2026-09-14T23:14:33.367+0000] {logging_mixin.py:190} INFO - [2026-09-14T23:14:33.366+0000] {dag.py:4180} INFO - Setting next_dagrun for weather_etl to 2026-09-14 23:00:00+00:00, run_after=2026-09-15 00:00:00+00:00
[2026-09-14T23:14:33.426+0000] {processor.py:208} INFO - Processing /opt/airflow/dags/weather_etl.py took 1.468 seconds
[2026-09-14T23:15:03.975+0000] {processor.py:186} INFO - Started process (PID=1111) to work on /opt/airflow/dags/weather_etl.py
[2026-09-14T23:15:03.979+0000] {processor.py:914} INFO - Processing file /opt/airflow/dags/weather_etl.py for tasks to queue
[2026-09-14T23:15:03.987+0000] {logging_mixin.py:190} INFO - [2026-09-14T23:15:03.986+0000] {dagbag.py:588} INFO - Filling up the DagBag from /opt/airflow/dags/weather_etl.py
[2026-09-14T23:15:05.404+0000] {processor.py:925} INFO - DAG(s) 'weather_etl' retrieved from /opt/airflow/dags/weather_etl.py
[2026-09-14T23:15:05.489+0000] {logging_mixin.py:190} INFO - [2026-09-14T23:15:05.488+0000] {dag.py:3239} INFO - Sync 1 DAGs
[2026-09-14T23:15:05.587+0000] {logging_mixin.py:190} INFO - [2026-09-14T23:15:05.587+0000] {dag.py:4180} INFO - Setting next_dagrun for weather_etl to 2026-09-14 23:00:00+00:00, run_after=2026-09-15 00:00:00+00:00
[2026-09-14T23:15:05.652+0000] {processor.py:208} INFO - Processing /opt/airflow/dags/weather_etl.py took 1.698 seconds
[2026-09-14T23:15:35.837+0000] {processor.py:186} INFO - Started process (PID=1117) to work on /opt/airflow/dags/weather_etl.py
[2026-09-14T23:15:35.840+0000] {processor.py:914} INFO - Processing file /opt/airflow/dags/weather_etl.py for tasks to queue
[2026-09-14T23:15:35.846+0000] {logging_mixin.py:190} INFO - [2026-09-14T23:15:35.845+0000] {dagbag.py:588} INFO - Filling up the DagBag from /opt/airflow/dags/weather_etl.py
[2026-09-14T23:15:37.088+0000] {processor.py:925} INFO - DAG(s) 'weather_etl' retrieved from /opt/airflow/dags/weather_etl.py
[2026-09-14T23:15:37.185+0000] {logging_mixin.py:190} INFO - [2026-09-14T23:15:37.185+0000] {dag.py:3239} INFO - Sync 1 DAGs
[2026-09-14T23:15:37.259+0000] {logging_mixin.py:190} INFO - [2026-09-14T23:15:37.259+0000] {dag.py:4180} INFO - Setting next_dagrun for weather_etl to 2026-09-14 23:00:00+00:00, run_after=2026-09-15 00:00:00+00:00
[2026-09-14T23:15:37.319+0000] {processor.py:208} INFO - Processing /opt/airflow/dags/weather_etl.py took 1.495 seconds
[2026-09-14T23:16:07.545+0000] {processor.py:186} INFO - Started process (PID=1123) to work on /opt/airflow/dags/weather_etl.py
[2026-09-14T23:16:07.547+0000] {processor.py:914} INFO - Processing file /opt/airflow/dags/weather_etl.py for tasks to queue
[2026-09-14T23:16:07.553+0000] {logging_mixin.py:190} INFO - [2026-09-14T23:16:07.552+0000] {dagbag.py:588} INFO - Filling up the DagBag from /opt/airflow/dags/weather_etl.py
[2026-09-14T23:16:08.931+0000] {processor.py:925} INFO - DAG(s) 'weather_etl' retrieved from /opt/airflow/dags/weather_etl.py
[2026-09-14T23:16:09.016+0000] {logging_mixin.py:190} INFO - [2026-09-14T23:16:09.015+0000] {dag.py:3239} INFO - Sync 1 DAGs
[2026-09-14T23:16:09.085+0000] {logging_mixin.py:190} INFO - [2026-09-14T23:16:09.085+0000] {dag.py:4180} INFO - Setting next_dagrun for weather_etl to 2026-09-14 23:00:00+00:00, run_after=2026-09-15 00:00:00+00:00
[2026-09-14T23:16:09.135+0000] {processor.py:208} INFO - Processing /opt/airflow/dags/weather_etl.py took 1.603 seconds
[2026-09-14T23:16:39.627+0000] {processor.py:186} INFO - Started process (PID=1129) to work on /opt/airflow/dags/weather_etl.py
[2026-09-14T23:16:39.630+0000] {processor.py:914} INFO - Processing file /opt/airflow/dags/weather_etl.py for tasks to queue
[2026-09-14T23:16:39.637+0000] {logging_mixin.py:190} INFO - [2026-09-14T23:16:39.636+0000] {dagbag.py:588} INFO - Filling up the DagBag from /opt/airflow/dags/weather_etl.py
[2026-09-14T23:16:41.011+0000] {processor.py:925} INFO - DAG(s) 'weather_etl' retrieved from /opt/airflow/dags/weather_etl.py
[2026-09-14T23:16:41.111+0000] {logging_mixin.py:190} INFO - [2026-09-14T23:16:41.111+0000] {dag.py:3239} INFO - Sync 1 DAGs
[2026-09-14T23:16:41.194+0000] {logging_mixin.py:190} INFO - [2026-09-14T23:16:41.194+0000] {dag.py:4180} INFO - Setting next_dagrun for weather_etl to 2026-09-14 23:00:00+00:00, run_after=2026-09-15 00:00:00+00:00
[2026-09-14T23:16:41.292+0000] {processor.py:208} INFO - Processing /opt/airflow/dags/weather_etl.py took 1.679 seconds
[2026-09-14T23:17:12.264+0000] {processor.py:186} INFO - Started process (PID=1135) to work on /opt/airflow/dags/weather_etl.py
[2026-09-14T23:17:12.267+0000] {processor.py:914} INFO - Processing file /opt/airflow/dags/weather_etl.py for tasks to queue
[2026-09-14T23:17:12.275+0000] {logging_mixin.py:190} INFO - [2026-09-14T23:17:12.274+0000] {dagbag.py:588} INFO - Filling up the DagBag from /opt/airflow/dags/weather_etl.py
[2026-09-14T23:17:13.241+0000] {processor.py:925} INFO - DAG(s) 'weather_etl' retrieved from /opt/airflow/dags/weather_etl.py
[2026-09-14T23:17:13.344+0000] {logging_mixin.py:190} INFO - [2026-09-14T23:17:13.343+0000] {dag.py:3239} INFO - Sync 1 DAGs
[2026-09-14T23:17:13.428+0000] {logging_mixin.py:190} INFO - [2026-09-14T23:17:13.428+0000] {dag.py:4180} INFO - Setting next_dagrun for weather_etl to 2026-09-14 23:00:00+00:00, run_after=2026-09-15 00:00:00+00:00
[2026-09-14T23:17:13.487+0000] {processor.py:208} INFO - Processing /opt/airflow/dags/weather_etl.py took 1.246 seconds
[2026-09-14T23:17:43.733+0000] {processor.py:186} INFO - Started process (PID=1141) to work on /opt/airflow/dags/weather_etl.py
[2026-09-14T23:17:43.736+0000] {processor.py:914} INFO - Processing file /opt/airflow/dags/weather_etl.py for tasks to queue
[2026-09-14T23:17:43.744+0000] {logging_mixin.py:190} INFO - [2026-09-14T23:17:43.743+0000] {dagbag.py:588} INFO - Filling up the DagBag from /opt/airflow/dags/weather_etl.py
[2026-09-14T23:17:44.772+0000] {processor.py:925} INFO - DAG(s) 'weather_etl' retrieved from /opt/airflow/dags/weather_etl.py
[2026-09-14T23:17:44.887+0000] {logging_mixin.py:190} INFO - [2026-09-14T23:17:44.886+0000] {dag.py:3239} INFO - Sync 1 DAGs
[2026-09-14T23:17:44.975+0000] {logging_mixin.py:190} INFO - [2026-09-14T23:17:44.974+0000] {dag.py:4180} INFO - Setting next_dagrun for weather_etl to 2026-09-14 23:00:00+00:00, run_after=2026-09-15 00:00:00+00:00
[2026-09-14T23:17:45.039+0000] {processor.py:208} INFO - Processing /opt/airflow/dags/weather_etl.py took 1.326 seconds
[2026-09-14T23:18:15.439+0000] {processor.py:186} INFO - Started process (PID=1147) to work on /opt/airflow/dags/weather_etl.py
[2026-09-14T23:18:15.442+0000] {processor.py:914} INFO - Processing file /opt/airflow/dags/weather_etl.py for tasks to queue
[2026-09-14T23:18:15.450+0000] {logging_mixin.py:190} INFO - [2026-09-14T23:18:15.449+0000] {dagbag.py:588} INFO - Filling up the DagBag from /opt/airflow/dags/weather_etl.py
[2026-09-14T23:18:16.451+0000] {processor.py:925} INFO - DAG(s) 'weather_etl' retrieved from /opt/airflow/dags/weather_etl.py
[2026-09-14T23:18:16.578+0000] {logging_mixin.py:190} INFO - [2026-09-14T23:18:16.578+0000] {dag.py:3239} INFO - Sync 1 DAGs
[2026-09-14T23:18:16.682+0000] {logging_mixin.py:190} INFO - [2026-09-14T23:18:16.681+0000] {dag.py:4180} INFO - Setting next_dagrun for weather_etl to 2026-09-14 23:00:00+00:00, run_after=2026-09-15 00:00:00+00:00
[2026-09-14T23:18:16.753+0000] {processor.py:208} INFO - Processing /opt/airflow/dags/weather_etl.py took 1.336 seconds
[2026-09-14T23:18:46.968+0000] {processor.py:186} INFO - Started process (PID=1153) to work on /opt/airflow/dags/weather_etl.py
[2026-09-14T23:18:46.970+0000] {processor.py:914} INFO - Processing file /opt/airflow/dags/weather_etl.py for tasks to queue
[2026-09-14T23:18:46.978+0000] {logging_mixin.py:190} INFO - [2026-09-14T23:18:46.977+0000] {dagbag.py:588} INFO - Filling up the DagBag from /opt/airflow/dags/weather_etl.py
[2026-09-14T23:18:47.963+0000] {processor.py:925} INFO - DAG(s) 'weather_etl' retrieved from /opt/airflow/dags/weather_etl.py
[2026-09-14T23:18:48.080+0000] {logging_mixin.py:190} INFO - [2026-09-14T23:18:48.080+0000] {dag.py:3239} INFO - Sync 1 DAGs
[2026-09-14T23:18:48.181+0000] {logging_mixin.py:190} INFO - [2026-09-14T23:18:48.180+0000] {dag.py:4180} INFO - Setting next_dagrun for weather_etl to 2026-09-14 23:00:00+00:00, run_after=2026-09-15 00:00:00+00:00
[2026-09-14T23:18:48.255+0000] {processor.py:208} INFO - Processing /opt/airflow/dags/weather_etl.py took 1.312 seconds
[2026-09-14T23:19:18.697+0000] {processor.py:186} INFO - Started process (PID=1159) to work on /opt/airflow/dags/weather_etl.py
[2026-09-14T23:19:18.699+0000] {processor.py:914} INFO - Processing file /opt/airflow/dags/weather_etl.py for tasks to queue
[2026-09-14T23:19:18.707+0000] {logging_mixin.py:190} INFO - [2026-09-14T23:19:18.706+0000] {dagbag.py:588} INFO - Filling up the DagBag from /opt/airflow/dags/weather_etl.py
[2026-09-14T23:19:19.879+0000] {processor.py:925} INFO - DAG(s) 'weather_etl' retrieved from /opt/airflow/dags/weather_etl.py
[2026-09-14T23:19:19.993+0000] {logging_mixin.py:190} INFO - [2026-09-14T23:19:19.992+0000] {dag.py:3239} INFO - Sync 1 DAGs
[2026-09-14T23:19:20.096+0000] {logging_mixin.py:190} INFO - [2026-09-14T23:19:20.095+0000] {dag.py:4180} INFO - Setting next_dagrun for weather_etl to 2026-09-14 23:00:00+00:00, run_after=2026-09-15 00:00:00+00:00
[2026-09-14T23:19:20.159+0000] {processor.py:208} INFO - Processing /opt/airflow/dags/weather_etl.py took 1.483 seconds
[2026-09-14T23:19:50.660+0000] {processor.py:186} INFO - Started process (PID=1165) to work on /opt/airflow/dags/weather_etl.py
[2026-09-14T23:19:50.663+0000] {processor.py:914} INFO - Processing file /opt/airflow/dags/weather_etl.py for tasks to queue
[2026-09-14T23:19:50.668+0000] {logging_mixin.py:190} INFO - [2026-09-14T23:19:50.667+0000] {dagbag.py:588} INFO - Filling up the DagBag from /opt/airflow/dags/weather_etl.py
[2026-09-14T23:19:51.687+0000] {processor.py:925} INFO - DAG(s) 'weather_etl' retrieved from /opt/airflow/dags/weather_etl.py
[2026-09-14T23:19:51.802+0000] {logging_mixin.py:190} INFO - [2026-09-14T23:19:51.801+0000] {dag.py:3239} INFO - Sync 1 DAGs
[2026-09-14T23:19:51.904+0000] {logging_mixin.py:190} INFO - [2026-09-14T23:19:51.904+0000] {dag.py:4180} INFO - Setting next_dagrun for weather_etl to 2026-09-14 23:00:00+00:00, run_after=2026-09-15 00:00:00+00:00
[2026-09-14T23:19:51.980+0000] {processor.py:208} INFO - Processing /opt/airflow/dags/weather_etl.py took 1.334 seconds
[2026-09-14T23:20:22.104+0000] {processor.py:186} INFO - Started process (PID=1171) to work on /opt/airflow/dags/weather_etl.py
[2026-09-14T23:20:22.107+0000] {processor.py:914} INFO - Processing file /opt/airflow/dags/weather_etl.py for tasks to queue
[2026-09-14T23:20:22.113+0000] {logging_mixin.py:190} INFO - [2026-09-14T23:20:22.112+0000] {dagbag.py:588} INFO - Filling up the DagBag from /opt/airflow/dags/weather_etl.py
[2026-09-14T23:20:23.092+0000] {processor.py:925} INFO - DAG(s) 'weather_etl' retrieved from /opt/airflow/dags/weather_etl.py
[2026-09-14T23:20:23.202+0000] {logging_mixin.py:190} INFO - [2026-09-14T23:20:23.201+0000] {dag.py:3239} INFO - Sync 1 DAGs
[2026-09-14T23:20:23.280+0000] {logging_mixin.py:190} INFO - [2026-09-14T23:20:23.280+0000] {dag.py:4180} INFO - Setting next_dagrun for weather_etl to 2026-09-14 23:00:00+00:00, run_after=2026-09-15 00:00:00+00:00
[2026-09-14T23:20:23.338+0000] {processor.py:208} INFO - Processing /opt/airflow/dags/weather_etl.py took 1.249 seconds
[2026-09-14T23:20:53.555+0000] {processor.py:186} INFO - Started process (PID=1177) to work on /opt/airflow/dags/weather_etl.py
[2026-09-14T23:20:53.559+0000] {processor.py:914} INFO - Processing file /opt/airflow/dags/weather_etl.py for tasks to queue
[2026-09-14T23:20:53.566+0000] {logging_mixin.py:190} INFO - [2026-09-14T23:20:53.565+0000] {dagbag.py:588} INFO - Filling up the DagBag from /opt/airflow/dags/weather_etl.py
[2026-09-14T23:20:54.467+0000] {processor.py:925} INFO - DAG(s) 'weather_etl' retrieved from /opt/airflow/dags/weather_etl.py
[2026-09-14T23:20:54.578+0000] {logging_mixin.py:190} INFO - [2026-09-14T23:20:54.578+0000] {dag.py:3239} INFO - Sync 1 DAGs
[2026-09-14T23:20:54.653+0000] {logging_mixin.py:190} INFO - [2026-09-14T23:20:54.652+0000] {dag.py:4180} INFO - Setting next_dagrun for weather_etl to 2026-09-14 23:00:00+00:00, run_after=2026-09-15 00:00:00+00:00
[2026-09-14T23:20:54.711+0000] {processor.py:208} INFO - Processing /opt/airflow/dags/weather_etl.py took 1.176 seconds
[2026-09-14T23:21:24.990+0000] {processor.py:186} INFO - Started process (PID=1183) to work on /opt/airflow/dags/weather_etl.py
[2026-09-14T23:21:24.993+0000] {processor.py:914} INFO - Processing file /opt/airflow/dags/weather_etl.py for tasks to queue
[2026-09-14T23:21:24.999+0000] {logging_mixin.py:190} INFO - [2026-09-14T23:21:24.998+0000] {dagbag.py:588} INFO - Filling up the DagBag from /opt/airflow/dags/weather_etl.py
[2026-09-14T23:21:25.942+0000] {processor.py:925} INFO - DAG(s) 'weather_etl' retrieved from /opt/airflow/dags/weather_etl.py
[2026-09-14T23:21:26.042+0000] {logging_mixin.py:190} INFO - [2026-09-14T23:21:26.041+0000] {dag.py:3239} INFO - Sync 1 DAGs
[2026-09-14T23:21:26.126+0000] {logging_mixin.py:190} INFO - [2026-09-14T23:21:26.125+0000] {dag.py:4180} INFO - Setting next_dagrun for weather_etl to 2026-09-14 23:00:00+00:00, run_after=2026-09-15 00:00:00+00:00
[2026-09-14T23:21:26.193+0000] {processor.py:208} INFO - Processing /opt/airflow/dags/weather_etl.py took 1.220 seconds
[2026-09-14T23:21:56.722+0000] {processor.py:186} INFO - Started process (PID=1189) to work on /opt/airflow/dags/weather_etl.py
[2026-09-14T23:21:56.724+0000] {processor.py:914} INFO - Processing file /opt/airflow/dags/weather_etl.py for tasks to queue
[2026-09-14T23:21:56.729+0000] {logging_mixin.py:190} INFO - [2026-09-14T23:21:56.728+0000] {dagbag.py:588} INFO - Filling up the DagBag from /opt/airflow/dags/weather_etl.py
[2026-09-14T23:21:57.584+0000] {processor.py:925} INFO - DAG(s) 'weather_etl' retrieved from /opt/airflow/dags/weather_etl.py
[2026-09-14T23:21:57.716+0000] {logging_mixin.py:190} INFO - [2026-09-14T23:21:57.715+0000] {dag.py:3239} INFO - Sync 1 DAGs
[2026-09-14T23:21:57.825+0000] {logging_mixin.py:190} INFO - [2026-09-14T23:21:57.825+0000] {dag.py:4180} INFO - Setting next_dagrun for weather_etl to 2026-09-14 23:00:00+00:00, run_after=2026-09-15 00:00:00+00:00
[2026-09-14T23:21:57.900+0000] {processor.py:208} INFO - Processing /opt/airflow/dags/weather_etl.py took 1.194 seconds
[2026-09-14T23:22:28.163+0000] {processor.py:186} INFO - Started process (PID=1195) to work on /opt/airflow/dags/weather_etl.py
[2026-09-14T23:22:28.166+0000] {processor.py:914} INFO - Processing file /opt/airflow/dags/weather_etl.py for tasks to queue
[2026-09-14T23:22:28.174+0000] {logging_mixin.py:190} INFO - [2026-09-14T23:22:28.173+0000] {dagbag.py:588} INFO - Filling up the DagBag from /opt/airflow/dags/weather_etl.py
[2026-09-14T23:22:29.160+0000] {processor.py:925} INFO - DAG(s) 'weather_etl' retrieved from /opt/airflow/dags/weather_etl.py
[2026-09-14T23:22:29.277+0000] {logging_mixin.py:190} INFO - [2026-09-14T23:22:29.276+0000] {dag.py:3239} INFO - Sync 1 DAGs
[2026-09-14T23:22:29.362+0000] {logging_mixin.py:190} INFO - [2026-09-14T23:22:29.361+0000] {dag.py:4180} INFO - Setting next_dagrun for weather_etl to 2026-09-14 23:00:00+00:00, run_after=2026-09-15 00:00:00+00:00
[2026-09-14T23:22:29.427+0000] {processor.py:208} INFO - Processing /opt/airflow/dags/weather_etl.py took 1.282 seconds
[2026-09-14T23:22:59.822+0000] {processor.py:186} INFO - Started process (PID=1201) to work on /opt/airflow/dags/weather_etl.py
[2026-09-14T23:22:59.824+0000] {processor.py:914} INFO - Processing file /opt/airflow/dags/weather_etl.py for tasks to queue
[2026-09-14T23:22:59.828+0000] {logging_mixin.py:190} INFO - [2026-09-14T23:22:59.827+0000] {dagbag.py:588} INFO - Filling up the DagBag from /opt/airflow/dags/weather_etl.py
[2026-09-14T23:23:00.704+0000] {processor.py:925} INFO - DAG(s) 'weather_etl' retrieved from /opt/airflow/dags/weather_etl.py
[2026-09-14T23:23:00.811+0000] {logging_mixin.py:190} INFO - [2026-09-14T23:23:00.811+0000] {dag.py:3239} INFO - Sync 1 DAGs
[2026-09-14T23:23:00.913+0000] {logging_mixin.py:190} INFO - [2026-09-14T23:23:00.912+0000] {dag.py:4180} INFO - Setting next_dagrun for weather_etl to 2026-09-14 23:00:00+00:00, run_after=2026-09-15 00:00:00+00:00
[2026-09-14T23:23:00.977+0000] {processor.py:208} INFO - Processing /opt/airflow/dags/weather_etl.py took 1.168 seconds
[2026-09-14T23:23:31.325+0000] {processor.py:186} INFO - Started process (PID=1207) to work on /opt/airflow/dags/weather_etl.py
[2026-09-14T23:23:31.328+0000] {processor.py:914} INFO - Processing file /opt/airflow/dags/weather_etl.py for tasks to queue
[2026-09-14T23:23:31.335+0000] {logging_mixin.py:190} INFO - [2026-09-14T23:23:31.334+0000] {dagbag.py:588} INFO - Filling up the DagBag from /opt/airflow/dags/weather_etl.py
[2026-09-14T23:23:32.420+0000] {processor.py:925} INFO - DAG(s) 'weather_etl' retrieved from /opt/airflow/dags/weather_etl.py
[2026-09-14T23:23:32.525+0000] {logging_mixin.py:190} INFO - [2026-09-14T23:23:32.524+0000] {dag.py:3239} INFO - Sync 1 DAGs
[2026-09-14T23:23:32.605+0000] {logging_mixin.py:190} INFO - [2026-09-14T23:23:32.604+0000] {dag.py:4180} INFO - Setting next_dagrun for weather_etl to 2026-09-14 23:00:00+00:00, run_after=2026-09-15 00:00:00+00:00
[2026-09-14T23:23:32.666+0000] {processor.py:208} INFO - Processing /opt/airflow/dags/weather_etl.py took 1.360 seconds
[2026-09-14T23:24:02.880+0000] {processor.py:186} INFO - Started process (PID=1213) to work on /opt/airflow/dags/weather_etl.py
[2026-09-14T23:24:02.883+0000] {processor.py:914} INFO - Processing file /opt/airflow/dags/weather_etl.py for tasks to queue
[2026-09-14T23:24:02.890+0000] {logging_mixin.py:190} INFO - [2026-09-14T23:24:02.889+0000] {dagbag.py:588} INFO - Filling up the DagBag from /opt/airflow/dags/weather_etl.py
[2026-09-14T23:24:03.882+0000] {processor.py:925} INFO - DAG(s) 'weather_etl' retrieved from /opt/airflow/dags/weather_etl.py
[2026-09-14T23:24:03.984+0000] {logging_mixin.py:190} INFO - [2026-09-14T23:24:03.984+0000] {dag.py:3239} INFO - Sync 1 DAGs
[2026-09-14T23:24:04.067+0000] {logging_mixin.py:190} INFO - [2026-09-14T23:24:04.066+0000] {dag.py:4180} INFO - Setting next_dagrun for weather_etl to 2026-09-14 23:00:00+00:00, run_after=2026-09-15 00:00:00+00:00
[2026-09-14T23:24:04.142+0000] {processor.py:208} INFO - Processing /opt/airflow/dags/weather_etl.py took 1.282 seconds
[2026-09-14T23:24:34.575+0000] {processor.py:186} INFO - Started process (PID=1219) to work on /opt/airflow/dags/weather_etl.py
[2026-09-14T23:24:34.579+0000] {processor.py:914} INFO - Processing file /opt/airflow/dags/weather_etl.py for tasks to queue
[2026-09-14T23:24:34.586+0000] {logging_mixin.py:190} INFO - [2026-09-14T23:24:34.585+0000] {dagbag.py:588} INFO - Filling up the DagBag from /opt/airflow/dags/weather_etl.py
[2026-09-14T23:24:35.660+0000] {processor.py:925} INFO - DAG(s) 'weather_etl' retrieved from /opt/airflow/dags/weather_etl.py
[2026-09-14T23:24:35.758+0000] {logging_mixin.py:190} INFO - [2026-09-14T23:24:35.758+0000] {dag.py:3239} INFO - Sync 1 DAGs
[2026-09-14T23:24:35.848+0000] {logging_mixin.py:190} INFO - [2026-09-14T23:24:35.847+0000] {dag.py:4180} INFO - Setting next_dagrun for weather_etl to 2026-09-14 23:00:00+00:00, run_after=2026-09-15 00:00:00+00:00
[2026-09-14T23:24:35.912+0000] {processor.py:208} INFO - Processing /opt/airflow/dags/weather_etl.py took 1.357 seconds
[2026-09-14T23:25:06.391+0000] {processor.py:186} INFO - Started process (PID=1225) to work on /opt/airflow/dags/weather_etl.py
[2026-09-14T23:25:06.393+0000] {processor.py:914} INFO - Processing file /opt/airflow/dags/weather_etl.py for tasks to queue
[2026-09-14T23:25:06.398+0000] {logging_mixin.py:190} INFO - [2026-09-14T23:25:06.397+0000] {dagbag.py:588} INFO - Filling up the DagBag from /opt/airflow/dags/weather_etl.py
[2026-09-14T23:25:07.327+0000] {processor.py:925} INFO - DAG(s) 'weather_etl' retrieved from /opt/airflow/dags/weather_etl.py
[2026-09-14T23:25:07.421+0000] {logging_mixin.py:190} INFO - [2026-09-14T23:25:07.420+0000] {dag.py:3239} INFO - Sync 1 DAGs
[2026-09-14T23:25:07.494+0000] {logging_mixin.py:190} INFO - [2026-09-14T23:25:07.493+0000] {dag.py:4180} INFO - Setting next_dagrun for weather_etl to 2026-09-14 23:00:00+00:00, run_after=2026-09-15 00:00:00+00:00
[2026-09-14T23:25:07.568+0000] {processor.py:208} INFO - Processing /opt/airflow/dags/weather_etl.py took 1.193 seconds
[2026-09-14T23:25:37.819+0000] {processor.py:186} INFO - Started process (PID=1231) to work on /opt/airflow/dags/weather_etl.py
[2026-09-14T23:25:37.823+0000] {processor.py:914} INFO - Processing file /opt/airflow/dags/weather_etl.py for tasks to queue
[2026-09-14T23:25:37.831+0000] {logging_mixin.py:190} INFO - [2026-09-14T23:25:37.830+0000] {dagbag.py:588} INFO - Filling up the DagBag from /opt/airflow/dags/weather_etl.py
[2026-09-14T23:25:38.794+0000] {processor.py:925} INFO - DAG(s) 'weather_etl' retrieved from /opt/airflow/dags/weather_etl.py
[2026-09-14T23:25:38.900+0000] {logging_mixin.py:190} INFO - [2026-09-14T23:25:38.899+0000] {dag.py:3239} INFO - Sync 1 DAGs
[2026-09-14T23:25:38.979+0000] {logging_mixin.py:190} INFO - [2026-09-14T23:25:38.979+0000] {dag.py:4180} INFO - Setting next_dagrun for weather_etl to 2026-09-14 23:00:00+00:00, run_after=2026-09-15 00:00:00+00:00
[2026-09-14T23:25:39.048+0000] {processor.py:208} INFO - Processing /opt/airflow/dags/weather_etl.py took 1.253 seconds
[2026-09-14T23:26:09.478+0000] {processor.py:186} INFO - Started process (PID=1237) to work on /opt/airflow/dags/weather_etl.py
[2026-09-14T23:26:09.480+0000] {processor.py:914} INFO - Processing file /opt/airflow/dags/weather_etl.py for tasks to queue
[2026-09-14T23:26:09.489+0000] {logging_mixin.py:190} INFO - [2026-09-14T23:26:09.488+0000] {dagbag.py:588} INFO - Filling up the DagBag from /opt/airflow/dags/weather_etl.py
[2026-09-14T23:26:10.529+0000] {processor.py:925} INFO - DAG(s) 'weather_etl' retrieved from /opt/airflow/dags/weather_etl.py
[2026-09-14T23:26:10.640+0000] {logging_mixin.py:190} INFO - [2026-09-14T23:26:10.639+0000] {dag.py:3239} INFO - Sync 1 DAGs
[2026-09-14T23:26:10.727+0000] {logging_mixin.py:190} INFO - [2026-09-14T23:26:10.727+0000] {dag.py:4180} INFO - Setting next_dagrun for weather_etl to 2026-09-14 23:00:00+00:00, run_after=2026-09-15 00:00:00+00:00
[2026-09-14T23:26:10.794+0000] {processor.py:208} INFO - Processing /opt/airflow/dags/weather_etl.py took 1.335 seconds
[2026-09-14T23:26:40.942+0000] {processor.py:186} INFO - Started process (PID=1243) to work on /opt/airflow/dags/weather_etl.py
[2026-09-14T23:26:40.945+0000] {processor.py:914} INFO - Processing file /opt/airflow/dags/weather_etl.py for tasks to queue
[2026-09-14T23:26:40.952+0000] {logging_mixin.py:190} INFO - [2026-09-14T23:26:40.951+0000] {dagbag.py:588} INFO - Filling up the DagBag from /opt/airflow/dags/weather_etl.py
[2026-09-14T23:26:41.982+0000] {processor.py:925} INFO - DAG(s) 'weather_etl' retrieved from /opt/airflow/dags/weather_etl.py
[2026-09-14T23:26:42.089+0000] {logging_mixin.py:190} INFO - [2026-09-14T23:26:42.088+0000] {dag.py:3239} INFO - Sync 1 DAGs
[2026-09-14T23:26:42.172+0000] {logging_mixin.py:190} INFO - [2026-09-14T23:26:42.171+0000] {dag.py:4180} INFO - Setting next_dagrun for weather_etl to 2026-09-14 23:00:00+00:00, run_after=2026-09-15 00:00:00+00:00
[2026-09-14T23:26:42.230+0000] {processor.py:208} INFO - Processing /opt/airflow/dags/weather_etl.py took 1.306 seconds
[2026-09-14T23:27:12.778+0000] {processor.py:186} INFO - Started process (PID=1249) to work on /opt/airflow/dags/weather_etl.py
[2026-09-14T23:27:12.780+0000] {processor.py:914} INFO - Processing file /opt/airflow/dags/weather_etl.py for tasks to queue
[2026-09-14T23:27:12.786+0000] {logging_mixin.py:190} INFO - [2026-09-14T23:27:12.785+0000] {dagbag.py:588} INFO - Filling up the DagBag from /opt/airflow/dags/weather_etl.py
[2026-09-14T23:27:13.709+0000] {processor.py:925} INFO - DAG(s) 'weather_etl' retrieved from /opt/airflow/dags/weather_etl.py
[2026-09-14T23:27:13.809+0000] {logging_mixin.py:190} INFO - [2026-09-14T23:27:13.808+0000] {dag.py:3239} INFO - Sync 1 DAGs
[2026-09-14T23:27:13.908+0000] {logging_mixin.py:190} INFO - [2026-09-14T23:27:13.907+0000] {dag.py:4180} INFO - Setting next_dagrun for weather_etl to 2026-09-14 23:00:00+00:00, run_after=2026-09-15 00:00:00+00:00
[2026-09-14T23:27:13.971+0000] {processor.py:208} INFO - Processing /opt/airflow/dags/weather_etl.py took 1.210 seconds
[2026-09-14T23:27:44.230+0000] {processor.py:186} INFO - Started process (PID=1255) to work on /opt/airflow/dags/weather_etl.py
[2026-09-14T23:27:44.233+0000] {processor.py:914} INFO - Processing file /opt/airflow/dags/weather_etl.py for tasks to queue
[2026-09-14T23:27:44.238+0000] {logging_mixin.py:190} INFO - [2026-09-14T23:27:44.237+0000] {dagbag.py:588} INFO - Filling up the DagBag from /opt/airflow/dags/weather_etl.py
[2026-09-14T23:27:45.167+0000] {processor.py:925} INFO - DAG(s) 'weather_etl' retrieved from /opt/airflow/dags/weather_etl.py
[2026-09-14T23:27:45.269+0000] {logging_mixin.py:190} INFO - [2026-09-14T23:27:45.268+0000] {dag.py:3239} INFO - Sync 1 DAGs
[2026-09-14T23:27:45.358+0000] {logging_mixin.py:190} INFO - [2026-09-14T23:27:45.357+0000] {dag.py:4180} INFO - Setting next_dagrun for weather_etl to 2026-09-14 23:00:00+00:00, run_after=2026-09-15 00:00:00+00:00
[2026-09-14T23:27:45.420+0000] {processor.py:208} INFO - Processing /opt/airflow/dags/weather_etl.py took 1.205 seconds
[2026-09-14T23:28:15.866+0000] {processor.py:186} INFO - Started process (PID=1261) to work on /opt/airflow/dags/weather_etl.py
[2026-09-14T23:28:15.869+0000] {processor.py:914} INFO - Processing file /opt/airflow/dags/weather_etl.py for tasks to queue
[2026-09-14T23:28:15.875+0000] {logging_mixin.py:190} INFO - [2026-09-14T23:28:15.874+0000] {dagbag.py:588} INFO - Filling up the DagBag from /opt/airflow/dags/weather_etl.py
[2026-09-14T23:28:16.706+0000] {processor.py:925} INFO - DAG(s) 'weather_etl' retrieved from /opt/airflow/dags/weather_etl.py
[2026-09-14T23:28:16.806+0000] {logging_mixin.py:190} INFO - [2026-09-14T23:28:16.805+0000] {dag.py:3239} INFO - Sync 1 DAGs
[2026-09-14T23:28:16.888+0000] {logging_mixin.py:190} INFO - [2026-09-14T23:28:16.887+0000] {dag.py:4180} INFO - Setting next_dagrun for weather_etl to 2026-09-14 23:00:00+00:00, run_after=2026-09-15 00:00:00+00:00
[2026-09-14T23:28:16.947+0000] {processor.py:208} INFO - Processing /opt/airflow/dags/weather_etl.py took 1.092 seconds
[2026-09-14T23:28:47.329+0000] {processor.py:186} INFO - Started process (PID=1267) to work on /opt/airflow/dags/weather_etl.py
[2026-09-14T23:28:47.331+0000] {processor.py:914} INFO - Processing file /opt/airflow/dags/weather_etl.py for tasks to queue
[2026-09-14T23:28:47.336+0000] {logging_mixin.py:190} INFO - [2026-09-14T23:28:47.335+0000] {dagbag.py:588} INFO - Filling up the DagBag from /opt/airflow/dags/weather_etl.py
[2026-09-14T23:28:48.383+0000] {processor.py:925} INFO - DAG(s) 'weather_etl' retrieved from /opt/airflow/dags/weather_etl.py
[2026-09-14T23:28:48.481+0000] {logging_mixin.py:190} INFO - [2026-09-14T23:28:48.480+0000] {dag.py:3239} INFO - Sync 1 DAGs
[2026-09-14T23:28:48.565+0000] {logging_mixin.py:190} INFO - [2026-09-14T23:28:48.564+0000] {dag.py:4180} INFO - Setting next_dagrun for weather_etl to 2026-09-14 23:00:00+00:00, run_after=2026-09-15 00:00:00+00:00
[2026-09-14T23:28:48.624+0000] {processor.py:208} INFO - Processing /opt/airflow/dags/weather_etl.py took 1.313 seconds
[2026-09-14T23:29:18.872+0000] {processor.py:186} INFO - Started process (PID=1273) to work on /opt/airflow/dags/weather_etl.py
[2026-09-14T23:29:18.875+0000] {processor.py:914} INFO - Processing file /opt/airflow/dags/weather_etl.py for tasks to queue
[2026-09-14T23:29:18.880+0000] {logging_mixin.py:190} INFO - [2026-09-14T23:29:18.880+0000] {dagbag.py:588} INFO - Filling up the DagBag from /opt/airflow/dags/weather_etl.py
[2026-09-14T23:29:19.800+0000] {processor.py:925} INFO - DAG(s) 'weather_etl' retrieved from /opt/airflow/dags/weather_etl.py
[2026-09-14T23:29:19.912+0000] {logging_mixin.py:190} INFO - [2026-09-14T23:29:19.912+0000] {dag.py:3239} INFO - Sync 1 DAGs
[2026-09-14T23:29:19.981+0000] {logging_mixin.py:190} INFO - [2026-09-14T23:29:19.981+0000] {dag.py:4180} INFO - Setting next_dagrun for weather_etl to 2026-09-14 23:00:00+00:00, run_after=2026-09-15 00:00:00+00:00
[2026-09-14T23:29:20.047+0000] {processor.py:208} INFO - Processing /opt/airflow/dags/weather_etl.py took 1.190 seconds
[2026-09-14T23:29:50.314+0000] {processor.py:186} INFO - Started process (PID=1279) to work on /opt/airflow/dags/weather_etl.py
[2026-09-14T23:29:50.317+0000] {processor.py:914} INFO - Processing file /opt/airflow/dags/weather_etl.py for tasks to queue
[2026-09-14T23:29:50.325+0000] {logging_mixin.py:190} INFO - [2026-09-14T23:29:50.324+0000] {dagbag.py:588} INFO - Filling up the DagBag from /opt/airflow/dags/weather_etl.py
[2026-09-14T23:29:51.380+0000] {processor.py:925} INFO - DAG(s) 'weather_etl' retrieved from /opt/airflow/dags/weather_etl.py
[2026-09-14T23:29:51.488+0000] {logging_mixin.py:190} INFO - [2026-09-14T23:29:51.487+0000] {dag.py:3239} INFO - Sync 1 DAGs
[2026-09-14T23:29:51.593+0000] {logging_mixin.py:190} INFO - [2026-09-14T23:29:51.593+0000] {dag.py:4180} INFO - Setting next_dagrun for weather_etl to 2026-09-14 23:00:00+00:00, run_after=2026-09-15 00:00:00+00:00
[2026-09-14T23:29:51.661+0000] {processor.py:208} INFO - Processing /opt/airflow/dags/weather_etl.py took 1.367 seconds
[2026-09-14T23:30:22.025+0000] {processor.py:186} INFO - Started process (PID=1285) to work on /opt/airflow/dags/weather_etl.py
[2026-09-14T23:30:22.028+0000] {processor.py:914} INFO - Processing file /opt/airflow/dags/weather_etl.py for tasks to queue
[2026-09-14T23:30:22.039+0000] {logging_mixin.py:190} INFO - [2026-09-14T23:30:22.038+0000] {dagbag.py:588} INFO - Filling up the DagBag from /opt/airflow/dags/weather_etl.py
[2026-09-14T23:30:23.144+0000] {processor.py:925} INFO - DAG(s) 'weather_etl' retrieved from /opt/airflow/dags/weather_etl.py
[2026-09-14T23:30:23.259+0000] {logging_mixin.py:190} INFO - [2026-09-14T23:30:23.258+0000] {dag.py:3239} INFO - Sync 1 DAGs
[2026-09-14T23:30:23.368+0000] {logging_mixin.py:190} INFO - [2026-09-14T23:30:23.367+0000] {dag.py:4180} INFO - Setting next_dagrun for weather_etl to 2026-09-14 23:00:00+00:00, run_after=2026-09-15 00:00:00+00:00
[2026-09-14T23:30:23.431+0000] {processor.py:208} INFO - Processing /opt/airflow/dags/weather_etl.py took 1.430 seconds
[2026-09-14T23:30:53.582+0000] {processor.py:186} INFO - Started process (PID=1291) to work on /opt/airflow/dags/weather_etl.py
[2026-09-14T23:30:53.585+0000] {processor.py:914} INFO - Processing file /opt/airflow/dags/weather_etl.py for tasks to queue
[2026-09-14T23:30:53.592+0000] {logging_mixin.py:190} INFO - [2026-09-14T23:30:53.591+0000] {dagbag.py:588} INFO - Filling up the DagBag from /opt/airflow/dags/weather_etl.py
[2026-09-14T23:30:54.454+0000] {processor.py:925} INFO - DAG(s) 'weather_etl' retrieved from /opt/airflow/dags/weather_etl.py
[2026-09-14T23:30:54.554+0000] {logging_mixin.py:190} INFO - [2026-09-14T23:30:54.553+0000] {dag.py:3239} INFO - Sync 1 DAGs
[2026-09-14T23:30:54.637+0000] {logging_mixin.py:190} INFO - [2026-09-14T23:30:54.636+0000] {dag.py:4180} INFO - Setting next_dagrun for weather_etl to 2026-09-14 23:00:00+00:00, run_after=2026-09-15 00:00:00+00:00
[2026-09-14T23:30:54.703+0000] {processor.py:208} INFO - Processing /opt/airflow/dags/weather_etl.py took 1.141 seconds
[2026-09-14T23:31:25.015+0000] {processor.py:186} INFO - Started process (PID=1297) to work on /opt/airflow/dags/weather_etl.py
[2026-09-14T23:31:25.018+0000] {processor.py:914} INFO - Processing file /opt/airflow/dags/weather_etl.py for tasks to queue
[2026-09-14T23:31:25.023+0000] {logging_mixin.py:190} INFO - [2026-09-14T23:31:25.022+0000] {dagbag.py:588} INFO - Filling up the DagBag from /opt/airflow/dags/weather_etl.py
[2026-09-14T23:31:26.010+0000] {processor.py:925} INFO - DAG(s) 'weather_etl' retrieved from /opt/airflow/dags/weather_etl.py
[2026-09-14T23:31:26.129+0000] {logging_mixin.py:190} INFO - [2026-09-14T23:31:26.128+0000] {dag.py:3239} INFO - Sync 1 DAGs
[2026-09-14T23:31:26.238+0000] {logging_mixin.py:190} INFO - [2026-09-14T23:31:26.238+0000] {dag.py:4180} INFO - Setting next_dagrun for weather_etl to 2026-09-14 23:00:00+00:00, run_after=2026-09-15 00:00:00+00:00
[2026-09-14T23:31:26.310+0000] {processor.py:208} INFO - Processing /opt/airflow/dags/weather_etl.py took 1.311 seconds
[2026-09-14T23:31:56.733+0000] {processor.py:186} INFO - Started process (PID=1303) to work on /opt/airflow/dags/weather_etl.py
[2026-09-14T23:31:56.736+0000] {processor.py:914} INFO - Processing file /opt/airflow/dags/weather_etl.py for tasks to queue
[2026-09-14T23:31:56.741+0000] {logging_mixin.py:190} INFO - [2026-09-14T23:31:56.740+0000] {dagbag.py:588} INFO - Filling up the DagBag from /opt/airflow/dags/weather_etl.py
[2026-09-14T23:31:57.564+0000] {processor.py:925} INFO - DAG(s) 'weather_etl' retrieved from /opt/airflow/dags/weather_etl.py
[2026-09-14T23:31:57.674+0000] {logging_mixin.py:190} INFO - [2026-09-14T23:31:57.673+0000] {dag.py:3239} INFO - Sync 1 DAGs
[2026-09-14T23:31:57.773+0000] {logging_mixin.py:190} INFO - [2026-09-14T23:31:57.772+0000] {dag.py:4180} INFO - Setting next_dagrun for weather_etl to 2026-09-14 23:00:00+00:00, run_after=2026-09-15 00:00:00+00:00
[2026-09-14T23:31:57.843+0000] {processor.py:208} INFO - Processing /opt/airflow/dags/weather_etl.py took 1.126 seconds
[2026-09-14T23:32:28.278+0000] {processor.py:186} INFO - Started process (PID=1309) to work on /opt/airflow/dags/weather_etl.py
[2026-09-14T23:32:28.281+0000] {processor.py:914} INFO - Processing file /opt/airflow/dags/weather_etl.py for tasks to queue
[2026-09-14T23:32:28.288+0000] {logging_mixin.py:190} INFO - [2026-09-14T23:32:28.287+0000] {dagbag.py:588} INFO - Filling up the DagBag from /opt/airflow/dags/weather_etl.py
[2026-09-14T23:32:29.219+0000] {processor.py:925} INFO - DAG(s) 'weather_etl' retrieved from /opt/airflow/dags/weather_etl.py
[2026-09-14T23:32:29.340+0000] {logging_mixin.py:190} INFO - [2026-09-14T23:32:29.340+0000] {dag.py:3239} INFO - Sync 1 DAGs
[2026-09-14T23:32:29.438+0000] {logging_mixin.py:190} INFO - [2026-09-14T23:32:29.438+0000] {dag.py:4180} INFO - Setting next_dagrun for weather_etl to 2026-09-14 23:00:00+00:00, run_after=2026-09-15 00:00:00+00:00
[2026-09-14T23:32:29.499+0000] {processor.py:208} INFO - Processing /opt/airflow/dags/weather_etl.py took 1.242 seconds
[2026-09-14T23:32:59.813+0000] {processor.py:186} INFO - Started process (PID=1315) to work on /opt/airflow/dags/weather_etl.py
[2026-09-14T23:32:59.817+0000] {processor.py:914} INFO - Processing file /opt/airflow/dags/weather_etl.py for tasks to queue
[2026-09-14T23:32:59.828+0000] {logging_mixin.py:190} INFO - [2026-09-14T23:32:59.827+0000] {dagbag.py:588} INFO - Filling up the DagBag from /opt/airflow/dags/weather_etl.py
[2026-09-14T23:33:00.796+0000] {processor.py:925} INFO - DAG(s) 'weather_etl' retrieved from /opt/airflow/dags/weather_etl.py
[2026-09-14T23:33:00.914+0000] {logging_mixin.py:190} INFO - [2026-09-14T23:33:00.913+0000] {dag.py:3239} INFO - Sync 1 DAGs
[2026-09-14T23:33:01.007+0000] {logging_mixin.py:190} INFO - [2026-09-14T23:33:01.006+0000] {dag.py:4180} INFO - Setting next_dagrun for weather_etl to 2026-09-14 23:00:00+00:00, run_after=2026-09-15 00:00:00+00:00
[2026-09-14T23:33:01.070+0000] {processor.py:208} INFO - Processing /opt/airflow/dags/weather_etl.py took 1.279 seconds
[2026-09-14T23:33:31.415+0000] {processor.py:186} INFO - Started process (PID=1321) to work on /opt/airflow/dags/weather_etl.py
[2026-09-14T23:33:31.418+0000] {processor.py:914} INFO - Processing file /opt/airflow/dags/weather_etl.py for tasks to queue
[2026-09-14T23:33:31.425+0000] {logging_mixin.py:190} INFO - [2026-09-14T23:33:31.424+0000] {dagbag.py:588} INFO - Filling up the DagBag from /opt/airflow/dags/weather_etl.py
[2026-09-14T23:33:32.407+0000] {processor.py:925} INFO - DAG(s) 'weather_etl' retrieved from /opt/airflow/dags/weather_etl.py
[2026-09-14T23:33:32.532+0000] {logging_mixin.py:190} INFO - [2026-09-14T23:33:32.532+0000] {dag.py:3239} INFO - Sync 1 DAGs
[2026-09-14T23:33:32.637+0000] {logging_mixin.py:190} INFO - [2026-09-14T23:33:32.636+0000] {dag.py:4180} INFO - Setting next_dagrun for weather_etl to 2026-09-14 23:00:00+00:00, run_after=2026-09-15 00:00:00+00:00
[2026-09-14T23:33:32.705+0000] {processor.py:208} INFO - Processing /opt/airflow/dags/weather_etl.py took 1.308 seconds
[2026-09-14T23:34:02.997+0000] {processor.py:186} INFO - Started process (PID=1327) to work on /opt/airflow/dags/weather_etl.py
[2026-09-14T23:34:03.002+0000] {processor.py:914} INFO - Processing file /opt/airflow/dags/weather_etl.py for tasks to queue
[2026-09-14T23:34:03.011+0000] {logging_mixin.py:190} INFO - [2026-09-14T23:34:03.010+0000] {dagbag.py:588} INFO - Filling up the DagBag from /opt/airflow/dags/weather_etl.py
[2026-09-14T23:34:03.924+0000] {processor.py:925} INFO - DAG(s) 'weather_etl' retrieved from /opt/airflow/dags/weather_etl.py
[2026-09-14T23:34:04.031+0000] {logging_mixin.py:190} INFO - [2026-09-14T23:34:04.030+0000] {dag.py:3239} INFO - Sync 1 DAGs
[2026-09-14T23:34:04.143+0000] {logging_mixin.py:190} INFO - [2026-09-14T23:34:04.143+0000] {dag.py:4180} INFO - Setting next_dagrun for weather_etl to 2026-09-14 23:00:00+00:00, run_after=2026-09-15 00:00:00+00:00
[2026-09-14T23:34:04.221+0000] {processor.py:208} INFO - Processing /opt/airflow/dags/weather_etl.py took 1.249 seconds
[2026-09-14T23:34:34.630+0000] {processor.py:186} INFO - Started process (PID=1333) to work on /opt/airflow/dags/weather_etl.py
[2026-09-14T23:34:34.633+0000] {processor.py:914} INFO - Processing file /opt/airflow/dags/weather_etl.py for tasks to queue
[2026-09-14T23:34:34.642+0000] {logging_mixin.py:190} INFO - [2026-09-14T23:34:34.641+0000] {dagbag.py:588} INFO - Filling up the DagBag from /opt/airflow/dags/weather_etl.py
[2026-09-14T23:34:35.687+0000] {processor.py:925} INFO - DAG(s) 'weather_etl' retrieved from /opt/airflow/dags/weather_etl.py
[2026-09-14T23:34:35.791+0000] {logging_mixin.py:190} INFO - [2026-09-14T23:34:35.790+0000] {dag.py:3239} INFO - Sync 1 DAGs
[2026-09-14T23:34:35.888+0000] {logging_mixin.py:190} INFO - [2026-09-14T23:34:35.887+0000] {dag.py:4180} INFO - Setting next_dagrun for weather_etl to 2026-09-14 23:00:00+00:00, run_after=2026-09-15 00:00:00+00:00
[2026-09-14T23:34:35.959+0000] {processor.py:208} INFO - Processing /opt/airflow/dags/weather_etl.py took 1.346 seconds
[2026-09-14T23:35:06.119+0000] {processor.py:186} INFO - Started process (PID=1339) to work on /opt/airflow/dags/weather_etl.py
[2026-09-14T23:35:06.121+0000] {processor.py:914} INFO - Processing file /opt/airflow/dags/weather_etl.py for tasks to queue
[2026-09-14T23:35:06.127+0000] {logging_mixin.py:190} INFO - [2026-09-14T23:35:06.126+0000] {dagbag.py:588} INFO - Filling up the DagBag from /opt/airflow/dags/weather_etl.py
[2026-09-14T23:35:07.104+0000] {processor.py:925} INFO - DAG(s) 'weather_etl' retrieved from /opt/airflow/dags/weather_etl.py
[2026-09-14T23:35:07.211+0000] {logging_mixin.py:190} INFO - [2026-09-14T23:35:07.210+0000] {dag.py:3239} INFO - Sync 1 DAGs
[2026-09-14T23:35:07.311+0000] {logging_mixin.py:190} INFO - [2026-09-14T23:35:07.310+0000] {dag.py:4180} INFO - Setting next_dagrun for weather_etl to 2026-09-14 23:00:00+00:00, run_after=2026-09-15 00:00:00+00:00
[2026-09-14T23:35:07.377+0000] {processor.py:208} INFO - Processing /opt/airflow/dags/weather_etl.py took 1.273 seconds
[2026-09-14T23:35:37.884+0000] {processor.py:186} INFO - Started process (PID=1345) to work on /opt/airflow/dags/weather_etl.py
[2026-09-14T23:35:37.887+0000] {processor.py:914} INFO - Processing file /opt/airflow/dags/weather_etl.py for tasks to queue
[2026-09-14T23:35:37.895+0000] {logging_mixin.py:190} INFO - [2026-09-14T23:35:37.894+0000] {dagbag.py:588} INFO - Filling up the DagBag from /opt/airflow/dags/weather_etl.py
[2026-09-14T23:35:38.858+0000] {processor.py:925} INFO - DAG(s) 'weather_etl' retrieved from /opt/airflow/dags/weather_etl.py
[2026-09-14T23:35:38.960+0000] {logging_mixin.py:190} INFO - [2026-09-14T23:35:38.960+0000] {dag.py:3239} INFO - Sync 1 DAGs
[2026-09-14T23:35:39.052+0000] {logging_mixin.py:190} INFO - [2026-09-14T23:35:39.052+0000] {dag.py:4180} INFO - Setting next_dagrun for weather_etl to 2026-09-14 23:00:00+00:00, run_after=2026-09-15 00:00:00+00:00
[2026-09-14T23:35:39.114+0000] {processor.py:208} INFO - Processing /opt/airflow/dags/weather_etl.py took 1.251 seconds
[2026-09-14T23:36:09.329+0000] {processor.py:186} INFO - Started process (PID=1351) to work on /opt/airflow/dags/weather_etl.py
[2026-09-14T23:36:09.332+0000] {processor.py:914} INFO - Processing file /opt/airflow/dags/weather_etl.py for tasks to queue
[2026-09-14T23:36:09.339+0000] {logging_mixin.py:190} INFO - [2026-09-14T23:36:09.338+0000] {dagbag.py:588} INFO - Filling up the DagBag from /opt/airflow/dags/weather_etl.py
[2026-09-14T23:36:10.265+0000] {processor.py:925} INFO - DAG(s) 'weather_etl' retrieved from /opt/airflow/dags/weather_etl.py
[2026-09-14T23:36:10.377+0000] {logging_mixin.py:190} INFO - [2026-09-14T23:36:10.376+0000] {dag.py:3239} INFO - Sync 1 DAGs
[2026-09-14T23:36:10.468+0000] {logging_mixin.py:190} INFO - [2026-09-14T23:36:10.468+0000] {dag.py:4180} INFO - Setting next_dagrun for weather_etl to 2026-09-14 23:00:00+00:00, run_after=2026-09-15 00:00:00+00:00
[2026-09-14T23:36:10.534+0000] {processor.py:208} INFO - Processing /opt/airflow/dags/weather_etl.py took 1.221 seconds
[2026-09-14T23:36:41.037+0000] {processor.py:186} INFO - Started process (PID=1357) to work on /opt/airflow/dags/weather_etl.py
[2026-09-14T23:36:41.039+0000] {processor.py:914} INFO - Processing file /opt/airflow/dags/weather_etl.py for tasks to queue
[2026-09-14T23:36:41.045+0000] {logging_mixin.py:190} INFO - [2026-09-14T23:36:41.044+0000] {dagbag.py:588} INFO - Filling up the DagBag from /opt/airflow/dags/weather_etl.py
[2026-09-14T23:36:42.007+0000] {processor.py:925} INFO - DAG(s) 'weather_etl' retrieved from /opt/airflow/dags/weather_etl.py
[2026-09-14T23:36:42.100+0000] {logging_mixin.py:190} INFO - [2026-09-14T23:36:42.099+0000] {dag.py:3239} INFO - Sync 1 DAGs
[2026-09-14T23:36:42.183+0000] {logging_mixin.py:190} INFO - [2026-09-14T23:36:42.183+0000] {dag.py:4180} INFO - Setting next_dagrun for weather_etl to 2026-09-14 23:00:00+00:00, run_after=2026-09-15 00:00:00+00:00
[2026-09-14T23:36:42.257+0000] {processor.py:208} INFO - Processing /opt/airflow/dags/weather_etl.py took 1.236 seconds
[2026-09-14T23:37:12.572+0000] {processor.py:186} INFO - Started process (PID=1363) to work on /opt/airflow/dags/weather_etl.py
[2026-09-14T23:37:12.575+0000] {processor.py:914} INFO - Processing file /opt/airflow/dags/weather_etl.py for tasks to queue
[2026-09-14T23:37:12.583+0000] {logging_mixin.py:190} INFO - [2026-09-14T23:37:12.582+0000] {dagbag.py:588} INFO - Filling up the DagBag from /opt/airflow/dags/weather_etl.py
[2026-09-14T23:37:13.610+0000] {processor.py:925} INFO - DAG(s) 'weather_etl' retrieved from /opt/airflow/dags/weather_etl.py
[2026-09-14T23:37:13.729+0000] {logging_mixin.py:190} INFO - [2026-09-14T23:37:13.728+0000] {dag.py:3239} INFO - Sync 1 DAGs
[2026-09-14T23:37:13.826+0000] {logging_mixin.py:190} INFO - [2026-09-14T23:37:13.825+0000] {dag.py:4180} INFO - Setting next_dagrun for weather_etl to 2026-09-14 23:00:00+00:00, run_after=2026-09-15 00:00:00+00:00
[2026-09-14T23:37:13.885+0000] {processor.py:208} INFO - Processing /opt/airflow/dags/weather_etl.py took 1.332 seconds
[2026-09-14T23:37:44.187+0000] {processor.py:186} INFO - Started process (PID=1370) to work on /opt/airflow/dags/weather_etl.py
[2026-09-14T23:37:44.193+0000] {processor.py:914} INFO - Processing file /opt/airflow/dags/weather_etl.py for tasks to queue
[2026-09-14T23:37:44.210+0000] {logging_mixin.py:190} INFO - [2026-09-14T23:37:44.209+0000] {dagbag.py:588} INFO - Filling up the DagBag from /opt/airflow/dags/weather_etl.py
[2026-09-14T23:37:45.332+0000] {processor.py:925} INFO - DAG(s) 'weather_etl' retrieved from /opt/airflow/dags/weather_etl.py
[2026-09-14T23:37:45.422+0000] {logging_mixin.py:190} INFO - [2026-09-14T23:37:45.421+0000] {dag.py:3239} INFO - Sync 1 DAGs
[2026-09-14T23:37:45.511+0000] {logging_mixin.py:190} INFO - [2026-09-14T23:37:45.511+0000] {dag.py:4180} INFO - Setting next_dagrun for weather_etl to 2026-09-14 23:00:00+00:00, run_after=2026-09-15 00:00:00+00:00
[2026-09-14T23:37:45.571+0000] {processor.py:208} INFO - Processing /opt/airflow/dags/weather_etl.py took 1.405 seconds
[2026-09-14T23:38:15.809+0000] {processor.py:186} INFO - Started process (PID=1376) to work on /opt/airflow/dags/weather_etl.py
[2026-09-14T23:38:15.812+0000] {processor.py:914} INFO - Processing file /opt/airflow/dags/weather_etl.py for tasks to queue
[2026-09-14T23:38:15.819+0000] {logging_mixin.py:190} INFO - [2026-09-14T23:38:15.818+0000] {dagbag.py:588} INFO - Filling up the DagBag from /opt/airflow/dags/weather_etl.py
[2026-09-14T23:38:16.747+0000] {processor.py:925} INFO - DAG(s) 'weather_etl' retrieved from /opt/airflow/dags/weather_etl.py
[2026-09-14T23:38:16.850+0000] {logging_mixin.py:190} INFO - [2026-09-14T23:38:16.850+0000] {dag.py:3239} INFO - Sync 1 DAGs
[2026-09-14T23:38:16.943+0000] {logging_mixin.py:190} INFO - [2026-09-14T23:38:16.943+0000] {dag.py:4180} INFO - Setting next_dagrun for weather_etl to 2026-09-14 23:00:00+00:00, run_after=2026-09-15 00:00:00+00:00
[2026-09-14T23:38:17.007+0000] {processor.py:208} INFO - Processing /opt/airflow/dags/weather_etl.py took 1.216 seconds
[2026-09-14T23:38:47.255+0000] {processor.py:186} INFO - Started process (PID=1382) to work on /opt/airflow/dags/weather_etl.py
[2026-09-14T23:38:47.257+0000] {processor.py:914} INFO - Processing file /opt/airflow/dags/weather_etl.py for tasks to queue
[2026-09-14T23:38:47.264+0000] {logging_mixin.py:190} INFO - [2026-09-14T23:38:47.263+0000] {dagbag.py:588} INFO - Filling up the DagBag from /opt/airflow/dags/weather_etl.py
[2026-09-14T23:38:48.117+0000] {processor.py:925} INFO - DAG(s) 'weather_etl' retrieved from /opt/airflow/dags/weather_etl.py
[2026-09-14T23:38:48.223+0000] {logging_mixin.py:190} INFO - [2026-09-14T23:38:48.222+0000] {dag.py:3239} INFO - Sync 1 DAGs
[2026-09-14T23:38:48.312+0000] {logging_mixin.py:190} INFO - [2026-09-14T23:38:48.311+0000] {dag.py:4180} INFO - Setting next_dagrun for weather_etl to 2026-09-14 23:00:00+00:00, run_after=2026-09-15 00:00:00+00:00
[2026-09-14T23:38:48.368+0000] {processor.py:208} INFO - Processing /opt/airflow/dags/weather_etl.py took 1.134 seconds
[2026-09-14T23:39:18.680+0000] {processor.py:186} INFO - Started process (PID=1388) to work on /opt/airflow/dags/weather_etl.py
[2026-09-14T23:39:18.682+0000] {processor.py:914} INFO - Processing file /opt/airflow/dags/weather_etl.py for tasks to queue
[2026-09-14T23:39:18.688+0000] {logging_mixin.py:190} INFO - [2026-09-14T23:39:18.687+0000] {dagbag.py:588} INFO - Filling up the DagBag from /opt/airflow/dags/weather_etl.py
[2026-09-14T23:39:19.614+0000] {processor.py:925} INFO - DAG(s) 'weather_etl' retrieved from /opt/airflow/dags/weather_etl.py
[2026-09-14T23:39:19.722+0000] {logging_mixin.py:190} INFO - [2026-09-14T23:39:19.722+0000] {dag.py:3239} INFO - Sync 1 DAGs
[2026-09-14T23:39:19.823+0000] {logging_mixin.py:190} INFO - [2026-09-14T23:39:19.822+0000] {dag.py:4180} INFO - Setting next_dagrun for weather_etl to 2026-09-14 23:00:00+00:00, run_after=2026-09-15 00:00:00+00:00
[2026-09-14T23:39:19.899+0000] {processor.py:208} INFO - Processing /opt/airflow/dags/weather_etl.py took 1.237 seconds
[2026-09-14T23:39:50.303+0000] {processor.py:186} INFO - Started process (PID=1394) to work on /opt/airflow/dags/weather_etl.py
[2026-09-14T23:39:50.306+0000] {processor.py:914} INFO - Processing file /opt/airflow/dags/weather_etl.py for tasks to queue
[2026-09-14T23:39:50.316+0000] {logging_mixin.py:190} INFO - [2026-09-14T23:39:50.315+0000] {dagbag.py:588} INFO - Filling up the DagBag from /opt/airflow/dags/weather_etl.py
[2026-09-14T23:39:51.252+0000] {processor.py:925} INFO - DAG(s) 'weather_etl' retrieved from /opt/airflow/dags/weather_etl.py
[2026-09-14T23:39:51.361+0000] {logging_mixin.py:190} INFO - [2026-09-14T23:39:51.360+0000] {dag.py:3239} INFO - Sync 1 DAGs
[2026-09-14T23:39:51.475+0000] {logging_mixin.py:190} INFO - [2026-09-14T23:39:51.475+0000] {dag.py:4180} INFO - Setting next_dagrun for weather_etl to 2026-09-14 23:00:00+00:00, run_after=2026-09-15 00:00:00+00:00
[2026-09-14T23:39:51.548+0000] {processor.py:208} INFO - Processing /opt/airflow/dags/weather_etl.py took 1.264 seconds
[2026-09-14T23:40:21.824+0000] {processor.py:186} INFO - Started process (PID=1400) to work on /opt/airflow/dags/weather_etl.py
[2026-09-14T23:40:21.826+0000] {processor.py:914} INFO - Processing file /opt/airflow/dags/weather_etl.py for tasks to queue
[2026-09-14T23:40:21.832+0000] {logging_mixin.py:190} INFO - [2026-09-14T23:40:21.831+0000] {dagbag.py:588} INFO - Filling up the DagBag from /opt/airflow/dags/weather_etl.py
[2026-09-14T23:40:22.680+0000] {processor.py:925} INFO - DAG(s) 'weather_etl' retrieved from /opt/airflow/dags/weather_etl.py
[2026-09-14T23:40:22.774+0000] {logging_mixin.py:190} INFO - [2026-09-14T23:40:22.774+0000] {dag.py:3239} INFO - Sync 1 DAGs
[2026-09-14T23:40:22.859+0000] {logging_mixin.py:190} INFO - [2026-09-14T23:40:22.858+0000] {dag.py:4180} INFO - Setting next_dagrun for weather_etl to 2026-09-14 23:00:00+00:00, run_after=2026-09-15 00:00:00+00:00
[2026-09-14T23:40:22.919+0000] {processor.py:208} INFO - Processing /opt/airflow/dags/weather_etl.py took 1.112 seconds
[2026-09-14T23:40:53.314+0000] {processor.py:186} INFO - Started process (PID=1406) to work on /opt/airflow/dags/weather_etl.py
[2026-09-14T23:40:53.317+0000] {processor.py:914} INFO - Processing file /opt/airflow/dags/weather_etl.py for tasks to queue
[2026-09-14T23:40:53.324+0000] {logging_mixin.py:190} INFO - [2026-09-14T23:40:53.323+0000] {dagbag.py:588} INFO - Filling up the DagBag from /opt/airflow/dags/weather_etl.py
[2026-09-14T23:40:54.411+0000] {processor.py:925} INFO - DAG(s) 'weather_etl' retrieved from /opt/airflow/dags/weather_etl.py
[2026-09-14T23:40:54.522+0000] {logging_mixin.py:190} INFO - [2026-09-14T23:40:54.521+0000] {dag.py:3239} INFO - Sync 1 DAGs
[2026-09-14T23:40:54.605+0000] {logging_mixin.py:190} INFO - [2026-09-14T23:40:54.605+0000] {dag.py:4180} INFO - Setting next_dagrun for weather_etl to 2026-09-14 23:00:00+00:00, run_after=2026-09-15 00:00:00+00:00
[2026-09-14T23:40:54.666+0000] {processor.py:208} INFO - Processing /opt/airflow/dags/weather_etl.py took 1.377 seconds
[2026-09-14T23:41:24.850+0000] {processor.py:186} INFO - Started process (PID=1412) to work on /opt/airflow/dags/weather_etl.py
[2026-09-14T23:41:24.853+0000] {processor.py:914} INFO - Processing file /opt/airflow/dags/weather_etl.py for tasks to queue
[2026-09-14T23:41:24.860+0000] {logging_mixin.py:190} INFO - [2026-09-14T23:41:24.859+0000] {dagbag.py:588} INFO - Filling up the DagBag from /opt/airflow/dags/weather_etl.py
[2026-09-14T23:41:25.827+0000] {processor.py:925} INFO - DAG(s) 'weather_etl' retrieved from /opt/airflow/dags/weather_etl.py
[2026-09-14T23:41:25.954+0000] {logging_mixin.py:190} INFO - [2026-09-14T23:41:25.954+0000] {dag.py:3239} INFO - Sync 1 DAGs
[2026-09-14T23:41:26.055+0000] {logging_mixin.py:190} INFO - [2026-09-14T23:41:26.054+0000] {dag.py:4180} INFO - Setting next_dagrun for weather_etl to 2026-09-14 23:00:00+00:00, run_after=2026-09-15 00:00:00+00:00
[2026-09-14T23:41:26.119+0000] {processor.py:208} INFO - Processing /opt/airflow/dags/weather_etl.py took 1.288 seconds
[2026-09-14T23:41:56.728+0000] {processor.py:186} INFO - Started process (PID=1418) to work on /opt/airflow/dags/weather_etl.py
[2026-09-14T23:41:56.730+0000] {processor.py:914} INFO - Processing file /opt/airflow/dags/weather_etl.py for tasks to queue
[2026-09-14T23:41:56.738+0000] {logging_mixin.py:190} INFO - [2026-09-14T23:41:56.737+0000] {dagbag.py:588} INFO - Filling up the DagBag from /opt/airflow/dags/weather_etl.py
[2026-09-14T23:41:57.727+0000] {processor.py:925} INFO - DAG(s) 'weather_etl' retrieved from /opt/airflow/dags/weather_etl.py
[2026-09-14T23:41:57.873+0000] {logging_mixin.py:190} INFO - [2026-09-14T23:41:57.873+0000] {dag.py:3239} INFO - Sync 1 DAGs
[2026-09-14T23:41:57.996+0000] {logging_mixin.py:190} INFO - [2026-09-14T23:41:57.995+0000] {dag.py:4180} INFO - Setting next_dagrun for weather_etl to 2026-09-14 23:00:00+00:00, run_after=2026-09-15 00:00:00+00:00
[2026-09-14T23:41:58.075+0000] {processor.py:208} INFO - Processing /opt/airflow/dags/weather_etl.py took 1.365 seconds
[2026-09-14T23:42:28.589+0000] {processor.py:186} INFO - Started process (PID=1424) to work on /opt/airflow/dags/weather_etl.py
[2026-09-14T23:42:28.592+0000] {processor.py:914} INFO - Processing file /opt/airflow/dags/weather_etl.py for tasks to queue
[2026-09-14T23:42:28.598+0000] {logging_mixin.py:190} INFO - [2026-09-14T23:42:28.597+0000] {dagbag.py:588} INFO - Filling up the DagBag from /opt/airflow/dags/weather_etl.py
[2026-09-14T23:42:29.518+0000] {processor.py:925} INFO - DAG(s) 'weather_etl' retrieved from /opt/airflow/dags/weather_etl.py
[2026-09-14T23:42:29.616+0000] {logging_mixin.py:190} INFO - [2026-09-14T23:42:29.615+0000] {dag.py:3239} INFO - Sync 1 DAGs
[2026-09-14T23:42:29.687+0000] {logging_mixin.py:190} INFO - [2026-09-14T23:42:29.686+0000] {dag.py:4180} INFO - Setting next_dagrun for weather_etl to 2026-09-14 23:00:00+00:00, run_after=2026-09-15 00:00:00+00:00
[2026-09-14T23:42:29.745+0000] {processor.py:208} INFO - Processing /opt/airflow/dags/weather_etl.py took 1.171 seconds
[2026-09-14T23:43:00.028+0000] {processor.py:186} INFO - Started process (PID=1430) to work on /opt/airflow/dags/weather_etl.py
[2026-09-14T23:43:00.031+0000] {processor.py:914} INFO - Processing file /opt/airflow/dags/weather_etl.py for tasks to queue
[2026-09-14T23:43:00.038+0000] {logging_mixin.py:190} INFO - [2026-09-14T23:43:00.037+0000] {dagbag.py:588} INFO - Filling up the DagBag from /opt/airflow/dags/weather_etl.py
[2026-09-14T23:43:00.961+0000] {processor.py:925} INFO - DAG(s) 'weather_etl' retrieved from /opt/airflow/dags/weather_etl.py
[2026-09-14T23:43:01.067+0000] {logging_mixin.py:190} INFO - [2026-09-14T23:43:01.066+0000] {dag.py:3239} INFO - Sync 1 DAGs
[2026-09-14T23:43:01.162+0000] {logging_mixin.py:190} INFO - [2026-09-14T23:43:01.162+0000] {dag.py:4180} INFO - Setting next_dagrun for weather_etl to 2026-09-14 23:00:00+00:00, run_after=2026-09-15 00:00:00+00:00
[2026-09-14T23:43:01.226+0000] {processor.py:208} INFO - Processing /opt/airflow/dags/weather_etl.py took 1.217 seconds
[2026-09-14T23:43:31.661+0000] {processor.py:186} INFO - Started process (PID=1436) to work on /opt/airflow/dags/weather_etl.py
[2026-09-14T23:43:31.663+0000] {processor.py:914} INFO - Processing file /opt/airflow/dags/weather_etl.py for tasks to queue
[2026-09-14T23:43:31.669+0000] {logging_mixin.py:190} INFO - [2026-09-14T23:43:31.669+0000] {dagbag.py:588} INFO - Filling up the DagBag from /opt/airflow/dags/weather_etl.py
[2026-09-14T23:43:32.550+0000] {processor.py:925} INFO - DAG(s) 'weather_etl' retrieved from /opt/airflow/dags/weather_etl.py
[2026-09-14T23:43:32.653+0000] {logging_mixin.py:190} INFO - [2026-09-14T23:43:32.652+0000] {dag.py:3239} INFO - Sync 1 DAGs
[2026-09-14T23:43:32.742+0000] {logging_mixin.py:190} INFO - [2026-09-14T23:43:32.742+0000] {dag.py:4180} INFO - Setting next_dagrun for weather_etl to 2026-09-14 23:00:00+00:00, run_after=2026-09-15 00:00:00+00:00
[2026-09-14T23:43:32.801+0000] {processor.py:208} INFO - Processing /opt/airflow/dags/weather_etl.py took 1.155 seconds
[2026-09-14T23:44:03.130+0000] {processor.py:186} INFO - Started process (PID=1442) to work on /opt/airflow/dags/weather_etl.py
[2026-09-14T23:44:03.133+0000] {processor.py:914} INFO - Processing file /opt/airflow/dags/weather_etl.py for tasks to queue
[2026-09-14T23:44:03.138+0000] {logging_mixin.py:190} INFO - [2026-09-14T23:44:03.137+0000] {dagbag.py:588} INFO - Filling up the DagBag from /opt/airflow/dags/weather_etl.py
[2026-09-14T23:44:03.994+0000] {processor.py:925} INFO - DAG(s) 'weather_etl' retrieved from /opt/airflow/dags/weather_etl.py
[2026-09-14T23:44:04.091+0000] {logging_mixin.py:190} INFO - [2026-09-14T23:44:04.091+0000] {dag.py:3239} INFO - Sync 1 DAGs
[2026-09-14T23:44:04.188+0000] {logging_mixin.py:190} INFO - [2026-09-14T23:44:04.187+0000] {dag.py:4180} INFO - Setting next_dagrun for weather_etl to 2026-09-14 23:00:00+00:00, run_after=2026-09-15 00:00:00+00:00
[2026-09-14T23:44:04.253+0000] {processor.py:208} INFO - Processing /opt/airflow/dags/weather_etl.py took 1.138 seconds
[2026-09-14T23:44:34.707+0000] {processor.py:186} INFO - Started process (PID=1448) to work on /opt/airflow/dags/weather_etl.py
[2026-09-14T23:44:34.710+0000] {processor.py:914} INFO - Processing file /opt/airflow/dags/weather_etl.py for tasks to queue
[2026-09-14T23:44:34.719+0000] {logging_mixin.py:190} INFO - [2026-09-14T23:44:34.718+0000] {dagbag.py:588} INFO - Filling up the DagBag from /opt/airflow/dags/weather_etl.py
[2026-09-14T23:44:35.549+0000] {processor.py:925} INFO - DAG(s) 'weather_etl' retrieved from /opt/airflow/dags/weather_etl.py
[2026-09-14T23:44:35.651+0000] {logging_mixin.py:190} INFO - [2026-09-14T23:44:35.651+0000] {dag.py:3239} INFO - Sync 1 DAGs
[2026-09-14T23:44:35.719+0000] {logging_mixin.py:190} INFO - [2026-09-14T23:44:35.718+0000] {dag.py:4180} INFO - Setting next_dagrun for weather_etl to 2026-09-14 23:00:00+00:00, run_after=2026-09-15 00:00:00+00:00
[2026-09-14T23:44:35.783+0000] {processor.py:208} INFO - Processing /opt/airflow/dags/weather_etl.py took 1.092 seconds
[2026-09-14T23:45:06.166+0000] {processor.py:186} INFO - Started process (PID=1454) to work on /opt/airflow/dags/weather_etl.py
[2026-09-14T23:45:06.168+0000] {processor.py:914} INFO - Processing file /opt/airflow/dags/weather_etl.py for tasks to queue
[2026-09-14T23:45:06.174+0000] {logging_mixin.py:190} INFO - [2026-09-14T23:45:06.173+0000] {dagbag.py:588} INFO - Filling up the DagBag from /opt/airflow/dags/weather_etl.py
[2026-09-14T23:45:07.099+0000] {processor.py:925} INFO - DAG(s) 'weather_etl' retrieved from /opt/airflow/dags/weather_etl.py
[2026-09-14T23:45:07.204+0000] {logging_mixin.py:190} INFO - [2026-09-14T23:45:07.204+0000] {dag.py:3239} INFO - Sync 1 DAGs
[2026-09-14T23:45:07.304+0000] {logging_mixin.py:190} INFO - [2026-09-14T23:45:07.304+0000] {dag.py:4180} INFO - Setting next_dagrun for weather_etl to 2026-09-14 23:00:00+00:00, run_after=2026-09-15 00:00:00+00:00
[2026-09-14T23:45:07.367+0000] {processor.py:208} INFO - Processing /opt/airflow/dags/weather_etl.py took 1.214 seconds
[2026-09-14T23:45:37.687+0000] {processor.py:186} INFO - Started process (PID=1460) to work on /opt/airflow/dags/weather_etl.py
[2026-09-14T23:45:37.689+0000] {processor.py:914} INFO - Processing file /opt/airflow/dags/weather_etl.py for tasks to queue
[2026-09-14T23:45:37.696+0000] {logging_mixin.py:190} INFO - [2026-09-14T23:45:37.695+0000] {dagbag.py:588} INFO - Filling up the DagBag from /opt/airflow/dags/weather_etl.py
[2026-09-14T23:45:38.668+0000] {processor.py:925} INFO - DAG(s) 'weather_etl' retrieved from /opt/airflow/dags/weather_etl.py
[2026-09-14T23:45:38.763+0000] {logging_mixin.py:190} INFO - [2026-09-14T23:45:38.763+0000] {dag.py:3239} INFO - Sync 1 DAGs
[2026-09-14T23:45:38.843+0000] {logging_mixin.py:190} INFO - [2026-09-14T23:45:38.842+0000] {dag.py:4180} INFO - Setting next_dagrun for weather_etl to 2026-09-14 23:00:00+00:00, run_after=2026-09-15 00:00:00+00:00
[2026-09-14T23:45:38.905+0000] {processor.py:208} INFO - Processing /opt/airflow/dags/weather_etl.py took 1.237 seconds
[2026-09-14T23:46:09.281+0000] {processor.py:186} INFO - Started process (PID=1466) to work on /opt/airflow/dags/weather_etl.py
[2026-09-14T23:46:09.284+0000] {processor.py:914} INFO - Processing file /opt/airflow/dags/weather_etl.py for tasks to queue
[2026-09-14T23:46:09.291+0000] {logging_mixin.py:190} INFO - [2026-09-14T23:46:09.290+0000] {dagbag.py:588} INFO - Filling up the DagBag from /opt/airflow/dags/weather_etl.py
[2026-09-14T23:46:10.250+0000] {processor.py:925} INFO - DAG(s) 'weather_etl' retrieved from /opt/airflow/dags/weather_etl.py
[2026-09-14T23:46:10.360+0000] {logging_mixin.py:190} INFO - [2026-09-14T23:46:10.360+0000] {dag.py:3239} INFO - Sync 1 DAGs
[2026-09-14T23:46:10.445+0000] {logging_mixin.py:190} INFO - [2026-09-14T23:46:10.444+0000] {dag.py:4180} INFO - Setting next_dagrun for weather_etl to 2026-09-14 23:00:00+00:00, run_after=2026-09-15 00:00:00+00:00
[2026-09-14T23:46:10.509+0000] {processor.py:208} INFO - Processing /opt/airflow/dags/weather_etl.py took 1.243 seconds
[2026-09-14T23:46:40.826+0000] {processor.py:186} INFO - Started process (PID=1472) to work on /opt/airflow/dags/weather_etl.py
[2026-09-14T23:46:40.828+0000] {processor.py:914} INFO - Processing file /opt/airflow/dags/weather_etl.py for tasks to queue
[2026-09-14T23:46:40.834+0000] {logging_mixin.py:190} INFO - [2026-09-14T23:46:40.834+0000] {dagbag.py:588} INFO - Filling up the DagBag from /opt/airflow/dags/weather_etl.py
[2026-09-14T23:46:41.863+0000] {processor.py:925} INFO - DAG(s) 'weather_etl' retrieved from /opt/airflow/dags/weather_etl.py
[2026-09-14T23:46:41.962+0000] {logging_mixin.py:190} INFO - [2026-09-14T23:46:41.961+0000] {dag.py:3239} INFO - Sync 1 DAGs
[2026-09-14T23:46:42.046+0000] {logging_mixin.py:190} INFO - [2026-09-14T23:46:42.045+0000] {dag.py:4180} INFO - Setting next_dagrun for weather_etl to 2026-09-14 23:00:00+00:00, run_after=2026-09-15 00:00:00+00:00
[2026-09-14T23:46:42.111+0000] {processor.py:208} INFO - Processing /opt/airflow/dags/weather_etl.py took 1.304 seconds
[2026-09-14T23:47:12.511+0000] {processor.py:186} INFO - Started process (PID=1478) to work on /opt/airflow/dags/weather_etl.py
[2026-09-14T23:47:12.515+0000] {processor.py:914} INFO - Processing file /opt/airflow/dags/weather_etl.py for tasks to queue
[2026-09-14T23:47:12.525+0000] {logging_mixin.py:190} INFO - [2026-09-14T23:47:12.523+0000] {dagbag.py:588} INFO - Filling up the DagBag from /opt/airflow/dags/weather_etl.py
[2026-09-14T23:47:13.627+0000] {processor.py:925} INFO - DAG(s) 'weather_etl' retrieved from /opt/airflow/dags/weather_etl.py
[2026-09-14T23:47:13.749+0000] {logging_mixin.py:190} INFO - [2026-09-14T23:47:13.748+0000] {dag.py:3239} INFO - Sync 1 DAGs
[2026-09-14T23:47:13.844+0000] {logging_mixin.py:190} INFO - [2026-09-14T23:47:13.844+0000] {dag.py:4180} INFO - Setting next_dagrun for weather_etl to 2026-09-14 23:00:00+00:00, run_after=2026-09-15 00:00:00+00:00
[2026-09-14T23:47:13.916+0000] {processor.py:208} INFO - Processing /opt/airflow/dags/weather_etl.py took 1.432 seconds
[2026-09-14T23:47:44.412+0000] {processor.py:186} INFO - Started process (PID=1484) to work on /opt/airflow/dags/weather_etl.py
[2026-09-14T23:47:44.415+0000] {processor.py:914} INFO - Processing file /opt/airflow/dags/weather_etl.py for tasks to queue
[2026-09-14T23:47:44.421+0000] {logging_mixin.py:190} INFO - [2026-09-14T23:47:44.420+0000] {dagbag.py:588} INFO - Filling up the DagBag from /opt/airflow/dags/weather_etl.py
[2026-09-14T23:47:45.362+0000] {processor.py:925} INFO - DAG(s) 'weather_etl' retrieved from /opt/airflow/dags/weather_etl.py
[2026-09-14T23:47:45.472+0000] {logging_mixin.py:190} INFO - [2026-09-14T23:47:45.471+0000] {dag.py:3239} INFO - Sync 1 DAGs
[2026-09-14T23:47:45.565+0000] {logging_mixin.py:190} INFO - [2026-09-14T23:47:45.564+0000] {dag.py:4180} INFO - Setting next_dagrun for weather_etl to 2026-09-14 23:00:00+00:00, run_after=2026-09-15 00:00:00+00:00
[2026-09-14T23:47:45.625+0000] {processor.py:208} INFO - Processing /opt/airflow/dags/weather_etl.py took 1.228 seconds
[2026-09-14T23:48:15.850+0000] {processor.py:186} INFO - Started process (PID=1490) to work on /opt/airflow/dags/weather_etl.py
[2026-09-14T23:48:15.853+0000] {processor.py:914} INFO - Processing file /opt/airflow/dags/weather_etl.py for tasks to queue
[2026-09-14T23:48:15.860+0000] {logging_mixin.py:190} INFO - [2026-09-14T23:48:15.859+0000] {dagbag.py:588} INFO - Filling up the DagBag from /opt/airflow/dags/weather_etl.py
[2026-09-14T23:48:16.767+0000] {processor.py:925} INFO - DAG(s) 'weather_etl' retrieved from /opt/airflow/dags/weather_etl.py
[2026-09-14T23:48:16.873+0000] {logging_mixin.py:190} INFO - [2026-09-14T23:48:16.872+0000] {dag.py:3239} INFO - Sync 1 DAGs
[2026-09-14T23:48:16.955+0000] {logging_mixin.py:190} INFO - [2026-09-14T23:48:16.954+0000] {dag.py:4180} INFO - Setting next_dagrun for weather_etl to 2026-09-14 23:00:00+00:00, run_after=2026-09-15 00:00:00+00:00
[2026-09-14T23:48:17.016+0000] {processor.py:208} INFO - Processing /opt/airflow/dags/weather_etl.py took 1.189 seconds
[2026-09-14T23:48:47.322+0000] {processor.py:186} INFO - Started process (PID=1496) to work on /opt/airflow/dags/weather_etl.py
[2026-09-14T23:48:47.325+0000] {processor.py:914} INFO - Processing file /opt/airflow/dags/weather_etl.py for tasks to queue
[2026-09-14T23:48:47.334+0000] {logging_mixin.py:190} INFO - [2026-09-14T23:48:47.332+0000] {dagbag.py:588} INFO - Filling up the DagBag from /opt/airflow/dags/weather_etl.py
[2026-09-14T23:48:48.339+0000] {processor.py:925} INFO - DAG(s) 'weather_etl' retrieved from /opt/airflow/dags/weather_etl.py
[2026-09-14T23:48:48.446+0000] {logging_mixin.py:190} INFO - [2026-09-14T23:48:48.445+0000] {dag.py:3239} INFO - Sync 1 DAGs
[2026-09-14T23:48:48.528+0000] {logging_mixin.py:190} INFO - [2026-09-14T23:48:48.528+0000] {dag.py:4180} INFO - Setting next_dagrun for weather_etl to 2026-09-14 23:00:00+00:00, run_after=2026-09-15 00:00:00+00:00
[2026-09-14T23:48:48.586+0000] {processor.py:208} INFO - Processing /opt/airflow/dags/weather_etl.py took 1.289 seconds
[2026-09-14T23:49:18.927+0000] {processor.py:186} INFO - Started process (PID=1502) to work on /opt/airflow/dags/weather_etl.py
[2026-09-14T23:49:18.930+0000] {processor.py:914} INFO - Processing file /opt/airflow/dags/weather_etl.py for tasks to queue
[2026-09-14T23:49:18.938+0000] {logging_mixin.py:190} INFO - [2026-09-14T23:49:18.937+0000] {dagbag.py:588} INFO - Filling up the DagBag from /opt/airflow/dags/weather_etl.py
[2026-09-14T23:49:20.056+0000] {processor.py:925} INFO - DAG(s) 'weather_etl' retrieved from /opt/airflow/dags/weather_etl.py
[2026-09-14T23:49:20.160+0000] {logging_mixin.py:190} INFO - [2026-09-14T23:49:20.159+0000] {dag.py:3239} INFO - Sync 1 DAGs
[2026-09-14T23:49:20.254+0000] {logging_mixin.py:190} INFO - [2026-09-14T23:49:20.254+0000] {dag.py:4180} INFO - Setting next_dagrun for weather_etl to 2026-09-14 23:00:00+00:00, run_after=2026-09-15 00:00:00+00:00
[2026-09-14T23:49:20.319+0000] {processor.py:208} INFO - Processing /opt/airflow/dags/weather_etl.py took 1.411 seconds
[2026-09-14T23:49:50.566+0000] {processor.py:186} INFO - Started process (PID=1508) to work on /opt/airflow/dags/weather_etl.py
[2026-09-14T23:49:50.569+0000] {processor.py:914} INFO - Processing file /opt/airflow/dags/weather_etl.py for tasks to queue
[2026-09-14T23:49:50.576+0000] {logging_mixin.py:190} INFO - [2026-09-14T23:49:50.575+0000] {dagbag.py:588} INFO - Filling up the DagBag from /opt/airflow/dags/weather_etl.py
[2026-09-14T23:49:51.798+0000] {processor.py:925} INFO - DAG(s) 'weather_etl' retrieved from /opt/airflow/dags/weather_etl.py
[2026-09-14T23:49:51.913+0000] {logging_mixin.py:190} INFO - [2026-09-14T23:49:51.912+0000] {dag.py:3239} INFO - Sync 1 DAGs
[2026-09-14T23:49:52.000+0000] {logging_mixin.py:190} INFO - [2026-09-14T23:49:51.999+0000] {dag.py:4180} INFO - Setting next_dagrun for weather_etl to 2026-09-14 23:00:00+00:00, run_after=2026-09-15 00:00:00+00:00
[2026-09-14T23:49:52.070+0000] {processor.py:208} INFO - Processing /opt/airflow/dags/weather_etl.py took 1.524 seconds
[2026-09-14T23:50:22.362+0000] {processor.py:186} INFO - Started process (PID=1514) to work on /opt/airflow/dags/weather_etl.py
[2026-09-14T23:50:22.365+0000] {processor.py:914} INFO - Processing file /opt/airflow/dags/weather_etl.py for tasks to queue
[2026-09-14T23:50:22.375+0000] {logging_mixin.py:190} INFO - [2026-09-14T23:50:22.374+0000] {dagbag.py:588} INFO - Filling up the DagBag from /opt/airflow/dags/weather_etl.py
[2026-09-14T23:50:23.343+0000] {processor.py:925} INFO - DAG(s) 'weather_etl' retrieved from /opt/airflow/dags/weather_etl.py
[2026-09-14T23:50:23.449+0000] {logging_mixin.py:190} INFO - [2026-09-14T23:50:23.449+0000] {dag.py:3239} INFO - Sync 1 DAGs
[2026-09-14T23:50:23.564+0000] {logging_mixin.py:190} INFO - [2026-09-14T23:50:23.564+0000] {dag.py:4180} INFO - Setting next_dagrun for weather_etl to 2026-09-14 23:00:00+00:00, run_after=2026-09-15 00:00:00+00:00
[2026-09-14T23:50:23.635+0000] {processor.py:208} INFO - Processing /opt/airflow/dags/weather_etl.py took 1.293 seconds
[2026-09-14T23:50:54.044+0000] {processor.py:186} INFO - Started process (PID=1520) to work on /opt/airflow/dags/weather_etl.py
[2026-09-14T23:50:54.047+0000] {processor.py:914} INFO - Processing file /opt/airflow/dags/weather_etl.py for tasks to queue
[2026-09-14T23:50:54.053+0000] {logging_mixin.py:190} INFO - [2026-09-14T23:50:54.052+0000] {dagbag.py:588} INFO - Filling up the DagBag from /opt/airflow/dags/weather_etl.py
[2026-09-14T23:50:55.007+0000] {processor.py:925} INFO - DAG(s) 'weather_etl' retrieved from /opt/airflow/dags/weather_etl.py
[2026-09-14T23:50:55.110+0000] {logging_mixin.py:190} INFO - [2026-09-14T23:50:55.110+0000] {dag.py:3239} INFO - Sync 1 DAGs
[2026-09-14T23:50:55.195+0000] {logging_mixin.py:190} INFO - [2026-09-14T23:50:55.194+0000] {dag.py:4180} INFO - Setting next_dagrun for weather_etl to 2026-09-14 23:00:00+00:00, run_after=2026-09-15 00:00:00+00:00
[2026-09-14T23:50:55.260+0000] {processor.py:208} INFO - Processing /opt/airflow/dags/weather_etl.py took 1.232 seconds
[2026-09-14T23:51:25.557+0000] {processor.py:186} INFO - Started process (PID=1526) to work on /opt/airflow/dags/weather_etl.py
[2026-09-14T23:51:25.560+0000] {processor.py:914} INFO - Processing file /opt/airflow/dags/weather_etl.py for tasks to queue
[2026-09-14T23:51:25.567+0000] {logging_mixin.py:190} INFO - [2026-09-14T23:51:25.565+0000] {dagbag.py:588} INFO - Filling up the DagBag from /opt/airflow/dags/weather_etl.py
[2026-09-14T23:51:26.515+0000] {processor.py:925} INFO - DAG(s) 'weather_etl' retrieved from /opt/airflow/dags/weather_etl.py
[2026-09-14T23:51:26.628+0000] {logging_mixin.py:190} INFO - [2026-09-14T23:51:26.627+0000] {dag.py:3239} INFO - Sync 1 DAGs
[2026-09-14T23:51:26.719+0000] {logging_mixin.py:190} INFO - [2026-09-14T23:51:26.718+0000] {dag.py:4180} INFO - Setting next_dagrun for weather_etl to 2026-09-14 23:00:00+00:00, run_after=2026-09-15 00:00:00+00:00
[2026-09-14T23:51:26.784+0000] {processor.py:208} INFO - Processing /opt/airflow/dags/weather_etl.py took 1.243 seconds
[2026-09-14T23:51:57.182+0000] {processor.py:186} INFO - Started process (PID=1532) to work on /opt/airflow/dags/weather_etl.py
[2026-09-14T23:51:57.184+0000] {processor.py:914} INFO - Processing file /opt/airflow/dags/weather_etl.py for tasks to queue
[2026-09-14T23:51:57.189+0000] {logging_mixin.py:190} INFO - [2026-09-14T23:51:57.189+0000] {dagbag.py:588} INFO - Filling up the DagBag from /opt/airflow/dags/weather_etl.py
[2026-09-14T23:51:58.232+0000] {processor.py:925} INFO - DAG(s) 'weather_etl' retrieved from /opt/airflow/dags/weather_etl.py
[2026-09-14T23:51:58.337+0000] {logging_mixin.py:190} INFO - [2026-09-14T23:51:58.336+0000] {dag.py:3239} INFO - Sync 1 DAGs
[2026-09-14T23:51:58.444+0000] {logging_mixin.py:190} INFO - [2026-09-14T23:51:58.443+0000] {dag.py:4180} INFO - Setting next_dagrun for weather_etl to 2026-09-14 23:00:00+00:00, run_after=2026-09-15 00:00:00+00:00
[2026-09-14T23:51:58.512+0000] {processor.py:208} INFO - Processing /opt/airflow/dags/weather_etl.py took 1.345 seconds
[2026-09-14T23:52:28.798+0000] {processor.py:186} INFO - Started process (PID=1538) to work on /opt/airflow/dags/weather_etl.py
[2026-09-14T23:52:28.802+0000] {processor.py:914} INFO - Processing file /opt/airflow/dags/weather_etl.py for tasks to queue
[2026-09-14T23:52:28.812+0000] {logging_mixin.py:190} INFO - [2026-09-14T23:52:28.811+0000] {dagbag.py:588} INFO - Filling up the DagBag from /opt/airflow/dags/weather_etl.py
[2026-09-14T23:52:29.688+0000] {processor.py:925} INFO - DAG(s) 'weather_etl' retrieved from /opt/airflow/dags/weather_etl.py
[2026-09-14T23:52:29.808+0000] {logging_mixin.py:190} INFO - [2026-09-14T23:52:29.807+0000] {dag.py:3239} INFO - Sync 1 DAGs
[2026-09-14T23:52:29.913+0000] {logging_mixin.py:190} INFO - [2026-09-14T23:52:29.912+0000] {dag.py:4180} INFO - Setting next_dagrun for weather_etl to 2026-09-14 23:00:00+00:00, run_after=2026-09-15 00:00:00+00:00
[2026-09-14T23:52:29.981+0000] {processor.py:208} INFO - Processing /opt/airflow/dags/weather_etl.py took 1.208 seconds
[2026-09-14T23:53:00.438+0000] {processor.py:186} INFO - Started process (PID=1544) to work on /opt/airflow/dags/weather_etl.py
[2026-09-14T23:53:00.440+0000] {processor.py:914} INFO - Processing file /opt/airflow/dags/weather_etl.py for tasks to queue
[2026-09-14T23:53:00.448+0000] {logging_mixin.py:190} INFO - [2026-09-14T23:53:00.447+0000] {dagbag.py:588} INFO - Filling up the DagBag from /opt/airflow/dags/weather_etl.py
[2026-09-14T23:53:01.357+0000] {processor.py:925} INFO - DAG(s) 'weather_etl' retrieved from /opt/airflow/dags/weather_etl.py
[2026-09-14T23:53:01.459+0000] {logging_mixin.py:190} INFO - [2026-09-14T23:53:01.459+0000] {dag.py:3239} INFO - Sync 1 DAGs
[2026-09-14T23:53:01.538+0000] {logging_mixin.py:190} INFO - [2026-09-14T23:53:01.537+0000] {dag.py:4180} INFO - Setting next_dagrun for weather_etl to 2026-09-14 23:00:00+00:00, run_after=2026-09-15 00:00:00+00:00
[2026-09-14T23:53:01.601+0000] {processor.py:208} INFO - Processing /opt/airflow/dags/weather_etl.py took 1.184 seconds
[2026-09-14T23:53:31.897+0000] {processor.py:186} INFO - Started process (PID=1550) to work on /opt/airflow/dags/weather_etl.py
[2026-09-14T23:53:31.899+0000] {processor.py:914} INFO - Processing file /opt/airflow/dags/weather_etl.py for tasks to queue
[2026-09-14T23:53:31.905+0000] {logging_mixin.py:190} INFO - [2026-09-14T23:53:31.904+0000] {dagbag.py:588} INFO - Filling up the DagBag from /opt/airflow/dags/weather_etl.py
[2026-09-14T23:53:32.812+0000] {processor.py:925} INFO - DAG(s) 'weather_etl' retrieved from /opt/airflow/dags/weather_etl.py
[2026-09-14T23:53:32.918+0000] {logging_mixin.py:190} INFO - [2026-09-14T23:53:32.917+0000] {dag.py:3239} INFO - Sync 1 DAGs
[2026-09-14T23:53:33.021+0000] {logging_mixin.py:190} INFO - [2026-09-14T23:53:33.020+0000] {dag.py:4180} INFO - Setting next_dagrun for weather_etl to 2026-09-14 23:00:00+00:00, run_after=2026-09-15 00:00:00+00:00
[2026-09-14T23:53:33.091+0000] {processor.py:208} INFO - Processing /opt/airflow/dags/weather_etl.py took 1.212 seconds
[2026-09-14T23:54:11.819+0000] {processor.py:186} INFO - Started process (PID=1556) to work on /opt/airflow/dags/weather_etl.py
[2026-09-14T23:54:11.842+0000] {processor.py:914} INFO - Processing file /opt/airflow/dags/weather_etl.py for tasks to queue
[2026-09-14T23:54:11.860+0000] {logging_mixin.py:190} INFO - [2026-09-14T23:54:11.859+0000] {dagbag.py:588} INFO - Filling up the DagBag from /opt/airflow/dags/weather_etl.py
[2026-09-14T23:54:13.856+0000] {processor.py:925} INFO - DAG(s) 'weather_etl' retrieved from /opt/airflow/dags/weather_etl.py
[2026-09-14T23:54:14.124+0000] {logging_mixin.py:190} INFO - [2026-09-14T23:54:14.124+0000] {dag.py:3239} INFO - Sync 1 DAGs
[2026-09-14T23:54:14.339+0000] {logging_mixin.py:190} INFO - [2026-09-14T23:54:14.338+0000] {dag.py:4180} INFO - Setting next_dagrun for weather_etl to 2026-09-14 23:00:00+00:00, run_after=2026-09-15 00:00:00+00:00
[2026-09-14T23:54:14.486+0000] {processor.py:208} INFO - Processing /opt/airflow/dags/weather_etl.py took 2.717 seconds
[2026-09-14T23:54:45.146+0000] {processor.py:186} INFO - Started process (PID=1562) to work on /opt/airflow/dags/weather_etl.py
[2026-09-14T23:54:45.149+0000] {processor.py:914} INFO - Processing file /opt/airflow/dags/weather_etl.py for tasks to queue
[2026-09-14T23:54:45.160+0000] {logging_mixin.py:190} INFO - [2026-09-14T23:54:45.159+0000] {dagbag.py:588} INFO - Filling up the DagBag from /opt/airflow/dags/weather_etl.py
[2026-09-14T23:54:46.508+0000] {processor.py:925} INFO - DAG(s) 'weather_etl' retrieved from /opt/airflow/dags/weather_etl.py
[2026-09-14T23:54:46.645+0000] {logging_mixin.py:190} INFO - [2026-09-14T23:54:46.645+0000] {dag.py:3239} INFO - Sync 1 DAGs
[2026-09-14T23:54:46.821+0000] {logging_mixin.py:190} INFO - [2026-09-14T23:54:46.820+0000] {dag.py:4180} INFO - Setting next_dagrun for weather_etl to 2026-09-14 23:00:00+00:00, run_after=2026-09-15 00:00:00+00:00
[2026-09-14T23:54:46.937+0000] {processor.py:208} INFO - Processing /opt/airflow/dags/weather_etl.py took 1.816 seconds
[2026-09-14T23:55:17.528+0000] {processor.py:186} INFO - Started process (PID=1568) to work on /opt/airflow/dags/weather_etl.py
[2026-09-14T23:55:17.532+0000] {processor.py:914} INFO - Processing file /opt/airflow/dags/weather_etl.py for tasks to queue
[2026-09-14T23:55:17.541+0000] {logging_mixin.py:190} INFO - [2026-09-14T23:55:17.540+0000] {dagbag.py:588} INFO - Filling up the DagBag from /opt/airflow/dags/weather_etl.py
[2026-09-14T23:55:18.812+0000] {processor.py:925} INFO - DAG(s) 'weather_etl' retrieved from /opt/airflow/dags/weather_etl.py
[2026-09-14T23:55:18.926+0000] {logging_mixin.py:190} INFO - [2026-09-14T23:55:18.925+0000] {dag.py:3239} INFO - Sync 1 DAGs
[2026-09-14T23:55:19.058+0000] {logging_mixin.py:190} INFO - [2026-09-14T23:55:19.056+0000] {dag.py:4180} INFO - Setting next_dagrun for weather_etl to 2026-09-14 23:00:00+00:00, run_after=2026-09-15 00:00:00+00:00
[2026-09-14T23:55:19.126+0000] {processor.py:208} INFO - Processing /opt/airflow/dags/weather_etl.py took 1.623 seconds
[2026-09-14T23:55:49.489+0000] {processor.py:186} INFO - Started process (PID=1574) to work on /opt/airflow/dags/weather_etl.py
[2026-09-14T23:55:49.492+0000] {processor.py:914} INFO - Processing file /opt/airflow/dags/weather_etl.py for tasks to queue
[2026-09-14T23:55:49.507+0000] {logging_mixin.py:190} INFO - [2026-09-14T23:55:49.505+0000] {dagbag.py:588} INFO - Filling up the DagBag from /opt/airflow/dags/weather_etl.py
[2026-09-14T23:55:51.344+0000] {processor.py:925} INFO - DAG(s) 'weather_etl' retrieved from /opt/airflow/dags/weather_etl.py
[2026-09-14T23:55:51.504+0000] {logging_mixin.py:190} INFO - [2026-09-14T23:55:51.502+0000] {dag.py:3239} INFO - Sync 1 DAGs
[2026-09-14T23:55:51.651+0000] {logging_mixin.py:190} INFO - [2026-09-14T23:55:51.650+0000] {dag.py:4180} INFO - Setting next_dagrun for weather_etl to 2026-09-14 23:00:00+00:00, run_after=2026-09-15 00:00:00+00:00
[2026-09-14T23:55:51.794+0000] {processor.py:208} INFO - Processing /opt/airflow/dags/weather_etl.py took 2.341 seconds
[2026-09-14T23:56:22.239+0000] {processor.py:186} INFO - Started process (PID=1580) to work on /opt/airflow/dags/weather_etl.py
[2026-09-14T23:56:22.244+0000] {processor.py:914} INFO - Processing file /opt/airflow/dags/weather_etl.py for tasks to queue
[2026-09-14T23:56:22.254+0000] {logging_mixin.py:190} INFO - [2026-09-14T23:56:22.252+0000] {dagbag.py:588} INFO - Filling up the DagBag from /opt/airflow/dags/weather_etl.py
[2026-09-14T23:56:23.643+0000] {processor.py:925} INFO - DAG(s) 'weather_etl' retrieved from /opt/airflow/dags/weather_etl.py
[2026-09-14T23:56:23.754+0000] {logging_mixin.py:190} INFO - [2026-09-14T23:56:23.753+0000] {dag.py:3239} INFO - Sync 1 DAGs
[2026-09-14T23:56:23.865+0000] {logging_mixin.py:190} INFO - [2026-09-14T23:56:23.864+0000] {dag.py:4180} INFO - Setting next_dagrun for weather_etl to 2026-09-14 23:00:00+00:00, run_after=2026-09-15 00:00:00+00:00
[2026-09-14T23:56:23.941+0000] {processor.py:208} INFO - Processing /opt/airflow/dags/weather_etl.py took 1.728 seconds
[2026-09-14T23:56:54.597+0000] {processor.py:186} INFO - Started process (PID=1586) to work on /opt/airflow/dags/weather_etl.py
[2026-09-14T23:56:54.601+0000] {processor.py:914} INFO - Processing file /opt/airflow/dags/weather_etl.py for tasks to queue
[2026-09-14T23:56:54.610+0000] {logging_mixin.py:190} INFO - [2026-09-14T23:56:54.609+0000] {dagbag.py:588} INFO - Filling up the DagBag from /opt/airflow/dags/weather_etl.py
[2026-09-14T23:56:55.705+0000] {processor.py:925} INFO - DAG(s) 'weather_etl' retrieved from /opt/airflow/dags/weather_etl.py
[2026-09-14T23:56:55.834+0000] {logging_mixin.py:190} INFO - [2026-09-14T23:56:55.834+0000] {dag.py:3239} INFO - Sync 1 DAGs
[2026-09-14T23:56:55.932+0000] {logging_mixin.py:190} INFO - [2026-09-14T23:56:55.931+0000] {dag.py:4180} INFO - Setting next_dagrun for weather_etl to 2026-09-14 23:00:00+00:00, run_after=2026-09-15 00:00:00+00:00
[2026-09-14T23:56:56.002+0000] {processor.py:208} INFO - Processing /opt/airflow/dags/weather_etl.py took 1.430 seconds
[2026-09-14T23:57:26.332+0000] {processor.py:186} INFO - Started process (PID=1592) to work on /opt/airflow/dags/weather_etl.py
[2026-09-14T23:57:26.334+0000] {processor.py:914} INFO - Processing file /opt/airflow/dags/weather_etl.py for tasks to queue
[2026-09-14T23:57:26.343+0000] {logging_mixin.py:190} INFO - [2026-09-14T23:57:26.342+0000] {dagbag.py:588} INFO - Filling up the DagBag from /opt/airflow/dags/weather_etl.py
[2026-09-14T23:57:27.470+0000] {processor.py:925} INFO - DAG(s) 'weather_etl' retrieved from /opt/airflow/dags/weather_etl.py
[2026-09-14T23:57:27.578+0000] {logging_mixin.py:190} INFO - [2026-09-14T23:57:27.577+0000] {dag.py:3239} INFO - Sync 1 DAGs
[2026-09-14T23:57:27.665+0000] {logging_mixin.py:190} INFO - [2026-09-14T23:57:27.664+0000] {dag.py:4180} INFO - Setting next_dagrun for weather_etl to 2026-09-14 23:00:00+00:00, run_after=2026-09-15 00:00:00+00:00
[2026-09-14T23:57:27.738+0000] {processor.py:208} INFO - Processing /opt/airflow/dags/weather_etl.py took 1.421 seconds
[2026-09-14T23:57:57.985+0000] {processor.py:186} INFO - Started process (PID=1598) to work on /opt/airflow/dags/weather_etl.py
[2026-09-14T23:57:57.989+0000] {processor.py:914} INFO - Processing file /opt/airflow/dags/weather_etl.py for tasks to queue
[2026-09-14T23:57:57.997+0000] {logging_mixin.py:190} INFO - [2026-09-14T23:57:57.996+0000] {dagbag.py:588} INFO - Filling up the DagBag from /opt/airflow/dags/weather_etl.py
[2026-09-14T23:57:59.116+0000] {processor.py:925} INFO - DAG(s) 'weather_etl' retrieved from /opt/airflow/dags/weather_etl.py
[2026-09-14T23:57:59.225+0000] {logging_mixin.py:190} INFO - [2026-09-14T23:57:59.225+0000] {dag.py:3239} INFO - Sync 1 DAGs
[2026-09-14T23:57:59.325+0000] {logging_mixin.py:190} INFO - [2026-09-14T23:57:59.324+0000] {dag.py:4180} INFO - Setting next_dagrun for weather_etl to 2026-09-14 23:00:00+00:00, run_after=2026-09-15 00:00:00+00:00
[2026-09-14T23:57:59.394+0000] {processor.py:208} INFO - Processing /opt/airflow/dags/weather_etl.py took 1.433 seconds
[2026-09-14T23:58:29.741+0000] {processor.py:186} INFO - Started process (PID=1604) to work on /opt/airflow/dags/weather_etl.py
[2026-09-14T23:58:29.743+0000] {processor.py:914} INFO - Processing file /opt/airflow/dags/weather_etl.py for tasks to queue
[2026-09-14T23:58:29.751+0000] {logging_mixin.py:190} INFO - [2026-09-14T23:58:29.750+0000] {dagbag.py:588} INFO - Filling up the DagBag from /opt/airflow/dags/weather_etl.py
[2026-09-14T23:58:30.822+0000] {processor.py:925} INFO - DAG(s) 'weather_etl' retrieved from /opt/airflow/dags/weather_etl.py
[2026-09-14T23:58:30.917+0000] {logging_mixin.py:190} INFO - [2026-09-14T23:58:30.917+0000] {dag.py:3239} INFO - Sync 1 DAGs
[2026-09-14T23:58:31.026+0000] {logging_mixin.py:190} INFO - [2026-09-14T23:58:31.026+0000] {dag.py:4180} INFO - Setting next_dagrun for weather_etl to 2026-09-14 23:00:00+00:00, run_after=2026-09-15 00:00:00+00:00
[2026-09-14T23:58:31.093+0000] {processor.py:208} INFO - Processing /opt/airflow/dags/weather_etl.py took 1.369 seconds
[2026-09-14T23:59:01.325+0000] {processor.py:186} INFO - Started process (PID=1610) to work on /opt/airflow/dags/weather_etl.py
[2026-09-14T23:59:01.328+0000] {processor.py:914} INFO - Processing file /opt/airflow/dags/weather_etl.py for tasks to queue
[2026-09-14T23:59:01.336+0000] {logging_mixin.py:190} INFO - [2026-09-14T23:59:01.335+0000] {dagbag.py:588} INFO - Filling up the DagBag from /opt/airflow/dags/weather_etl.py
[2026-09-14T23:59:02.378+0000] {processor.py:925} INFO - DAG(s) 'weather_etl' retrieved from /opt/airflow/dags/weather_etl.py
[2026-09-14T23:59:02.493+0000] {logging_mixin.py:190} INFO - [2026-09-14T23:59:02.493+0000] {dag.py:3239} INFO - Sync 1 DAGs
[2026-09-14T23:59:02.595+0000] {logging_mixin.py:190} INFO - [2026-09-14T23:59:02.594+0000] {dag.py:4180} INFO - Setting next_dagrun for weather_etl to 2026-09-14 23:00:00+00:00, run_after=2026-09-15 00:00:00+00:00
[2026-09-14T23:59:02.665+0000] {processor.py:208} INFO - Processing /opt/airflow/dags/weather_etl.py took 1.361 seconds
[2026-09-14T23:59:33.079+0000] {processor.py:186} INFO - Started process (PID=1616) to work on /opt/airflow/dags/weather_etl.py
[2026-09-14T23:59:33.082+0000] {processor.py:914} INFO - Processing file /opt/airflow/dags/weather_etl.py for tasks to queue
[2026-09-14T23:59:33.089+0000] {logging_mixin.py:190} INFO - [2026-09-14T23:59:33.088+0000] {dagbag.py:588} INFO - Filling up the DagBag from /opt/airflow/dags/weather_etl.py
[2026-09-14T23:59:34.160+0000] {processor.py:925} INFO - DAG(s) 'weather_etl' retrieved from /opt/airflow/dags/weather_etl.py
[2026-09-14T23:59:34.289+0000] {logging_mixin.py:190} INFO - [2026-09-14T23:59:34.288+0000] {dag.py:3239} INFO - Sync 1 DAGs
[2026-09-14T23:59:34.409+0000] {logging_mixin.py:190} INFO - [2026-09-14T23:59:34.408+0000] {dag.py:4180} INFO - Setting next_dagrun for weather_etl to 2026-09-14 23:00:00+00:00, run_after=2026-09-15 00:00:00+00:00
[2026-09-14T23:59:34.472+0000] {processor.py:208} INFO - Processing /opt/airflow/dags/weather_etl.py took 1.412 seconds
