[2026-09-14T13:49:42.072+0000] {manager.py:483} INFO - Processing files using up to 2 processes at a time 
[2026-09-14T13:49:42.074+0000] {manager.py:484} INFO - Process each file at most once every 30 seconds
[2026-09-14T13:49:42.076+0000] {manager.py:485} INFO - Checking for new files in /opt/airflow/dags every 300 seconds
[2026-09-14T13:49:42.078+0000] {manager.py:821} INFO - Searching for files in /opt/airflow/dags
[2026-09-14T13:49:42.109+0000] {manager.py:824} INFO - There are 0 files in /opt/airflow/dags
[2026-09-14T13:54:42.187+0000] {manager.py:821} INFO - Searching for files in /opt/airflow/dags
[2026-09-14T13:54:42.215+0000] {manager.py:824} INFO - There are 0 files in /opt/airflow/dags
[2026-09-14T13:59:42.806+0000] {manager.py:821} INFO - Searching for files in /opt/airflow/dags
[2026-09-14T13:59:42.841+0000] {manager.py:824} INFO - There are 1 files in /opt/airflow/dags
[2026-09-14T13:59:49.884+0000] {manager.py:997} INFO - 
================================================================================
DAG File Processing Stats

File Path                         PID    Runtime      # DAGs    # Errors  Last Runtime    Last Run               Last # of DB Queries
--------------------------------  -----  ---------  --------  ----------  --------------  -------------------  ----------------------
/opt/airflow/dags/weather_etl.py                           0           1  6.50s           2026-09-14T13:59:49                       3
================================================================================
[2026-09-14T14:00:20.364+0000] {manager.py:997} INFO - 
================================================================================
DAG File Processing Stats

File Path                           PID  Runtime      # DAGs    # Errors  Last Runtime    Last Run               Last # of DB Queries
--------------------------------  -----  ---------  --------  ----------  --------------  -------------------  ----------------------
/opt/airflow/dags/weather_etl.py    202  0.01s             0           1  6.50s           2026-09-14T13:59:49                       3
================================================================================
[2026-09-14T14:00:50.865+0000] {manager.py:997} INFO - 
================================================================================
DAG File Processing Stats

File Path                         PID    Runtime      # DAGs    # Errors  Last Runtime    Last Run               Last # of DB Queries
--------------------------------  -----  ---------  --------  ----------  --------------  -------------------  ----------------------
/opt/airflow/dags/weather_etl.py                           0           1  2.06s           2026-09-14T14:00:22                       5
================================================================================
[2026-09-14T14:01:21.378+0000] {manager.py:997} INFO - 
================================================================================
DAG File Processing Stats

File Path                         PID    Runtime      # DAGs    # Errors  Last Runtime    Last Run               Last # of DB Queries
--------------------------------  -----  ---------  --------  ----------  --------------  -------------------  ----------------------
/opt/airflow/dags/weather_etl.py                           0           1  2.26s           2026-09-14T14:00:55                       5
================================================================================
[2026-09-14T14:01:51.604+0000] {manager.py:997} INFO - 
================================================================================
DAG File Processing Stats

File Path                         PID    Runtime      # DAGs    # Errors  Last Runtime    Last Run               Last # of DB Queries
--------------------------------  -----  ---------  --------  ----------  --------------  -------------------  ----------------------
/opt/airflow/dags/weather_etl.py                           0           1  1.78s           2026-09-14T14:01:27                       5
================================================================================
[2026-09-14T14:02:22.114+0000] {manager.py:997} INFO - 
================================================================================
DAG File Processing Stats

File Path                         PID    Runtime      # DAGs    # Errors  Last Runtime    Last Run               Last # of DB Queries
--------------------------------  -----  ---------  --------  ----------  --------------  -------------------  ----------------------
/opt/airflow/dags/weather_etl.py                           0           1  2.02s           2026-09-14T14:01:59                       5
================================================================================
[2026-09-14T14:02:52.607+0000] {manager.py:997} INFO - 
================================================================================
DAG File Processing Stats

File Path                         PID    Runtime      # DAGs    # Errors  Last Runtime    Last Run               Last # of DB Queries
--------------------------------  -----  ---------  --------  ----------  --------------  -------------------  ----------------------
/opt/airflow/dags/weather_etl.py                           0           1  2.16s           2026-09-14T14:02:32                       5
================================================================================
[2026-09-14T14:03:23.179+0000] {manager.py:997} INFO - 
================================================================================
DAG File Processing Stats

File Path                         PID    Runtime      # DAGs    # Errors  Last Runtime    Last Run               Last # of DB Queries
--------------------------------  -----  ---------  --------  ----------  --------------  -------------------  ----------------------
/opt/airflow/dags/weather_etl.py                           0           1  2.22s           2026-09-14T14:03:05                       5
================================================================================
[2026-09-14T14:03:53.199+0000] {manager.py:997} INFO - 
================================================================================
DAG File Processing Stats

File Path                         PID    Runtime      # DAGs    # Errors  Last Runtime    Last Run               Last # of DB Queries
--------------------------------  -----  ---------  --------  ----------  --------------  -------------------  ----------------------
/opt/airflow/dags/weather_etl.py                           0           1  1.58s           2026-09-14T14:03:36                       5
================================================================================
[2026-09-14T14:04:23.759+0000] {manager.py:997} INFO - 
================================================================================
DAG File Processing Stats

File Path                         PID    Runtime      # DAGs    # Errors  Last Runtime    Last Run               Last # of DB Queries
--------------------------------  -----  ---------  --------  ----------  --------------  -------------------  ----------------------
/opt/airflow/dags/weather_etl.py                           0           1  2.03s           2026-09-14T14:04:09                       5
================================================================================
[2026-09-14T14:04:43.432+0000] {manager.py:821} INFO - Searching for files in /opt/airflow/dags
[2026-09-14T14:04:43.493+0000] {manager.py:824} INFO - There are 1 files in /opt/airflow/dags
[2026-09-14T14:04:53.788+0000] {manager.py:997} INFO - 
================================================================================
DAG File Processing Stats

File Path                         PID    Runtime      # DAGs    # Errors  Last Runtime    Last Run               Last # of DB Queries
--------------------------------  -----  ---------  --------  ----------  --------------  -------------------  ----------------------
/opt/airflow/dags/weather_etl.py                           0           1  1.60s           2026-09-14T14:04:41                       5
================================================================================
[2026-09-14T14:05:24.229+0000] {manager.py:997} INFO - 
================================================================================
DAG File Processing Stats

File Path                         PID    Runtime      # DAGs    # Errors  Last Runtime    Last Run               Last # of DB Queries
--------------------------------  -----  ---------  --------  ----------  --------------  -------------------  ----------------------
/opt/airflow/dags/weather_etl.py                           0           1  2.24s           2026-09-14T14:05:14                       5
================================================================================
[2026-09-14T14:05:54.363+0000] {manager.py:997} INFO - 
================================================================================
DAG File Processing Stats

File Path                         PID    Runtime      # DAGs    # Errors  Last Runtime    Last Run               Last # of DB Queries
--------------------------------  -----  ---------  --------  ----------  --------------  -------------------  ----------------------
/opt/airflow/dags/weather_etl.py                           0           1  1.66s           2026-09-14T14:05:46                       5
================================================================================
[2026-09-14T14:06:24.848+0000] {manager.py:997} INFO - 
================================================================================
DAG File Processing Stats

File Path                         PID    Runtime      # DAGs    # Errors  Last Runtime    Last Run               Last # of DB Queries
--------------------------------  -----  ---------  --------  ----------  --------------  -------------------  ----------------------
/opt/airflow/dags/weather_etl.py                           0           1  2.13s           2026-09-14T14:06:18                       5
================================================================================
[2026-09-14T14:06:55.098+0000] {manager.py:997} INFO - 
================================================================================
DAG File Processing Stats

File Path                         PID    Runtime      # DAGs    # Errors  Last Runtime    Last Run               Last # of DB Queries
--------------------------------  -----  ---------  --------  ----------  --------------  -------------------  ----------------------
/opt/airflow/dags/weather_etl.py                           0           1  1.78s           2026-09-14T14:06:51                       5
================================================================================
[2026-09-14T14:07:25.266+0000] {manager.py:997} INFO - 
================================================================================
DAG File Processing Stats

File Path                         PID    Runtime      # DAGs    # Errors  Last Runtime    Last Run               Last # of DB Queries
--------------------------------  -----  ---------  --------  ----------  --------------  -------------------  ----------------------
/opt/airflow/dags/weather_etl.py                           0           1  1.73s           2026-09-14T14:07:23                       5
================================================================================
[2026-09-14T14:07:55.686+0000] {manager.py:997} INFO - 
================================================================================
DAG File Processing Stats

File Path                         PID    Runtime      # DAGs    # Errors  Last Runtime    Last Run               Last # of DB Queries
--------------------------------  -----  ---------  --------  ----------  --------------  -------------------  ----------------------
/opt/airflow/dags/weather_etl.py                           0           1  1.99s           2026-09-14T14:07:55                       5
================================================================================
[2026-09-14T14:08:26.151+0000] {manager.py:997} INFO - 
================================================================================
DAG File Processing Stats

File Path                           PID  Runtime      # DAGs    # Errors  Last Runtime    Last Run               Last # of DB Queries
--------------------------------  -----  ---------  --------  ----------  --------------  -------------------  ----------------------
/opt/airflow/dags/weather_etl.py    316  0.01s             0           1  1.99s           2026-09-14T14:07:55                       5
================================================================================
[2026-09-14T14:08:56.312+0000] {manager.py:997} INFO - 
================================================================================
DAG File Processing Stats

File Path                         PID    Runtime      # DAGs    # Errors  Last Runtime    Last Run               Last # of DB Queries
--------------------------------  -----  ---------  --------  ----------  --------------  -------------------  ----------------------
/opt/airflow/dags/weather_etl.py                           0           1  1.62s           2026-09-14T14:08:27                       5
================================================================================
[2026-09-14T14:09:26.610+0000] {manager.py:997} INFO - 
================================================================================
DAG File Processing Stats

File Path                         PID    Runtime      # DAGs    # Errors  Last Runtime    Last Run               Last # of DB Queries
--------------------------------  -----  ---------  --------  ----------  --------------  -------------------  ----------------------
/opt/airflow/dags/weather_etl.py                           0           1  2.10s           2026-09-14T14:09:00                       5
================================================================================
[2026-09-14T14:09:43.632+0000] {manager.py:821} INFO - Searching for files in /opt/airflow/dags
[2026-09-14T14:09:43.705+0000] {manager.py:824} INFO - There are 1 files in /opt/airflow/dags
[2026-09-14T14:09:57.008+0000] {manager.py:997} INFO - 
================================================================================
DAG File Processing Stats

File Path                         PID    Runtime      # DAGs    # Errors  Last Runtime    Last Run               Last # of DB Queries
--------------------------------  -----  ---------  --------  ----------  --------------  -------------------  ----------------------
/opt/airflow/dags/weather_etl.py                           0           1  1.78s           2026-09-14T14:09:32                       5
================================================================================
[2026-09-14T14:10:27.662+0000] {manager.py:997} INFO - 
================================================================================
DAG File Processing Stats

File Path                         PID    Runtime      # DAGs    # Errors  Last Runtime    Last Run               Last # of DB Queries
--------------------------------  -----  ---------  --------  ----------  --------------  -------------------  ----------------------
/opt/airflow/dags/weather_etl.py                           1           0  2.53s           2026-09-14T14:10:05                      45
================================================================================
[2026-09-14T14:10:57.775+0000] {manager.py:997} INFO - 
================================================================================
DAG File Processing Stats

File Path                         PID    Runtime      # DAGs    # Errors  Last Runtime    Last Run               Last # of DB Queries
--------------------------------  -----  ---------  --------  ----------  --------------  -------------------  ----------------------
/opt/airflow/dags/weather_etl.py                           1           0  1.67s           2026-09-14T14:10:37                      12
================================================================================
[2026-09-14T14:11:27.840+0000] {manager.py:997} INFO - 
================================================================================
DAG File Processing Stats

File Path                         PID    Runtime      # DAGs    # Errors  Last Runtime    Last Run               Last # of DB Queries
--------------------------------  -----  ---------  --------  ----------  --------------  -------------------  ----------------------
/opt/airflow/dags/weather_etl.py                           1           0  1.95s           2026-09-14T14:11:09                      12
================================================================================
[2026-09-14T14:11:58.166+0000] {manager.py:997} INFO - 
================================================================================
DAG File Processing Stats

File Path                         PID    Runtime      # DAGs    # Errors  Last Runtime    Last Run               Last # of DB Queries
--------------------------------  -----  ---------  --------  ----------  --------------  -------------------  ----------------------
/opt/airflow/dags/weather_etl.py                           1           0  1.87s           2026-09-14T14:11:41                      12
================================================================================
[2026-09-14T14:12:28.513+0000] {manager.py:997} INFO - 
================================================================================
DAG File Processing Stats

File Path                         PID    Runtime      # DAGs    # Errors  Last Runtime    Last Run               Last # of DB Queries
--------------------------------  -----  ---------  --------  ----------  --------------  -------------------  ----------------------
/opt/airflow/dags/weather_etl.py                           1           0  1.92s           2026-09-14T14:12:14                      12
================================================================================
[2026-09-14T14:13:44.947+0000] {manager.py:483} INFO - Processing files using up to 2 processes at a time 
[2026-09-14T14:13:44.950+0000] {manager.py:484} INFO - Process each file at most once every 30 seconds
[2026-09-14T14:13:44.955+0000] {manager.py:485} INFO - Checking for new files in /opt/airflow/dags every 300 seconds
[2026-09-14T14:13:44.957+0000] {manager.py:821} INFO - Searching for files in /opt/airflow/dags
[2026-09-14T14:13:45.025+0000] {manager.py:824} INFO - There are 1 files in /opt/airflow/dags
[2026-09-14T14:13:45.460+0000] {manager.py:997} INFO - 
================================================================================
DAG File Processing Stats

File Path                           PID  Runtime      # DAGs    # Errors  Last Runtime    Last Run      Last # of DB Queries
--------------------------------  -----  ---------  --------  ----------  --------------  ----------  ----------------------
/opt/airflow/dags/weather_etl.py    175  0.11s             0           0                                                   0
================================================================================
[2026-09-14T14:14:15.506+0000] {manager.py:997} INFO - 
================================================================================
DAG File Processing Stats

File Path                         PID    Runtime      # DAGs    # Errors  Last Runtime    Last Run               Last # of DB Queries
--------------------------------  -----  ---------  --------  ----------  --------------  -------------------  ----------------------
/opt/airflow/dags/weather_etl.py                           1           0  2.73s           2026-09-14T14:13:48                      12
================================================================================
[2026-09-14T14:14:45.993+0000] {manager.py:997} INFO - 
================================================================================
DAG File Processing Stats

File Path                         PID    Runtime      # DAGs    # Errors  Last Runtime    Last Run               Last # of DB Queries
--------------------------------  -----  ---------  --------  ----------  --------------  -------------------  ----------------------
/opt/airflow/dags/weather_etl.py                           1           0  2.21s           2026-09-14T14:14:20                      12
================================================================================
[2026-09-14T14:15:16.443+0000] {manager.py:997} INFO - 
================================================================================
DAG File Processing Stats

File Path                         PID    Runtime      # DAGs    # Errors  Last Runtime    Last Run               Last # of DB Queries
--------------------------------  -----  ---------  --------  ----------  --------------  -------------------  ----------------------
/opt/airflow/dags/weather_etl.py                           1           0  1.99s           2026-09-14T14:14:53                      12
================================================================================
[2026-09-14T14:15:46.735+0000] {manager.py:997} INFO - 
================================================================================
DAG File Processing Stats

File Path                         PID    Runtime      # DAGs    # Errors  Last Runtime    Last Run               Last # of DB Queries
--------------------------------  -----  ---------  --------  ----------  --------------  -------------------  ----------------------
/opt/airflow/dags/weather_etl.py                           1           0  1.84s           2026-09-14T14:15:25                      12
================================================================================
[2026-09-14T14:16:17.070+0000] {manager.py:997} INFO - 
================================================================================
DAG File Processing Stats

File Path                         PID    Runtime      # DAGs    # Errors  Last Runtime    Last Run               Last # of DB Queries
--------------------------------  -----  ---------  --------  ----------  --------------  -------------------  ----------------------
/opt/airflow/dags/weather_etl.py                           1           0  1.86s           2026-09-14T14:15:57                      12
================================================================================
[2026-09-14T14:16:47.431+0000] {manager.py:997} INFO - 
================================================================================
DAG File Processing Stats

File Path                         PID    Runtime      # DAGs    # Errors  Last Runtime    Last Run               Last # of DB Queries
--------------------------------  -----  ---------  --------  ----------  --------------  -------------------  ----------------------
/opt/airflow/dags/weather_etl.py                           1           0  1.91s           2026-09-14T14:16:30                      12
================================================================================
[2026-09-14T14:17:17.462+0000] {manager.py:997} INFO - 
================================================================================
DAG File Processing Stats

File Path                         PID    Runtime      # DAGs    # Errors  Last Runtime    Last Run               Last # of DB Queries
--------------------------------  -----  ---------  --------  ----------  --------------  -------------------  ----------------------
/opt/airflow/dags/weather_etl.py                           1           0  2.35s           2026-09-14T14:17:02                      12
================================================================================
[2026-09-14T14:17:47.759+0000] {manager.py:997} INFO - 
================================================================================
DAG File Processing Stats

File Path                         PID    Runtime      # DAGs    # Errors  Last Runtime    Last Run               Last # of DB Queries
--------------------------------  -----  ---------  --------  ----------  --------------  -------------------  ----------------------
/opt/airflow/dags/weather_etl.py                           1           0  1.84s           2026-09-14T14:17:34                      12
================================================================================
[2026-09-14T14:18:18.247+0000] {manager.py:997} INFO - 
================================================================================
DAG File Processing Stats

File Path                         PID    Runtime      # DAGs    # Errors  Last Runtime    Last Run               Last # of DB Queries
--------------------------------  -----  ---------  --------  ----------  --------------  -------------------  ----------------------
/opt/airflow/dags/weather_etl.py                           1           0  2.36s           2026-09-14T14:18:07                      12
================================================================================
[2026-09-14T14:18:45.666+0000] {manager.py:821} INFO - Searching for files in /opt/airflow/dags
[2026-09-14T14:18:45.730+0000] {manager.py:824} INFO - There are 1 files in /opt/airflow/dags
[2026-09-14T14:18:48.823+0000] {manager.py:997} INFO - 
================================================================================
DAG File Processing Stats

File Path                         PID    Runtime      # DAGs    # Errors  Last Runtime    Last Run               Last # of DB Queries
--------------------------------  -----  ---------  --------  ----------  --------------  -------------------  ----------------------
/opt/airflow/dags/weather_etl.py                           1           0  2.08s           2026-09-14T14:18:39                      12
================================================================================
[2026-09-14T14:19:19.399+0000] {manager.py:997} INFO - 
================================================================================
DAG File Processing Stats

File Path                         PID    Runtime      # DAGs    # Errors  Last Runtime    Last Run               Last # of DB Queries
--------------------------------  -----  ---------  --------  ----------  --------------  -------------------  ----------------------
/opt/airflow/dags/weather_etl.py                           1           0  2.31s           2026-09-14T14:19:12                      12
================================================================================
[2026-09-14T14:19:49.765+0000] {manager.py:997} INFO - 
================================================================================
DAG File Processing Stats

File Path                         PID    Runtime      # DAGs    # Errors  Last Runtime    Last Run               Last # of DB Queries
--------------------------------  -----  ---------  --------  ----------  --------------  -------------------  ----------------------
/opt/airflow/dags/weather_etl.py                           1           0  1.92s           2026-09-14T14:19:44                      12
================================================================================
[2026-09-14T14:20:19.947+0000] {manager.py:997} INFO - 
================================================================================
DAG File Processing Stats

File Path                         PID    Runtime      # DAGs    # Errors  Last Runtime    Last Run               Last # of DB Queries
--------------------------------  -----  ---------  --------  ----------  --------------  -------------------  ----------------------
/opt/airflow/dags/weather_etl.py                           1           0  1.74s           2026-09-14T14:20:16                      12
================================================================================
[2026-09-14T14:20:50.417+0000] {manager.py:997} INFO - 
================================================================================
DAG File Processing Stats

File Path                         PID    Runtime      # DAGs    # Errors  Last Runtime    Last Run               Last # of DB Queries
--------------------------------  -----  ---------  --------  ----------  --------------  -------------------  ----------------------
/opt/airflow/dags/weather_etl.py                           1           0  2.30s           2026-09-14T14:20:49                      12
================================================================================
[2026-09-14T14:21:20.901+0000] {manager.py:997} INFO - 
================================================================================
DAG File Processing Stats

File Path                           PID  Runtime      # DAGs    # Errors  Last Runtime    Last Run               Last # of DB Queries
--------------------------------  -----  ---------  --------  ----------  --------------  -------------------  ----------------------
/opt/airflow/dags/weather_etl.py    313  1.03s             1           0  2.30s           2026-09-14T14:20:49                      12
================================================================================
[2026-09-14T14:21:51.123+0000] {manager.py:997} INFO - 
================================================================================
DAG File Processing Stats

File Path                         PID    Runtime      # DAGs    # Errors  Last Runtime    Last Run               Last # of DB Queries
--------------------------------  -----  ---------  --------  ----------  --------------  -------------------  ----------------------
/opt/airflow/dags/weather_etl.py                           1           0  1.83s           2026-09-14T14:21:21                      12
================================================================================
[2026-09-14T14:22:21.261+0000] {manager.py:997} INFO - 
================================================================================
DAG File Processing Stats

File Path                         PID    Runtime      # DAGs    # Errors  Last Runtime    Last Run               Last # of DB Queries
--------------------------------  -----  ---------  --------  ----------  --------------  -------------------  ----------------------
/opt/airflow/dags/weather_etl.py                           1           0  1.70s           2026-09-14T14:21:53                      12
================================================================================
[2026-09-14T14:22:51.396+0000] {manager.py:997} INFO - 
================================================================================
DAG File Processing Stats

File Path                         PID    Runtime      # DAGs    # Errors  Last Runtime    Last Run               Last # of DB Queries
--------------------------------  -----  ---------  --------  ----------  --------------  -------------------  ----------------------
/opt/airflow/dags/weather_etl.py                           1           0  1.98s           2026-09-14T14:22:26                      12
================================================================================
[2026-09-14T14:23:21.827+0000] {manager.py:997} INFO - 
================================================================================
DAG File Processing Stats

File Path                         PID    Runtime      # DAGs    # Errors  Last Runtime    Last Run               Last # of DB Queries
--------------------------------  -----  ---------  --------  ----------  --------------  -------------------  ----------------------
/opt/airflow/dags/weather_etl.py                           1           0  1.98s           2026-09-14T14:22:58                      12
================================================================================
[2026-09-14T14:23:46.004+0000] {manager.py:821} INFO - Searching for files in /opt/airflow/dags
[2026-09-14T14:23:46.059+0000] {manager.py:824} INFO - There are 1 files in /opt/airflow/dags
[2026-09-14T14:23:52.188+0000] {manager.py:997} INFO - 
================================================================================
DAG File Processing Stats

File Path                         PID    Runtime      # DAGs    # Errors  Last Runtime    Last Run               Last # of DB Queries
--------------------------------  -----  ---------  --------  ----------  --------------  -------------------  ----------------------
/opt/airflow/dags/weather_etl.py                           1           0  1.82s           2026-09-14T14:23:30                      12
================================================================================
[2026-09-14T14:24:22.482+0000] {manager.py:997} INFO - 
================================================================================
DAG File Processing Stats

File Path                         PID    Runtime      # DAGs    # Errors  Last Runtime    Last Run               Last # of DB Queries
--------------------------------  -----  ---------  --------  ----------  --------------  -------------------  ----------------------
/opt/airflow/dags/weather_etl.py                           1           0  1.85s           2026-09-14T14:24:03                      12
================================================================================
[2026-09-14T14:24:52.786+0000] {manager.py:997} INFO - 
================================================================================
DAG File Processing Stats

File Path                         PID    Runtime      # DAGs    # Errors  Last Runtime    Last Run               Last # of DB Queries
--------------------------------  -----  ---------  --------  ----------  --------------  -------------------  ----------------------
/opt/airflow/dags/weather_etl.py                           1           0  1.86s           2026-09-14T14:24:35                      12
================================================================================
[2026-09-14T14:25:23.206+0000] {manager.py:997} INFO - 
================================================================================
DAG File Processing Stats

File Path                         PID    Runtime      # DAGs    # Errors  Last Runtime    Last Run               Last # of DB Queries
--------------------------------  -----  ---------  --------  ----------  --------------  -------------------  ----------------------
/opt/airflow/dags/weather_etl.py                           1           0  1.89s           2026-09-14T14:25:07                      12
================================================================================
[2026-09-14T14:25:53.651+0000] {manager.py:997} INFO - 
================================================================================
DAG File Processing Stats

File Path                         PID    Runtime      # DAGs    # Errors  Last Runtime    Last Run               Last # of DB Queries
--------------------------------  -----  ---------  --------  ----------  --------------  -------------------  ----------------------
/opt/airflow/dags/weather_etl.py                           1           0  2.02s           2026-09-14T14:25:40                      12
================================================================================
[2026-09-14T14:26:23.674+0000] {manager.py:997} INFO - 
================================================================================
DAG File Processing Stats

File Path                         PID    Runtime      # DAGs    # Errors  Last Runtime    Last Run               Last # of DB Queries
--------------------------------  -----  ---------  --------  ----------  --------------  -------------------  ----------------------
/opt/airflow/dags/weather_etl.py                           1           0  2.43s           2026-09-14T14:26:12                      12
================================================================================
[2026-09-14T14:26:53.735+0000] {manager.py:997} INFO - 
================================================================================
DAG File Processing Stats

File Path                         PID    Runtime      # DAGs    # Errors  Last Runtime    Last Run               Last # of DB Queries
--------------------------------  -----  ---------  --------  ----------  --------------  -------------------  ----------------------
/opt/airflow/dags/weather_etl.py                           1           0  2.60s           2026-09-14T14:26:36                      34
================================================================================
[2026-09-14T14:27:24.172+0000] {manager.py:997} INFO - 
================================================================================
DAG File Processing Stats

File Path                         PID    Runtime      # DAGs    # Errors  Last Runtime    Last Run               Last # of DB Queries
--------------------------------  -----  ---------  --------  ----------  --------------  -------------------  ----------------------
/opt/airflow/dags/weather_etl.py                           1           0  1.91s           2026-09-14T14:27:08                      12
================================================================================
[2026-09-14T14:27:54.208+0000] {manager.py:997} INFO - 
================================================================================
DAG File Processing Stats

File Path                         PID    Runtime      # DAGs    # Errors  Last Runtime    Last Run               Last # of DB Queries
--------------------------------  -----  ---------  --------  ----------  --------------  -------------------  ----------------------
/opt/airflow/dags/weather_etl.py                           1           0  1.62s           2026-09-14T14:27:41                      12
================================================================================
[2026-09-14T14:28:24.617+0000] {manager.py:997} INFO - 
================================================================================
DAG File Processing Stats

File Path                         PID    Runtime      # DAGs    # Errors  Last Runtime    Last Run               Last # of DB Queries
--------------------------------  -----  ---------  --------  ----------  --------------  -------------------  ----------------------
/opt/airflow/dags/weather_etl.py                           1           0  1.81s           2026-09-14T14:28:12                      12
================================================================================
[2026-09-14T14:28:46.112+0000] {manager.py:821} INFO - Searching for files in /opt/airflow/dags
[2026-09-14T14:28:46.168+0000] {manager.py:824} INFO - There are 1 files in /opt/airflow/dags
[2026-09-14T14:28:55.052+0000] {manager.py:997} INFO - 
================================================================================
DAG File Processing Stats

File Path                         PID    Runtime      # DAGs    # Errors  Last Runtime    Last Run               Last # of DB Queries
--------------------------------  -----  ---------  --------  ----------  --------------  -------------------  ----------------------
/opt/airflow/dags/weather_etl.py                           1           0  1.70s           2026-09-14T14:28:45                      12
================================================================================
[2026-09-14T14:29:25.505+0000] {manager.py:997} INFO - 
================================================================================
DAG File Processing Stats

File Path                         PID    Runtime      # DAGs    # Errors  Last Runtime    Last Run               Last # of DB Queries
--------------------------------  -----  ---------  --------  ----------  --------------  -------------------  ----------------------
/opt/airflow/dags/weather_etl.py                           1           0  2.26s           2026-09-14T14:29:03                      34
================================================================================
[2026-09-14T14:29:55.682+0000] {manager.py:997} INFO - 
================================================================================
DAG File Processing Stats

File Path                         PID    Runtime      # DAGs    # Errors  Last Runtime    Last Run               Last # of DB Queries
--------------------------------  -----  ---------  --------  ----------  --------------  -------------------  ----------------------
/opt/airflow/dags/weather_etl.py                           1           0  1.74s           2026-09-14T14:29:35                      12
================================================================================
[2026-09-14T14:30:25.767+0000] {manager.py:997} INFO - 
================================================================================
DAG File Processing Stats

File Path                         PID    Runtime      # DAGs    # Errors  Last Runtime    Last Run               Last # of DB Queries
--------------------------------  -----  ---------  --------  ----------  --------------  -------------------  ----------------------
/opt/airflow/dags/weather_etl.py                           1           0  1.68s           2026-09-14T14:30:07                      12
================================================================================
[2026-09-14T14:30:56.204+0000] {manager.py:997} INFO - 
================================================================================
DAG File Processing Stats

File Path                         PID    Runtime      # DAGs    # Errors  Last Runtime    Last Run               Last # of DB Queries
--------------------------------  -----  ---------  --------  ----------  --------------  -------------------  ----------------------
/opt/airflow/dags/weather_etl.py                           1           0  1.73s           2026-09-14T14:30:39                      12
================================================================================
[2026-09-14T14:31:26.636+0000] {manager.py:997} INFO - 
================================================================================
DAG File Processing Stats

File Path                         PID    Runtime      # DAGs    # Errors  Last Runtime    Last Run               Last # of DB Queries
--------------------------------  -----  ---------  --------  ----------  --------------  -------------------  ----------------------
/opt/airflow/dags/weather_etl.py                           1           0  1.80s           2026-09-14T14:31:11                      12
================================================================================
[2026-09-14T14:31:56.665+0000] {manager.py:997} INFO - 
================================================================================
DAG File Processing Stats

File Path                         PID    Runtime      # DAGs    # Errors  Last Runtime    Last Run               Last # of DB Queries
--------------------------------  -----  ---------  --------  ----------  --------------  -------------------  ----------------------
/opt/airflow/dags/weather_etl.py                           1           0  1.61s           2026-09-14T14:31:43                      12
================================================================================
[2026-09-14T14:32:27.089+0000] {manager.py:997} INFO - 
================================================================================
DAG File Processing Stats

File Path                         PID    Runtime      # DAGs    # Errors  Last Runtime    Last Run               Last # of DB Queries
--------------------------------  -----  ---------  --------  ----------  --------------  -------------------  ----------------------
/opt/airflow/dags/weather_etl.py                           1           0  1.70s           2026-09-14T14:32:15                      12
================================================================================
[2026-09-14T14:32:57.183+0000] {manager.py:997} INFO - 
================================================================================
DAG File Processing Stats

File Path                         PID    Runtime      # DAGs    # Errors  Last Runtime    Last Run               Last # of DB Queries
--------------------------------  -----  ---------  --------  ----------  --------------  -------------------  ----------------------
/opt/airflow/dags/weather_etl.py                           1           0  1.67s           2026-09-14T14:32:47                      12
================================================================================
[2026-09-14T14:33:27.598+0000] {manager.py:997} INFO - 
================================================================================
DAG File Processing Stats

File Path                         PID    Runtime      # DAGs    # Errors  Last Runtime    Last Run               Last # of DB Queries
--------------------------------  -----  ---------  --------  ----------  --------------  -------------------  ----------------------
/opt/airflow/dags/weather_etl.py                           1           0  1.70s           2026-09-14T14:33:18                      12
================================================================================
[2026-09-14T14:33:46.325+0000] {manager.py:821} INFO - Searching for files in /opt/airflow/dags
[2026-09-14T14:33:46.405+0000] {manager.py:824} INFO - There are 1 files in /opt/airflow/dags
[2026-09-14T14:33:58.030+0000] {manager.py:997} INFO - 
================================================================================
DAG File Processing Stats

File Path                         PID    Runtime      # DAGs    # Errors  Last Runtime    Last Run               Last # of DB Queries
--------------------------------  -----  ---------  --------  ----------  --------------  -------------------  ----------------------
/opt/airflow/dags/weather_etl.py                           1           0  1.76s           2026-09-14T14:33:51                      12
================================================================================
[2026-09-14T14:34:28.208+0000] {manager.py:997} INFO - 
================================================================================
DAG File Processing Stats

File Path                         PID    Runtime      # DAGs    # Errors  Last Runtime    Last Run               Last # of DB Queries
--------------------------------  -----  ---------  --------  ----------  --------------  -------------------  ----------------------
/opt/airflow/dags/weather_etl.py                           1           0  1.75s           2026-09-14T14:34:23                      12
================================================================================
[2026-09-14T14:34:58.254+0000] {manager.py:997} INFO - 
================================================================================
DAG File Processing Stats

File Path                         PID    Runtime      # DAGs    # Errors  Last Runtime    Last Run               Last # of DB Queries
--------------------------------  -----  ---------  --------  ----------  --------------  -------------------  ----------------------
/opt/airflow/dags/weather_etl.py                           1           0  2.24s           2026-09-14T14:34:55                      12
================================================================================
[2026-09-14T14:35:28.412+0000] {manager.py:997} INFO - 
================================================================================
DAG File Processing Stats

File Path                         PID    Runtime      # DAGs    # Errors  Last Runtime    Last Run               Last # of DB Queries
--------------------------------  -----  ---------  --------  ----------  --------------  -------------------  ----------------------
/opt/airflow/dags/weather_etl.py                           1           0  1.71s           2026-09-14T14:35:27                      12
================================================================================
[2026-09-14T14:35:58.885+0000] {manager.py:997} INFO - 
================================================================================
DAG File Processing Stats

File Path                           PID  Runtime      # DAGs    # Errors  Last Runtime    Last Run               Last # of DB Queries
--------------------------------  -----  ---------  --------  ----------  --------------  -------------------  ----------------------
/opt/airflow/dags/weather_etl.py    481  1.02s             1           0  1.71s           2026-09-14T14:35:27                      12
================================================================================
[2026-09-14T14:36:29.889+0000] {manager.py:997} INFO - 
================================================================================
DAG File Processing Stats

File Path                         PID    Runtime      # DAGs    # Errors  Last Runtime    Last Run               Last # of DB Queries
--------------------------------  -----  ---------  --------  ----------  --------------  -------------------  ----------------------
/opt/airflow/dags/weather_etl.py                           1           0  2.58s           2026-09-14T14:36:00                      12
================================================================================
[2026-09-14T14:37:00.379+0000] {manager.py:997} INFO - 
================================================================================
DAG File Processing Stats

File Path                         PID    Runtime      # DAGs    # Errors  Last Runtime    Last Run               Last # of DB Queries
--------------------------------  -----  ---------  --------  ----------  --------------  -------------------  ----------------------
/opt/airflow/dags/weather_etl.py                           1           0  2.02s           2026-09-14T14:36:32                      12
================================================================================
[2026-09-14T14:37:30.893+0000] {manager.py:997} INFO - 
================================================================================
DAG File Processing Stats

File Path                         PID    Runtime      # DAGs    # Errors  Last Runtime    Last Run               Last # of DB Queries
--------------------------------  -----  ---------  --------  ----------  --------------  -------------------  ----------------------
/opt/airflow/dags/weather_etl.py                           1           0  2.05s           2026-09-14T14:37:05                      12
================================================================================
[2026-09-14T14:38:01.458+0000] {manager.py:997} INFO - 
================================================================================
DAG File Processing Stats

File Path                         PID    Runtime      # DAGs    # Errors  Last Runtime    Last Run               Last # of DB Queries
--------------------------------  -----  ---------  --------  ----------  --------------  -------------------  ----------------------
/opt/airflow/dags/weather_etl.py                           1           0  2.07s           2026-09-14T14:37:38                      12
================================================================================
[2026-09-14T14:38:31.712+0000] {manager.py:997} INFO - 
================================================================================
DAG File Processing Stats

File Path                         PID    Runtime      # DAGs    # Errors  Last Runtime    Last Run               Last # of DB Queries
--------------------------------  -----  ---------  --------  ----------  --------------  -------------------  ----------------------
/opt/airflow/dags/weather_etl.py                           1           0  1.82s           2026-09-14T14:38:10                      12
================================================================================
[2026-09-14T14:38:46.695+0000] {manager.py:821} INFO - Searching for files in /opt/airflow/dags
[2026-09-14T14:38:46.757+0000] {manager.py:824} INFO - There are 1 files in /opt/airflow/dags
[2026-09-14T14:39:02.016+0000] {manager.py:997} INFO - 
================================================================================
DAG File Processing Stats

File Path                         PID    Runtime      # DAGs    # Errors  Last Runtime    Last Run               Last # of DB Queries
--------------------------------  -----  ---------  --------  ----------  --------------  -------------------  ----------------------
/opt/airflow/dags/weather_etl.py                           1           0  1.77s           2026-09-14T14:38:42                      12
================================================================================
[2026-09-14T14:39:32.143+0000] {manager.py:997} INFO - 
================================================================================
DAG File Processing Stats

File Path                         PID    Runtime      # DAGs    # Errors  Last Runtime    Last Run               Last # of DB Queries
--------------------------------  -----  ---------  --------  ----------  --------------  -------------------  ----------------------
/opt/airflow/dags/weather_etl.py                           1           0  1.70s           2026-09-14T14:39:14                      12
================================================================================
[2026-09-14T14:40:02.586+0000] {manager.py:997} INFO - 
================================================================================
DAG File Processing Stats

File Path                         PID    Runtime      # DAGs    # Errors  Last Runtime    Last Run               Last # of DB Queries
--------------------------------  -----  ---------  --------  ----------  --------------  -------------------  ----------------------
/opt/airflow/dags/weather_etl.py                           1           0  1.74s           2026-09-14T14:39:46                      12
================================================================================
[2026-09-14T14:40:32.711+0000] {manager.py:997} INFO - 
================================================================================
DAG File Processing Stats

File Path                         PID    Runtime      # DAGs    # Errors  Last Runtime    Last Run               Last # of DB Queries
--------------------------------  -----  ---------  --------  ----------  --------------  -------------------  ----------------------
/opt/airflow/dags/weather_etl.py                           1           0  1.70s           2026-09-14T14:40:18                      12
================================================================================
[2026-09-14T14:41:03.152+0000] {manager.py:997} INFO - 
================================================================================
DAG File Processing Stats

File Path                         PID    Runtime      # DAGs    # Errors  Last Runtime    Last Run               Last # of DB Queries
--------------------------------  -----  ---------  --------  ----------  --------------  -------------------  ----------------------
/opt/airflow/dags/weather_etl.py                           1           0  1.79s           2026-09-14T14:40:50                      12
================================================================================
[2026-09-14T14:41:33.401+0000] {manager.py:997} INFO - 
================================================================================
DAG File Processing Stats

File Path                         PID    Runtime      # DAGs    # Errors  Last Runtime    Last Run               Last # of DB Queries
--------------------------------  -----  ---------  --------  ----------  --------------  -------------------  ----------------------
/opt/airflow/dags/weather_etl.py                           1           0  1.83s           2026-09-14T14:41:22                      12
================================================================================
[2026-09-14T14:42:03.824+0000] {manager.py:997} INFO - 
================================================================================
DAG File Processing Stats

File Path                         PID    Runtime      # DAGs    # Errors  Last Runtime    Last Run               Last # of DB Queries
--------------------------------  -----  ---------  --------  ----------  --------------  -------------------  ----------------------
/opt/airflow/dags/weather_etl.py                           1           0  1.99s           2026-09-14T14:41:54                      12
================================================================================
[2026-09-14T14:42:34.245+0000] {manager.py:997} INFO - 
================================================================================
DAG File Processing Stats

File Path                         PID    Runtime      # DAGs    # Errors  Last Runtime    Last Run               Last # of DB Queries
--------------------------------  -----  ---------  --------  ----------  --------------  -------------------  ----------------------
/opt/airflow/dags/weather_etl.py                           1           0  1.63s           2026-09-14T14:42:26                      12
================================================================================
[2026-09-14T14:43:04.380+0000] {manager.py:997} INFO - 
================================================================================
DAG File Processing Stats

File Path                         PID    Runtime      # DAGs    # Errors  Last Runtime    Last Run               Last # of DB Queries
--------------------------------  -----  ---------  --------  ----------  --------------  -------------------  ----------------------
/opt/airflow/dags/weather_etl.py                           1           0  1.73s           2026-09-14T14:42:58                      12
================================================================================
[2026-09-14T14:43:34.476+0000] {manager.py:997} INFO - 
================================================================================
DAG File Processing Stats

File Path                         PID    Runtime      # DAGs    # Errors  Last Runtime    Last Run               Last # of DB Queries
--------------------------------  -----  ---------  --------  ----------  --------------  -------------------  ----------------------
/opt/airflow/dags/weather_etl.py                           1           0  1.68s           2026-09-14T14:43:30                      12
================================================================================
[2026-09-14T14:43:47.503+0000] {manager.py:821} INFO - Searching for files in /opt/airflow/dags
[2026-09-14T14:43:47.564+0000] {manager.py:824} INFO - There are 1 files in /opt/airflow/dags
[2026-09-14T14:58:15.550+0000] {manager.py:821} INFO - Searching for files in /opt/airflow/dags
[2026-09-14T14:58:15.615+0000] {manager.py:824} INFO - There are 1 files in /opt/airflow/dags
[2026-09-14T14:58:23.926+0000] {manager.py:997} INFO - 
================================================================================
DAG File Processing Stats

File Path                         PID    Runtime      # DAGs    # Errors  Last Runtime    Last Run               Last # of DB Queries
--------------------------------  -----  ---------  --------  ----------  --------------  -------------------  ----------------------
/opt/airflow/dags/weather_etl.py                           1           0  2.40s           2026-09-14T14:58:18                      12
================================================================================
[2026-09-14T14:58:54.126+0000] {manager.py:997} INFO - 
================================================================================
DAG File Processing Stats

File Path                         PID    Runtime      # DAGs    # Errors  Last Runtime    Last Run               Last # of DB Queries
--------------------------------  -----  ---------  --------  ----------  --------------  -------------------  ----------------------
/opt/airflow/dags/weather_etl.py                           1           0  1.79s           2026-09-14T14:58:50                      12
================================================================================
[2026-09-14T14:59:24.278+0000] {manager.py:997} INFO - 
================================================================================
DAG File Processing Stats

File Path                         PID    Runtime      # DAGs    # Errors  Last Runtime    Last Run               Last # of DB Queries
--------------------------------  -----  ---------  --------  ----------  --------------  -------------------  ----------------------
/opt/airflow/dags/weather_etl.py                           1           0  1.74s           2026-09-14T14:59:22                      12
================================================================================
[2026-09-14T14:59:54.392+0000] {manager.py:997} INFO - 
================================================================================
DAG File Processing Stats

File Path                         PID    Runtime      # DAGs    # Errors  Last Runtime    Last Run               Last # of DB Queries
--------------------------------  -----  ---------  --------  ----------  --------------  -------------------  ----------------------
/opt/airflow/dags/weather_etl.py                           1           0  1.92s           2026-09-14T14:59:54                      12
================================================================================
[2026-09-14T15:00:24.873+0000] {manager.py:997} INFO - 
================================================================================
DAG File Processing Stats

File Path                           PID  Runtime      # DAGs    # Errors  Last Runtime    Last Run               Last # of DB Queries
--------------------------------  -----  ---------  --------  ----------  --------------  -------------------  ----------------------
/opt/airflow/dags/weather_etl.py    612  0.01s             1           0  1.92s           2026-09-14T14:59:54                      12
================================================================================
[2026-09-14T15:00:55.315+0000] {manager.py:997} INFO - 
================================================================================
DAG File Processing Stats

File Path                         PID    Runtime      # DAGs    # Errors  Last Runtime    Last Run               Last # of DB Queries
--------------------------------  -----  ---------  --------  ----------  --------------  -------------------  ----------------------
/opt/airflow/dags/weather_etl.py                           1           0  2.28s           2026-09-14T15:00:27                      12
================================================================================
[2026-09-14T15:01:25.700+0000] {manager.py:997} INFO - 
================================================================================
DAG File Processing Stats

File Path                         PID    Runtime      # DAGs    # Errors  Last Runtime    Last Run               Last # of DB Queries
--------------------------------  -----  ---------  --------  ----------  --------------  -------------------  ----------------------
/opt/airflow/dags/weather_etl.py                           1           0  1.94s           2026-09-14T15:00:59                      12
================================================================================
[2026-09-14T15:01:55.860+0000] {manager.py:997} INFO - 
================================================================================
DAG File Processing Stats

File Path                         PID    Runtime      # DAGs    # Errors  Last Runtime    Last Run               Last # of DB Queries
--------------------------------  -----  ---------  --------  ----------  --------------  -------------------  ----------------------
/opt/airflow/dags/weather_etl.py                           1           0  1.72s           2026-09-14T15:01:31                      12
================================================================================
[2026-09-14T15:02:25.865+0000] {manager.py:997} INFO - 
================================================================================
DAG File Processing Stats

File Path                         PID    Runtime      # DAGs    # Errors  Last Runtime    Last Run               Last # of DB Queries
--------------------------------  -----  ---------  --------  ----------  --------------  -------------------  ----------------------
/opt/airflow/dags/weather_etl.py                           1           0  1.96s           2026-09-14T15:02:03                      12
================================================================================
[2026-09-14T15:02:56.050+0000] {manager.py:997} INFO - 
================================================================================
DAG File Processing Stats

File Path                         PID    Runtime      # DAGs    # Errors  Last Runtime    Last Run               Last # of DB Queries
--------------------------------  -----  ---------  --------  ----------  --------------  -------------------  ----------------------
/opt/airflow/dags/weather_etl.py                           1           0  1.75s           2026-09-14T15:02:35                      12
================================================================================
[2026-09-14T15:03:15.792+0000] {manager.py:821} INFO - Searching for files in /opt/airflow/dags
[2026-09-14T15:03:15.856+0000] {manager.py:824} INFO - There are 1 files in /opt/airflow/dags
[2026-09-14T15:03:26.615+0000] {manager.py:997} INFO - 
================================================================================
DAG File Processing Stats

File Path                         PID    Runtime      # DAGs    # Errors  Last Runtime    Last Run               Last # of DB Queries
--------------------------------  -----  ---------  --------  ----------  --------------  -------------------  ----------------------
/opt/airflow/dags/weather_etl.py                           1           0  3.65s           2026-09-14T15:03:09                      12
================================================================================
[2026-09-14T15:03:57.012+0000] {manager.py:997} INFO - 
================================================================================
DAG File Processing Stats

File Path                         PID    Runtime      # DAGs    # Errors  Last Runtime    Last Run               Last # of DB Queries
--------------------------------  -----  ---------  --------  ----------  --------------  -------------------  ----------------------
/opt/airflow/dags/weather_etl.py                           1           0  1.96s           2026-09-14T15:03:41                      12
================================================================================
[2026-09-14T15:04:27.044+0000] {manager.py:997} INFO - 
================================================================================
DAG File Processing Stats

File Path                         PID    Runtime      # DAGs    # Errors  Last Runtime    Last Run               Last # of DB Queries
--------------------------------  -----  ---------  --------  ----------  --------------  -------------------  ----------------------
/opt/airflow/dags/weather_etl.py                           1           0  1.61s           2026-09-14T15:04:13                      12
================================================================================
[2026-09-14T15:04:57.418+0000] {manager.py:997} INFO - 
================================================================================
DAG File Processing Stats

File Path                         PID    Runtime      # DAGs    # Errors  Last Runtime    Last Run               Last # of DB Queries
--------------------------------  -----  ---------  --------  ----------  --------------  -------------------  ----------------------
/opt/airflow/dags/weather_etl.py                           1           0  2.05s           2026-09-14T15:04:46                      12
================================================================================
[2026-09-14T15:05:27.690+0000] {manager.py:997} INFO - 
================================================================================
DAG File Processing Stats

File Path                         PID    Runtime      # DAGs    # Errors  Last Runtime    Last Run               Last # of DB Queries
--------------------------------  -----  ---------  --------  ----------  --------------  -------------------  ----------------------
/opt/airflow/dags/weather_etl.py                           1           0  1.82s           2026-09-14T15:05:18                      12
================================================================================
[2026-09-14T15:05:57.750+0000] {manager.py:997} INFO - 
================================================================================
DAG File Processing Stats

File Path                         PID    Runtime      # DAGs    # Errors  Last Runtime    Last Run               Last # of DB Queries
--------------------------------  -----  ---------  --------  ----------  --------------  -------------------  ----------------------
/opt/airflow/dags/weather_etl.py                           1           0  1.63s           2026-09-14T15:05:50                      12
================================================================================
[2026-09-14T15:06:28.200+0000] {manager.py:997} INFO - 
================================================================================
DAG File Processing Stats

File Path                         PID    Runtime      # DAGs    # Errors  Last Runtime    Last Run               Last # of DB Queries
--------------------------------  -----  ---------  --------  ----------  --------------  -------------------  ----------------------
/opt/airflow/dags/weather_etl.py                           1           0  1.96s           2026-09-14T15:06:22                      12
================================================================================
[2026-09-14T15:06:58.265+0000] {manager.py:997} INFO - 
================================================================================
DAG File Processing Stats

File Path                         PID    Runtime      # DAGs    # Errors  Last Runtime    Last Run               Last # of DB Queries
--------------------------------  -----  ---------  --------  ----------  --------------  -------------------  ----------------------
/opt/airflow/dags/weather_etl.py                           1           0  2.10s           2026-09-14T15:06:55                      12
================================================================================
[2026-09-14T15:07:28.726+0000] {manager.py:997} INFO - 
================================================================================
DAG File Processing Stats

File Path                         PID    Runtime      # DAGs    # Errors  Last Runtime    Last Run               Last # of DB Queries
--------------------------------  -----  ---------  --------  ----------  --------------  -------------------  ----------------------
/opt/airflow/dags/weather_etl.py                           1           0  2.33s           2026-09-14T15:07:27                      12
================================================================================
[2026-09-14T15:07:59.208+0000] {manager.py:997} INFO - 
================================================================================
DAG File Processing Stats

File Path                           PID  Runtime      # DAGs    # Errors  Last Runtime    Last Run               Last # of DB Queries
--------------------------------  -----  ---------  --------  ----------  --------------  -------------------  ----------------------
/opt/airflow/dags/weather_etl.py    703  1.03s             1           0  2.33s           2026-09-14T15:07:27                      12
================================================================================
[2026-09-14T15:08:16.138+0000] {manager.py:821} INFO - Searching for files in /opt/airflow/dags
[2026-09-14T15:08:16.203+0000] {manager.py:824} INFO - There are 1 files in /opt/airflow/dags
[2026-09-14T15:08:29.435+0000] {manager.py:997} INFO - 
================================================================================
DAG File Processing Stats

File Path                         PID    Runtime      # DAGs    # Errors  Last Runtime    Last Run               Last # of DB Queries
--------------------------------  -----  ---------  --------  ----------  --------------  -------------------  ----------------------
/opt/airflow/dags/weather_etl.py                           1           0  1.73s           2026-09-14T15:07:59                      12
================================================================================
[2026-09-14T15:08:59.592+0000] {manager.py:997} INFO - 
================================================================================
DAG File Processing Stats

File Path                         PID    Runtime      # DAGs    # Errors  Last Runtime    Last Run               Last # of DB Queries
--------------------------------  -----  ---------  --------  ----------  --------------  -------------------  ----------------------
/opt/airflow/dags/weather_etl.py                           1           0  1.71s           2026-09-14T15:08:32                      12
================================================================================
[2026-09-14T15:09:30.043+0000] {manager.py:997} INFO - 
================================================================================
DAG File Processing Stats

File Path                         PID    Runtime      # DAGs    # Errors  Last Runtime    Last Run               Last # of DB Queries
--------------------------------  -----  ---------  --------  ----------  --------------  -------------------  ----------------------
/opt/airflow/dags/weather_etl.py                           1           0  1.74s           2026-09-14T15:09:04                      12
================================================================================
[2026-09-14T15:10:00.493+0000] {manager.py:997} INFO - 
================================================================================
DAG File Processing Stats

File Path                         PID    Runtime      # DAGs    # Errors  Last Runtime    Last Run               Last # of DB Queries
--------------------------------  -----  ---------  --------  ----------  --------------  -------------------  ----------------------
/opt/airflow/dags/weather_etl.py                           1           0  1.91s           2026-09-14T15:09:36                      12
================================================================================
[2026-09-14T15:10:30.874+0000] {manager.py:997} INFO - 
================================================================================
DAG File Processing Stats

File Path                         PID    Runtime      # DAGs    # Errors  Last Runtime    Last Run               Last # of DB Queries
--------------------------------  -----  ---------  --------  ----------  --------------  -------------------  ----------------------
/opt/airflow/dags/weather_etl.py                           1           0  1.93s           2026-09-14T15:10:08                      12
================================================================================
[2026-09-14T15:11:01.245+0000] {manager.py:997} INFO - 
================================================================================
DAG File Processing Stats

File Path                         PID    Runtime      # DAGs    # Errors  Last Runtime    Last Run               Last # of DB Queries
--------------------------------  -----  ---------  --------  ----------  --------------  -------------------  ----------------------
/opt/airflow/dags/weather_etl.py                           1           0  1.93s           2026-09-14T15:10:40                      12
================================================================================
[2026-09-14T15:11:31.742+0000] {manager.py:997} INFO - 
================================================================================
DAG File Processing Stats

File Path                         PID    Runtime      # DAGs    # Errors  Last Runtime    Last Run               Last # of DB Queries
--------------------------------  -----  ---------  --------  ----------  --------------  -------------------  ----------------------
/opt/airflow/dags/weather_etl.py                           1           0  2.06s           2026-09-14T15:11:13                      12
================================================================================
[2026-09-14T15:12:01.980+0000] {manager.py:997} INFO - 
================================================================================
DAG File Processing Stats

File Path                         PID    Runtime      # DAGs    # Errors  Last Runtime    Last Run               Last # of DB Queries
--------------------------------  -----  ---------  --------  ----------  --------------  -------------------  ----------------------
/opt/airflow/dags/weather_etl.py                           1           0  1.81s           2026-09-14T15:11:45                      12
================================================================================
[2026-09-14T15:12:32.484+0000] {manager.py:997} INFO - 
================================================================================
DAG File Processing Stats

File Path                         PID    Runtime      # DAGs    # Errors  Last Runtime    Last Run               Last # of DB Queries
--------------------------------  -----  ---------  --------  ----------  --------------  -------------------  ----------------------
/opt/airflow/dags/weather_etl.py                           1           0  2.02s           2026-09-14T15:12:18                      12
================================================================================
[2026-09-14T15:13:02.641+0000] {manager.py:997} INFO - 
================================================================================
DAG File Processing Stats

File Path                         PID    Runtime      # DAGs    # Errors  Last Runtime    Last Run               Last # of DB Queries
--------------------------------  -----  ---------  --------  ----------  --------------  -------------------  ----------------------
/opt/airflow/dags/weather_etl.py                           1           0  1.71s           2026-09-14T15:12:50                      12
================================================================================
[2026-09-14T15:13:16.331+0000] {manager.py:821} INFO - Searching for files in /opt/airflow/dags
[2026-09-14T15:13:16.390+0000] {manager.py:824} INFO - There are 1 files in /opt/airflow/dags
[2026-09-14T15:13:32.776+0000] {manager.py:997} INFO - 
================================================================================
DAG File Processing Stats

File Path                         PID    Runtime      # DAGs    # Errors  Last Runtime    Last Run               Last # of DB Queries
--------------------------------  -----  ---------  --------  ----------  --------------  -------------------  ----------------------
/opt/airflow/dags/weather_etl.py                           1           0  1.88s           2026-09-14T15:13:29                      12
================================================================================
[2026-09-14T15:14:03.370+0000] {manager.py:997} INFO - 
================================================================================
DAG File Processing Stats

File Path                         PID    Runtime      # DAGs    # Errors  Last Runtime    Last Run               Last # of DB Queries
--------------------------------  -----  ---------  --------  ----------  --------------  -------------------  ----------------------
/opt/airflow/dags/weather_etl.py                           1           0  1.74s           2026-09-14T15:13:47                      12
================================================================================
[2026-09-14T15:14:33.725+0000] {manager.py:997} INFO - 
================================================================================
DAG File Processing Stats

File Path                         PID    Runtime      # DAGs    # Errors  Last Runtime    Last Run               Last # of DB Queries
--------------------------------  -----  ---------  --------  ----------  --------------  -------------------  ----------------------
/opt/airflow/dags/weather_etl.py                           1           0  1.88s           2026-09-14T15:14:19                      12
================================================================================
[2026-09-14T15:15:04.490+0000] {manager.py:997} INFO - 
================================================================================
DAG File Processing Stats

File Path                         PID    Runtime      # DAGs    # Errors  Last Runtime    Last Run               Last # of DB Queries
--------------------------------  -----  ---------  --------  ----------  --------------  -------------------  ----------------------
/opt/airflow/dags/weather_etl.py                           1           0  2.41s           2026-09-14T15:14:52                      12
================================================================================
[2026-09-14T15:15:35.088+0000] {manager.py:997} INFO - 
================================================================================
DAG File Processing Stats

File Path                         PID    Runtime      # DAGs    # Errors  Last Runtime    Last Run               Last # of DB Queries
--------------------------------  -----  ---------  --------  ----------  --------------  -------------------  ----------------------
/opt/airflow/dags/weather_etl.py                           1           0  3.09s           2026-09-14T15:15:25                      12
================================================================================
[2026-09-14T15:16:05.738+0000] {manager.py:997} INFO - 
================================================================================
DAG File Processing Stats

File Path                         PID    Runtime      # DAGs    # Errors  Last Runtime    Last Run               Last # of DB Queries
--------------------------------  -----  ---------  --------  ----------  --------------  -------------------  ----------------------
/opt/airflow/dags/weather_etl.py                           1           0  2.42s           2026-09-14T15:15:58                      12
================================================================================
[2026-09-14T15:16:36.278+0000] {manager.py:997} INFO - 
================================================================================
DAG File Processing Stats

File Path                         PID    Runtime      # DAGs    # Errors  Last Runtime    Last Run               Last # of DB Queries
--------------------------------  -----  ---------  --------  ----------  --------------  -------------------  ----------------------
/opt/airflow/dags/weather_etl.py                           1           0  2.22s           2026-09-14T15:16:31                      12
================================================================================
[2026-09-14T15:17:06.810+0000] {manager.py:997} INFO - 
================================================================================
DAG File Processing Stats

File Path                         PID    Runtime      # DAGs    # Errors  Last Runtime    Last Run               Last # of DB Queries
--------------------------------  -----  ---------  --------  ----------  --------------  -------------------  ----------------------
/opt/airflow/dags/weather_etl.py                           1           0  1.99s           2026-09-14T15:17:03                      12
================================================================================
[2026-09-14T15:17:37.290+0000] {manager.py:997} INFO - 
================================================================================
DAG File Processing Stats

File Path                         PID    Runtime      # DAGs    # Errors  Last Runtime    Last Run               Last # of DB Queries
--------------------------------  -----  ---------  --------  ----------  --------------  -------------------  ----------------------
/opt/airflow/dags/weather_etl.py                           1           0  1.99s           2026-09-14T15:17:36                      12
================================================================================
[2026-09-14T15:18:07.806+0000] {manager.py:997} INFO - 
================================================================================
DAG File Processing Stats

File Path                           PID  Runtime      # DAGs    # Errors  Last Runtime    Last Run               Last # of DB Queries
--------------------------------  -----  ---------  --------  ----------  --------------  -------------------  ----------------------
/opt/airflow/dags/weather_etl.py    853  1.03s             1           0  1.99s           2026-09-14T15:17:36                      12
================================================================================
[2026-09-14T15:18:17.010+0000] {manager.py:821} INFO - Searching for files in /opt/airflow/dags
[2026-09-14T15:18:17.078+0000] {manager.py:824} INFO - There are 1 files in /opt/airflow/dags
[2026-09-14T15:18:38.477+0000] {manager.py:997} INFO - 
================================================================================
DAG File Processing Stats

File Path                         PID    Runtime      # DAGs    # Errors  Last Runtime    Last Run               Last # of DB Queries
--------------------------------  -----  ---------  --------  ----------  --------------  -------------------  ----------------------
/opt/airflow/dags/weather_etl.py                           1           0  2.30s           2026-09-14T15:18:09                      12
================================================================================
[2026-09-14T15:19:08.997+0000] {manager.py:997} INFO - 
================================================================================
DAG File Processing Stats

File Path                         PID    Runtime      # DAGs    # Errors  Last Runtime    Last Run               Last # of DB Queries
--------------------------------  -----  ---------  --------  ----------  --------------  -------------------  ----------------------
/opt/airflow/dags/weather_etl.py                           1           0  2.09s           2026-09-14T15:18:41                      12
================================================================================
[2026-09-14T15:19:39.536+0000] {manager.py:997} INFO - 
================================================================================
DAG File Processing Stats

File Path                         PID    Runtime      # DAGs    # Errors  Last Runtime    Last Run               Last # of DB Queries
--------------------------------  -----  ---------  --------  ----------  --------------  -------------------  ----------------------
/opt/airflow/dags/weather_etl.py                           1           0  2.33s           2026-09-14T15:19:14                      12
================================================================================
[2026-09-14T15:20:09.896+0000] {manager.py:997} INFO - 
================================================================================
DAG File Processing Stats

File Path                         PID    Runtime      # DAGs    # Errors  Last Runtime    Last Run               Last # of DB Queries
--------------------------------  -----  ---------  --------  ----------  --------------  -------------------  ----------------------
/opt/airflow/dags/weather_etl.py                           1           0  1.90s           2026-09-14T15:19:46                      12
================================================================================
[2026-09-14T15:20:40.095+0000] {manager.py:997} INFO - 
================================================================================
DAG File Processing Stats

File Path                         PID    Runtime      # DAGs    # Errors  Last Runtime    Last Run               Last # of DB Queries
--------------------------------  -----  ---------  --------  ----------  --------------  -------------------  ----------------------
/opt/airflow/dags/weather_etl.py                           1           0  1.76s           2026-09-14T15:20:18                      12
================================================================================
[2026-09-14T15:21:10.542+0000] {manager.py:997} INFO - 
================================================================================
DAG File Processing Stats

File Path                         PID    Runtime      # DAGs    # Errors  Last Runtime    Last Run               Last # of DB Queries
--------------------------------  -----  ---------  --------  ----------  --------------  -------------------  ----------------------
/opt/airflow/dags/weather_etl.py                           1           0  1.67s           2026-09-14T15:20:50                      12
================================================================================
[2026-09-14T15:21:40.818+0000] {manager.py:997} INFO - 
================================================================================
DAG File Processing Stats

File Path                         PID    Runtime      # DAGs    # Errors  Last Runtime    Last Run               Last # of DB Queries
--------------------------------  -----  ---------  --------  ----------  --------------  -------------------  ----------------------
/opt/airflow/dags/weather_etl.py                           1           0  1.82s           2026-09-14T15:21:22                      12
================================================================================
[2026-09-14T15:22:11.067+0000] {manager.py:997} INFO - 
================================================================================
DAG File Processing Stats

File Path                         PID    Runtime      # DAGs    # Errors  Last Runtime    Last Run               Last # of DB Queries
--------------------------------  -----  ---------  --------  ----------  --------------  -------------------  ----------------------
/opt/airflow/dags/weather_etl.py                           1           0  1.78s           2026-09-14T15:21:54                      12
================================================================================
[2026-09-14T15:22:41.192+0000] {manager.py:997} INFO - 
================================================================================
DAG File Processing Stats

File Path                         PID    Runtime      # DAGs    # Errors  Last Runtime    Last Run               Last # of DB Queries
--------------------------------  -----  ---------  --------  ----------  --------------  -------------------  ----------------------
/opt/airflow/dags/weather_etl.py                           1           0  2.98s           2026-09-14T15:22:27                      12
================================================================================
[2026-09-14T15:23:11.702+0000] {manager.py:997} INFO - 
================================================================================
DAG File Processing Stats

File Path                         PID    Runtime      # DAGs    # Errors  Last Runtime    Last Run               Last # of DB Queries
--------------------------------  -----  ---------  --------  ----------  --------------  -------------------  ----------------------
/opt/airflow/dags/weather_etl.py                           1           0  2.26s           2026-09-14T15:23:00                      12
================================================================================
[2026-09-14T15:23:17.780+0000] {manager.py:821} INFO - Searching for files in /opt/airflow/dags
[2026-09-14T15:23:17.842+0000] {manager.py:824} INFO - There are 1 files in /opt/airflow/dags
[2026-09-14T15:23:42.356+0000] {manager.py:997} INFO - 
================================================================================
DAG File Processing Stats

File Path                         PID    Runtime      # DAGs    # Errors  Last Runtime    Last Run               Last # of DB Queries
--------------------------------  -----  ---------  --------  ----------  --------------  -------------------  ----------------------
/opt/airflow/dags/weather_etl.py                           1           0  2.33s           2026-09-14T15:23:33                      12
================================================================================
[2026-09-14T15:24:13.163+0000] {manager.py:997} INFO - 
================================================================================
DAG File Processing Stats

File Path                         PID    Runtime      # DAGs    # Errors  Last Runtime    Last Run               Last # of DB Queries
--------------------------------  -----  ---------  --------  ----------  --------------  -------------------  ----------------------
/opt/airflow/dags/weather_etl.py                           1           0  5.34s           2026-09-14T15:24:09                      12
================================================================================
[2026-09-14T15:24:43.613+0000] {manager.py:997} INFO - 
================================================================================
DAG File Processing Stats

File Path                         PID    Runtime      # DAGs    # Errors  Last Runtime    Last Run               Last # of DB Queries
--------------------------------  -----  ---------  --------  ----------  --------------  -------------------  ----------------------
/opt/airflow/dags/weather_etl.py                           1           0  1.95s           2026-09-14T15:24:41                      12
================================================================================
[2026-09-14T15:25:14.163+0000] {manager.py:997} INFO - 
================================================================================
DAG File Processing Stats

File Path                           PID  Runtime      # DAGs    # Errors  Last Runtime    Last Run               Last # of DB Queries
--------------------------------  -----  ---------  --------  ----------  --------------  -------------------  ----------------------
/opt/airflow/dags/weather_etl.py    931  2.06s             1           0  1.95s           2026-09-14T15:24:41                      12
================================================================================
[2026-09-14T15:25:44.647+0000] {manager.py:997} INFO - 
================================================================================
DAG File Processing Stats

File Path                           PID  Runtime      # DAGs    # Errors  Last Runtime    Last Run               Last # of DB Queries
--------------------------------  -----  ---------  --------  ----------  --------------  -------------------  ----------------------
/opt/airflow/dags/weather_etl.py    937  0.01s             1           0  2.19s           2026-09-14T15:25:14                      12
================================================================================
[2026-09-14T15:26:15.023+0000] {manager.py:997} INFO - 
================================================================================
DAG File Processing Stats

File Path                         PID    Runtime      # DAGs    # Errors  Last Runtime    Last Run               Last # of DB Queries
--------------------------------  -----  ---------  --------  ----------  --------------  -------------------  ----------------------
/opt/airflow/dags/weather_etl.py                           1           0  1.97s           2026-09-14T15:25:46                      12
================================================================================
[2026-09-14T15:26:45.201+0000] {manager.py:997} INFO - 
================================================================================
DAG File Processing Stats

File Path                         PID    Runtime      # DAGs    # Errors  Last Runtime    Last Run               Last # of DB Queries
--------------------------------  -----  ---------  --------  ----------  --------------  -------------------  ----------------------
/opt/airflow/dags/weather_etl.py                           1           0  1.73s           2026-09-14T15:26:18                      12
================================================================================
[2026-09-14T15:27:15.376+0000] {manager.py:997} INFO - 
================================================================================
DAG File Processing Stats

File Path                         PID    Runtime      # DAGs    # Errors  Last Runtime    Last Run               Last # of DB Queries
--------------------------------  -----  ---------  --------  ----------  --------------  -------------------  ----------------------
/opt/airflow/dags/weather_etl.py                           1           0  1.75s           2026-09-14T15:26:51                      12
================================================================================
[2026-09-14T15:27:45.805+0000] {manager.py:997} INFO - 
================================================================================
DAG File Processing Stats

File Path                         PID    Runtime      # DAGs    # Errors  Last Runtime    Last Run               Last # of DB Queries
--------------------------------  -----  ---------  --------  ----------  --------------  -------------------  ----------------------
/opt/airflow/dags/weather_etl.py                           1           0  1.73s           2026-09-14T15:27:22                      12
================================================================================
[2026-09-14T15:28:15.883+0000] {manager.py:997} INFO - 
================================================================================
DAG File Processing Stats

File Path                         PID    Runtime      # DAGs    # Errors  Last Runtime    Last Run               Last # of DB Queries
--------------------------------  -----  ---------  --------  ----------  --------------  -------------------  ----------------------
/opt/airflow/dags/weather_etl.py                           1           0  1.65s           2026-09-14T15:27:54                      12
================================================================================
[2026-09-14T15:28:17.905+0000] {manager.py:821} INFO - Searching for files in /opt/airflow/dags
[2026-09-14T15:28:17.964+0000] {manager.py:824} INFO - There are 1 files in /opt/airflow/dags
[2026-09-14T15:28:46.404+0000] {manager.py:997} INFO - 
================================================================================
DAG File Processing Stats

File Path                         PID    Runtime      # DAGs    # Errors  Last Runtime    Last Run               Last # of DB Queries
--------------------------------  -----  ---------  --------  ----------  --------------  -------------------  ----------------------
/opt/airflow/dags/weather_etl.py                           1           0  1.71s           2026-09-14T15:28:26                      12
================================================================================
[2026-09-14T15:29:16.554+0000] {manager.py:997} INFO - 
================================================================================
DAG File Processing Stats

File Path                         PID    Runtime      # DAGs    # Errors  Last Runtime    Last Run               Last # of DB Queries
--------------------------------  -----  ---------  --------  ----------  --------------  -------------------  ----------------------
/opt/airflow/dags/weather_etl.py                           1           0  1.74s           2026-09-14T15:28:58                      12
================================================================================
[2026-09-14T15:29:46.746+0000] {manager.py:997} INFO - 
================================================================================
DAG File Processing Stats

File Path                         PID    Runtime      # DAGs    # Errors  Last Runtime    Last Run               Last # of DB Queries
--------------------------------  -----  ---------  --------  ----------  --------------  -------------------  ----------------------
/opt/airflow/dags/weather_etl.py                           1           0  1.79s           2026-09-14T15:29:30                      12
================================================================================
[2026-09-14T15:30:16.860+0000] {manager.py:997} INFO - 
================================================================================
DAG File Processing Stats

File Path                         PID    Runtime      # DAGs    # Errors  Last Runtime    Last Run               Last # of DB Queries
--------------------------------  -----  ---------  --------  ----------  --------------  -------------------  ----------------------
/opt/airflow/dags/weather_etl.py                           1           0  1.90s           2026-09-14T15:30:02                      12
================================================================================
[2026-09-14T15:30:47.053+0000] {manager.py:997} INFO - 
================================================================================
DAG File Processing Stats

File Path                         PID    Runtime      # DAGs    # Errors  Last Runtime    Last Run               Last # of DB Queries
--------------------------------  -----  ---------  --------  ----------  --------------  -------------------  ----------------------
/opt/airflow/dags/weather_etl.py                           1           0  1.76s           2026-09-14T15:30:34                      12
================================================================================
[2026-09-14T15:31:17.075+0000] {manager.py:997} INFO - 
================================================================================
DAG File Processing Stats

File Path                         PID    Runtime      # DAGs    # Errors  Last Runtime    Last Run               Last # of DB Queries
--------------------------------  -----  ---------  --------  ----------  --------------  -------------------  ----------------------
/opt/airflow/dags/weather_etl.py                           1           0  1.61s           2026-09-14T15:31:06                      12
================================================================================
[2026-09-14T15:31:47.279+0000] {manager.py:997} INFO - 
================================================================================
DAG File Processing Stats

File Path                         PID    Runtime      # DAGs    # Errors  Last Runtime    Last Run               Last # of DB Queries
--------------------------------  -----  ---------  --------  ----------  --------------  -------------------  ----------------------
/opt/airflow/dags/weather_etl.py                           1           0  1.85s           2026-09-14T15:31:39                      12
================================================================================
[2026-09-14T15:32:17.427+0000] {manager.py:997} INFO - 
================================================================================
DAG File Processing Stats

File Path                         PID    Runtime      # DAGs    # Errors  Last Runtime    Last Run               Last # of DB Queries
--------------------------------  -----  ---------  --------  ----------  --------------  -------------------  ----------------------
/opt/airflow/dags/weather_etl.py                           1           0  1.71s           2026-09-14T15:32:11                      12
================================================================================
[2026-09-14T15:32:47.532+0000] {manager.py:997} INFO - 
================================================================================
DAG File Processing Stats

File Path                         PID    Runtime      # DAGs    # Errors  Last Runtime    Last Run               Last # of DB Queries
--------------------------------  -----  ---------  --------  ----------  --------------  -------------------  ----------------------
/opt/airflow/dags/weather_etl.py                           1           0  1.68s           2026-09-14T15:32:43                      12
================================================================================
[2026-09-14T15:33:17.934+0000] {manager.py:821} INFO - Searching for files in /opt/airflow/dags
[2026-09-14T15:33:17.994+0000] {manager.py:824} INFO - There are 1 files in /opt/airflow/dags
[2026-09-14T15:33:18.033+0000] {manager.py:997} INFO - 
================================================================================
DAG File Processing Stats

File Path                         PID    Runtime      # DAGs    # Errors  Last Runtime    Last Run               Last # of DB Queries
--------------------------------  -----  ---------  --------  ----------  --------------  -------------------  ----------------------
/opt/airflow/dags/weather_etl.py                           1           0  1.64s           2026-09-14T15:33:15                      12
================================================================================
[2026-09-14T15:33:48.141+0000] {manager.py:997} INFO - 
================================================================================
DAG File Processing Stats

File Path                         PID    Runtime      # DAGs    # Errors  Last Runtime    Last Run               Last # of DB Queries
--------------------------------  -----  ---------  --------  ----------  --------------  -------------------  ----------------------
/opt/airflow/dags/weather_etl.py                           1           0  1.69s           2026-09-14T15:33:47                      12
================================================================================
[2026-09-14T15:34:18.221+0000] {manager.py:997} INFO - 
================================================================================
DAG File Processing Stats

File Path                           PID  Runtime      # DAGs    # Errors  Last Runtime    Last Run               Last # of DB Queries
--------------------------------  -----  ---------  --------  ----------  --------------  -------------------  ----------------------
/opt/airflow/dags/weather_etl.py   1033  1.02s             1           0  1.69s           2026-09-14T15:33:47                      12
================================================================================
[2026-09-14T15:34:48.409+0000] {manager.py:997} INFO - 
================================================================================
DAG File Processing Stats

File Path                         PID    Runtime      # DAGs    # Errors  Last Runtime    Last Run               Last # of DB Queries
--------------------------------  -----  ---------  --------  ----------  --------------  -------------------  ----------------------
/opt/airflow/dags/weather_etl.py                           1           0  1.80s           2026-09-14T15:34:19                      12
================================================================================
[2026-09-14T15:35:18.564+0000] {manager.py:997} INFO - 
================================================================================
DAG File Processing Stats

File Path                         PID    Runtime      # DAGs    # Errors  Last Runtime    Last Run               Last # of DB Queries
--------------------------------  -----  ---------  --------  ----------  --------------  -------------------  ----------------------
/opt/airflow/dags/weather_etl.py                           1           0  1.75s           2026-09-14T15:34:51                      12
================================================================================
[2026-09-14T15:35:48.996+0000] {manager.py:997} INFO - 
================================================================================
DAG File Processing Stats

File Path                         PID    Runtime      # DAGs    # Errors  Last Runtime    Last Run               Last # of DB Queries
--------------------------------  -----  ---------  --------  ----------  --------------  -------------------  ----------------------
/opt/airflow/dags/weather_etl.py                           1           0  1.57s           2026-09-14T15:35:23                      12
================================================================================
[2026-09-14T15:36:19.804+0000] {manager.py:997} INFO - 
================================================================================
DAG File Processing Stats

File Path                         PID    Runtime      # DAGs    # Errors  Last Runtime    Last Run               Last # of DB Queries
--------------------------------  -----  ---------  --------  ----------  --------------  -------------------  ----------------------
/opt/airflow/dags/weather_etl.py                           1           0  1.57s           2026-09-14T15:35:54                      12
================================================================================
[2026-09-14T15:36:49.849+0000] {manager.py:997} INFO - 
================================================================================
DAG File Processing Stats

File Path                         PID    Runtime      # DAGs    # Errors  Last Runtime    Last Run               Last # of DB Queries
--------------------------------  -----  ---------  --------  ----------  --------------  -------------------  ----------------------
/opt/airflow/dags/weather_etl.py                           1           0  1.63s           2026-09-14T15:36:26                      12
================================================================================
[2026-09-14T15:37:19.890+0000] {manager.py:997} INFO - 
================================================================================
DAG File Processing Stats

File Path                         PID    Runtime      # DAGs    # Errors  Last Runtime    Last Run               Last # of DB Queries
--------------------------------  -----  ---------  --------  ----------  --------------  -------------------  ----------------------
/opt/airflow/dags/weather_etl.py                           1           0  1.63s           2026-09-14T15:36:58                      12
================================================================================
[2026-09-14T15:37:49.905+0000] {manager.py:997} INFO - 
================================================================================
DAG File Processing Stats

File Path                         PID    Runtime      # DAGs    # Errors  Last Runtime    Last Run               Last # of DB Queries
--------------------------------  -----  ---------  --------  ----------  --------------  -------------------  ----------------------
/opt/airflow/dags/weather_etl.py                           1           0  1.66s           2026-09-14T15:37:30                      12
================================================================================
[2026-09-14T15:38:18.694+0000] {manager.py:821} INFO - Searching for files in /opt/airflow/dags
[2026-09-14T15:38:18.750+0000] {manager.py:824} INFO - There are 1 files in /opt/airflow/dags
[2026-09-14T15:38:20.816+0000] {manager.py:997} INFO - 
================================================================================
DAG File Processing Stats

File Path                         PID    Runtime      # DAGs    # Errors  Last Runtime    Last Run               Last # of DB Queries
--------------------------------  -----  ---------  --------  ----------  --------------  -------------------  ----------------------
/opt/airflow/dags/weather_etl.py                           1           0  1.59s           2026-09-14T15:38:02                      12
================================================================================
[2026-09-14T15:38:50.959+0000] {manager.py:997} INFO - 
================================================================================
DAG File Processing Stats

File Path                         PID    Runtime      # DAGs    # Errors  Last Runtime    Last Run               Last # of DB Queries
--------------------------------  -----  ---------  --------  ----------  --------------  -------------------  ----------------------
/opt/airflow/dags/weather_etl.py                           1           0  1.71s           2026-09-14T15:38:34                      12
================================================================================
[2026-09-14T15:39:21.099+0000] {manager.py:997} INFO - 
================================================================================
DAG File Processing Stats

File Path                         PID    Runtime      # DAGs    # Errors  Last Runtime    Last Run               Last # of DB Queries
--------------------------------  -----  ---------  --------  ----------  --------------  -------------------  ----------------------
/opt/airflow/dags/weather_etl.py                           1           0  1.73s           2026-09-14T15:39:06                      12
================================================================================
[2026-09-14T15:39:51.527+0000] {manager.py:997} INFO - 
================================================================================
DAG File Processing Stats

File Path                         PID    Runtime      # DAGs    # Errors  Last Runtime    Last Run               Last # of DB Queries
--------------------------------  -----  ---------  --------  ----------  --------------  -------------------  ----------------------
/opt/airflow/dags/weather_etl.py                           1           0  1.76s           2026-09-14T15:39:38                      12
================================================================================
[2026-09-14T15:40:21.873+0000] {manager.py:997} INFO - 
================================================================================
DAG File Processing Stats

File Path                         PID    Runtime      # DAGs    # Errors  Last Runtime    Last Run               Last # of DB Queries
--------------------------------  -----  ---------  --------  ----------  --------------  -------------------  ----------------------
/opt/airflow/dags/weather_etl.py                           1           0  1.92s           2026-09-14T15:40:10                      12
================================================================================
[2026-09-14T15:40:52.033+0000] {manager.py:997} INFO - 
================================================================================
DAG File Processing Stats

File Path                         PID    Runtime      # DAGs    # Errors  Last Runtime    Last Run               Last # of DB Queries
--------------------------------  -----  ---------  --------  ----------  --------------  -------------------  ----------------------
/opt/airflow/dags/weather_etl.py                           1           0  1.75s           2026-09-14T15:40:42                      12
================================================================================
[2026-09-14T15:41:22.452+0000] {manager.py:997} INFO - 
================================================================================
DAG File Processing Stats

File Path                         PID    Runtime      # DAGs    # Errors  Last Runtime    Last Run               Last # of DB Queries
--------------------------------  -----  ---------  --------  ----------  --------------  -------------------  ----------------------
/opt/airflow/dags/weather_etl.py                           1           0  1.80s           2026-09-14T15:41:14                      12
================================================================================
[2026-09-14T15:41:52.883+0000] {manager.py:997} INFO - 
================================================================================
DAG File Processing Stats

File Path                         PID    Runtime      # DAGs    # Errors  Last Runtime    Last Run               Last # of DB Queries
--------------------------------  -----  ---------  --------  ----------  --------------  -------------------  ----------------------
/opt/airflow/dags/weather_etl.py                           1           0  1.63s           2026-09-14T15:41:46                      12
================================================================================
[2026-09-14T15:42:23.073+0000] {manager.py:997} INFO - 
================================================================================
DAG File Processing Stats

File Path                         PID    Runtime      # DAGs    # Errors  Last Runtime    Last Run               Last # of DB Queries
--------------------------------  -----  ---------  --------  ----------  --------------  -------------------  ----------------------
/opt/airflow/dags/weather_etl.py                           1           0  1.76s           2026-09-14T15:42:19                      12
================================================================================
[2026-09-14T15:42:53.213+0000] {manager.py:997} INFO - 
================================================================================
DAG File Processing Stats

File Path                         PID    Runtime      # DAGs    # Errors  Last Runtime    Last Run               Last # of DB Queries
--------------------------------  -----  ---------  --------  ----------  --------------  -------------------  ----------------------
/opt/airflow/dags/weather_etl.py                           1           0  1.71s           2026-09-14T15:42:51                      12
================================================================================
[2026-09-14T15:43:19.196+0000] {manager.py:821} INFO - Searching for files in /opt/airflow/dags
[2026-09-14T15:43:19.251+0000] {manager.py:824} INFO - There are 1 files in /opt/airflow/dags
[2026-09-14T15:43:23.641+0000] {manager.py:997} INFO - 
================================================================================
DAG File Processing Stats

File Path                         PID    Runtime      # DAGs    # Errors  Last Runtime    Last Run               Last # of DB Queries
--------------------------------  -----  ---------  --------  ----------  --------------  -------------------  ----------------------
/opt/airflow/dags/weather_etl.py                           1           0  1.57s           2026-09-14T15:43:22                      12
================================================================================
[2026-09-14T15:43:54.138+0000] {manager.py:997} INFO - 
================================================================================
DAG File Processing Stats

File Path                           PID  Runtime      # DAGs    # Errors  Last Runtime    Last Run               Last # of DB Queries
--------------------------------  -----  ---------  --------  ----------  --------------  -------------------  ----------------------
/opt/airflow/dags/weather_etl.py   1141  1.03s             1           0  1.57s           2026-09-14T15:43:22                      12
================================================================================
[2026-09-14T15:44:24.209+0000] {manager.py:997} INFO - 
================================================================================
DAG File Processing Stats

File Path                         PID    Runtime      # DAGs    # Errors  Last Runtime    Last Run               Last # of DB Queries
--------------------------------  -----  ---------  --------  ----------  --------------  -------------------  ----------------------
/opt/airflow/dags/weather_etl.py                           1           0  1.70s           2026-09-14T15:43:54                      12
================================================================================
[2026-09-14T15:44:54.324+0000] {manager.py:997} INFO - 
================================================================================
DAG File Processing Stats

File Path                         PID    Runtime      # DAGs    # Errors  Last Runtime    Last Run               Last # of DB Queries
--------------------------------  -----  ---------  --------  ----------  --------------  -------------------  ----------------------
/opt/airflow/dags/weather_etl.py                           1           0  1.71s           2026-09-14T15:44:26                      12
================================================================================
[2026-09-14T15:45:24.333+0000] {manager.py:997} INFO - 
================================================================================
DAG File Processing Stats

File Path                         PID    Runtime      # DAGs    # Errors  Last Runtime    Last Run               Last # of DB Queries
--------------------------------  -----  ---------  --------  ----------  --------------  -------------------  ----------------------
/opt/airflow/dags/weather_etl.py                           1           0  1.75s           2026-09-14T15:44:58                      12
================================================================================
[2026-09-14T15:45:54.648+0000] {manager.py:997} INFO - 
================================================================================
DAG File Processing Stats

File Path                         PID    Runtime      # DAGs    # Errors  Last Runtime    Last Run               Last # of DB Queries
--------------------------------  -----  ---------  --------  ----------  --------------  -------------------  ----------------------
/opt/airflow/dags/weather_etl.py                           1           0  1.79s           2026-09-14T15:45:31                      12
================================================================================
[2026-09-14T15:46:24.723+0000] {manager.py:997} INFO - 
================================================================================
DAG File Processing Stats

File Path                         PID    Runtime      # DAGs    # Errors  Last Runtime    Last Run               Last # of DB Queries
--------------------------------  -----  ---------  --------  ----------  --------------  -------------------  ----------------------
/opt/airflow/dags/weather_etl.py                           1           0  2.08s           2026-09-14T15:46:03                      12
================================================================================
[2026-09-14T15:46:54.975+0000] {manager.py:997} INFO - 
================================================================================
DAG File Processing Stats

File Path                         PID    Runtime      # DAGs    # Errors  Last Runtime    Last Run               Last # of DB Queries
--------------------------------  -----  ---------  --------  ----------  --------------  -------------------  ----------------------
/opt/airflow/dags/weather_etl.py                           1           0  1.79s           2026-09-14T15:46:35                      12
================================================================================
[2026-09-14T15:47:25.082+0000] {manager.py:997} INFO - 
================================================================================
DAG File Processing Stats

File Path                         PID    Runtime      # DAGs    # Errors  Last Runtime    Last Run               Last # of DB Queries
--------------------------------  -----  ---------  --------  ----------  --------------  -------------------  ----------------------
/opt/airflow/dags/weather_etl.py                           1           0  1.66s           2026-09-14T15:47:07                      12
================================================================================
[2026-09-14T15:47:55.538+0000] {manager.py:997} INFO - 
================================================================================
DAG File Processing Stats

File Path                         PID    Runtime      # DAGs    # Errors  Last Runtime    Last Run               Last # of DB Queries
--------------------------------  -----  ---------  --------  ----------  --------------  -------------------  ----------------------
/opt/airflow/dags/weather_etl.py                           1           0  1.91s           2026-09-14T15:47:39                      12
================================================================================
[2026-09-14T15:48:19.438+0000] {manager.py:821} INFO - Searching for files in /opt/airflow/dags
[2026-09-14T15:48:19.508+0000] {manager.py:824} INFO - There are 1 files in /opt/airflow/dags
[2026-09-14T15:48:25.664+0000] {manager.py:997} INFO - 
================================================================================
DAG File Processing Stats

File Path                         PID    Runtime      # DAGs    # Errors  Last Runtime    Last Run               Last # of DB Queries
--------------------------------  -----  ---------  --------  ----------  --------------  -------------------  ----------------------
/opt/airflow/dags/weather_etl.py                           1           0  2.28s           2026-09-14T15:48:12                      12
================================================================================
[2026-09-14T15:48:56.016+0000] {manager.py:997} INFO - 
================================================================================
DAG File Processing Stats

File Path                         PID    Runtime      # DAGs    # Errors  Last Runtime    Last Run               Last # of DB Queries
--------------------------------  -----  ---------  --------  ----------  --------------  -------------------  ----------------------
/opt/airflow/dags/weather_etl.py                           1           0  1.90s           2026-09-14T15:48:44                      12
================================================================================
[2026-09-14T15:49:26.328+0000] {manager.py:997} INFO - 
================================================================================
DAG File Processing Stats

File Path                         PID    Runtime      # DAGs    # Errors  Last Runtime    Last Run               Last # of DB Queries
--------------------------------  -----  ---------  --------  ----------  --------------  -------------------  ----------------------
/opt/airflow/dags/weather_etl.py                           1           0  1.88s           2026-09-14T15:49:17                      12
================================================================================
[2026-09-14T15:49:56.582+0000] {manager.py:997} INFO - 
================================================================================
DAG File Processing Stats

File Path                         PID    Runtime      # DAGs    # Errors  Last Runtime    Last Run               Last # of DB Queries
--------------------------------  -----  ---------  --------  ----------  --------------  -------------------  ----------------------
/opt/airflow/dags/weather_etl.py                           1           0  1.81s           2026-09-14T15:49:49                      12
================================================================================
[2026-09-14T15:50:26.964+0000] {manager.py:997} INFO - 
================================================================================
DAG File Processing Stats

File Path                         PID    Runtime      # DAGs    # Errors  Last Runtime    Last Run               Last # of DB Queries
--------------------------------  -----  ---------  --------  ----------  --------------  -------------------  ----------------------
/opt/airflow/dags/weather_etl.py                           1           0  1.90s           2026-09-14T15:50:21                      12
================================================================================
[2026-09-14T15:50:57.438+0000] {manager.py:997} INFO - 
================================================================================
DAG File Processing Stats

File Path                         PID    Runtime      # DAGs    # Errors  Last Runtime    Last Run               Last # of DB Queries
--------------------------------  -----  ---------  --------  ----------  --------------  -------------------  ----------------------
/opt/airflow/dags/weather_etl.py                           1           0  1.75s           2026-09-14T15:50:53                      12
================================================================================
[2026-09-14T15:51:27.950+0000] {manager.py:997} INFO - 
================================================================================
DAG File Processing Stats

File Path                         PID    Runtime      # DAGs    # Errors  Last Runtime    Last Run               Last # of DB Queries
--------------------------------  -----  ---------  --------  ----------  --------------  -------------------  ----------------------
/opt/airflow/dags/weather_etl.py                           1           0  2.04s           2026-09-14T15:51:25                      12
================================================================================
[2026-09-14T15:51:58.486+0000] {manager.py:997} INFO - 
================================================================================
DAG File Processing Stats

File Path                           PID  Runtime      # DAGs    # Errors  Last Runtime    Last Run               Last # of DB Queries
--------------------------------  -----  ---------  --------  ----------  --------------  -------------------  ----------------------
/opt/airflow/dags/weather_etl.py   1231  2.05s             1           0  2.04s           2026-09-14T15:51:25                      12
================================================================================
[2026-09-14T15:52:29.001+0000] {manager.py:997} INFO - 
================================================================================
DAG File Processing Stats

File Path                           PID  Runtime      # DAGs    # Errors  Last Runtime    Last Run               Last # of DB Queries
--------------------------------  -----  ---------  --------  ----------  --------------  -------------------  ----------------------
/opt/airflow/dags/weather_etl.py   1237  0.01s             1           0  2.10s           2026-09-14T15:51:58                      12
================================================================================
[2026-09-14T15:52:59.292+0000] {manager.py:997} INFO - 
================================================================================
DAG File Processing Stats

File Path                         PID    Runtime      # DAGs    # Errors  Last Runtime    Last Run               Last # of DB Queries
--------------------------------  -----  ---------  --------  ----------  --------------  -------------------  ----------------------
/opt/airflow/dags/weather_etl.py                           1           0  1.89s           2026-09-14T15:52:30                      12
================================================================================
[2026-09-14T15:53:19.744+0000] {manager.py:821} INFO - Searching for files in /opt/airflow/dags
[2026-09-14T15:53:19.816+0000] {manager.py:824} INFO - There are 1 files in /opt/airflow/dags
[2026-09-14T15:53:29.611+0000] {manager.py:997} INFO - 
================================================================================
DAG File Processing Stats

File Path                         PID    Runtime      # DAGs    # Errors  Last Runtime    Last Run               Last # of DB Queries
--------------------------------  -----  ---------  --------  ----------  --------------  -------------------  ----------------------
/opt/airflow/dags/weather_etl.py                           1           0  1.84s           2026-09-14T15:53:03                      12
================================================================================
[2026-09-14T15:53:59.932+0000] {manager.py:997} INFO - 
================================================================================
DAG File Processing Stats

File Path                         PID    Runtime      # DAGs    # Errors  Last Runtime    Last Run               Last # of DB Queries
--------------------------------  -----  ---------  --------  ----------  --------------  -------------------  ----------------------
/opt/airflow/dags/weather_etl.py                           1           0  1.86s           2026-09-14T15:53:35                      12
================================================================================
[2026-09-14T15:54:30.095+0000] {manager.py:997} INFO - 
================================================================================
DAG File Processing Stats

File Path                         PID    Runtime      # DAGs    # Errors  Last Runtime    Last Run               Last # of DB Queries
--------------------------------  -----  ---------  --------  ----------  --------------  -------------------  ----------------------
/opt/airflow/dags/weather_etl.py                           1           0  1.72s           2026-09-14T15:54:07                      12
================================================================================
[2026-09-14T15:55:00.412+0000] {manager.py:997} INFO - 
================================================================================
DAG File Processing Stats

File Path                         PID    Runtime      # DAGs    # Errors  Last Runtime    Last Run               Last # of DB Queries
--------------------------------  -----  ---------  --------  ----------  --------------  -------------------  ----------------------
/opt/airflow/dags/weather_etl.py                           1           0  2.12s           2026-09-14T15:54:40                      12
================================================================================
[2026-09-14T15:55:30.888+0000] {manager.py:997} INFO - 
================================================================================
DAG File Processing Stats

File Path                         PID    Runtime      # DAGs    # Errors  Last Runtime    Last Run               Last # of DB Queries
--------------------------------  -----  ---------  --------  ----------  --------------  -------------------  ----------------------
/opt/airflow/dags/weather_etl.py                           1           0  2.01s           2026-09-14T15:55:12                      12
================================================================================
[2026-09-14T15:56:01.486+0000] {manager.py:997} INFO - 
================================================================================
DAG File Processing Stats

File Path                         PID    Runtime      # DAGs    # Errors  Last Runtime    Last Run               Last # of DB Queries
--------------------------------  -----  ---------  --------  ----------  --------------  -------------------  ----------------------
/opt/airflow/dags/weather_etl.py                           1           0  2.26s           2026-09-14T15:55:45                      12
================================================================================
[2026-09-14T15:56:31.912+0000] {manager.py:997} INFO - 
================================================================================
DAG File Processing Stats

File Path                         PID    Runtime      # DAGs    # Errors  Last Runtime    Last Run               Last # of DB Queries
--------------------------------  -----  ---------  --------  ----------  --------------  -------------------  ----------------------
/opt/airflow/dags/weather_etl.py                           1           0  1.93s           2026-09-14T15:56:17                      12
================================================================================
[2026-09-14T15:57:02.585+0000] {manager.py:997} INFO - 
================================================================================
DAG File Processing Stats

File Path                         PID    Runtime      # DAGs    # Errors  Last Runtime    Last Run               Last # of DB Queries
--------------------------------  -----  ---------  --------  ----------  --------------  -------------------  ----------------------
/opt/airflow/dags/weather_etl.py                           1           0  2.19s           2026-09-14T15:56:50                      12
================================================================================
[2026-09-14T15:57:33.054+0000] {manager.py:997} INFO - 
================================================================================
DAG File Processing Stats

File Path                         PID    Runtime      # DAGs    # Errors  Last Runtime    Last Run               Last # of DB Queries
--------------------------------  -----  ---------  --------  ----------  --------------  -------------------  ----------------------
/opt/airflow/dags/weather_etl.py                           1           0  2.02s           2026-09-14T15:57:22                      12
================================================================================
[2026-09-14T15:58:03.649+0000] {manager.py:997} INFO - 
================================================================================
DAG File Processing Stats

File Path                         PID    Runtime      # DAGs    # Errors  Last Runtime    Last Run               Last # of DB Queries
--------------------------------  -----  ---------  --------  ----------  --------------  -------------------  ----------------------
/opt/airflow/dags/weather_etl.py                           1           0  2.05s           2026-09-14T15:57:55                      12
================================================================================
[2026-09-14T15:58:19.909+0000] {manager.py:821} INFO - Searching for files in /opt/airflow/dags
[2026-09-14T15:58:19.976+0000] {manager.py:824} INFO - There are 1 files in /opt/airflow/dags
[2026-09-14T15:58:33.691+0000] {manager.py:997} INFO - 
================================================================================
DAG File Processing Stats

File Path                         PID    Runtime      # DAGs    # Errors  Last Runtime    Last Run               Last # of DB Queries
--------------------------------  -----  ---------  --------  ----------  --------------  -------------------  ----------------------
/opt/airflow/dags/weather_etl.py                           1           0  2.46s           2026-09-14T15:58:28                      12
================================================================================
[2026-09-14T15:59:03.770+0000] {manager.py:997} INFO - 
================================================================================
DAG File Processing Stats

File Path                         PID    Runtime      # DAGs    # Errors  Last Runtime    Last Run               Last # of DB Queries
--------------------------------  -----  ---------  --------  ----------  --------------  -------------------  ----------------------
/opt/airflow/dags/weather_etl.py                           1           0  2.24s           2026-09-14T15:59:00                      12
================================================================================
[2026-09-14T15:59:34.306+0000] {manager.py:997} INFO - 
================================================================================
DAG File Processing Stats

File Path                         PID    Runtime      # DAGs    # Errors  Last Runtime    Last Run               Last # of DB Queries
--------------------------------  -----  ---------  --------  ----------  --------------  -------------------  ----------------------
/opt/airflow/dags/weather_etl.py                           1           0  2.03s           2026-09-14T15:59:33                      12
================================================================================
[2026-09-14T16:00:04.808+0000] {manager.py:997} INFO - 
================================================================================
DAG File Processing Stats

File Path                           PID  Runtime      # DAGs    # Errors  Last Runtime    Last Run               Last # of DB Queries
--------------------------------  -----  ---------  --------  ----------  --------------  -------------------  ----------------------
/opt/airflow/dags/weather_etl.py   1323  1.03s             1           0  2.03s           2026-09-14T15:59:33                      12
================================================================================
[2026-09-14T16:00:35.272+0000] {manager.py:997} INFO - 
================================================================================
DAG File Processing Stats

File Path                         PID    Runtime      # DAGs    # Errors  Last Runtime    Last Run               Last # of DB Queries
--------------------------------  -----  ---------  --------  ----------  --------------  -------------------  ----------------------
/opt/airflow/dags/weather_etl.py                           1           0  2.06s           2026-09-14T16:00:05                      12
================================================================================
[2026-09-14T16:01:05.502+0000] {manager.py:997} INFO - 
================================================================================
DAG File Processing Stats

File Path                         PID    Runtime      # DAGs    # Errors  Last Runtime    Last Run               Last # of DB Queries
--------------------------------  -----  ---------  --------  ----------  --------------  -------------------  ----------------------
/opt/airflow/dags/weather_etl.py                           1           0  1.79s           2026-09-14T16:00:38                      12
================================================================================
[2026-09-14T16:01:35.965+0000] {manager.py:997} INFO - 
================================================================================
DAG File Processing Stats

File Path                         PID    Runtime      # DAGs    # Errors  Last Runtime    Last Run               Last # of DB Queries
--------------------------------  -----  ---------  --------  ----------  --------------  -------------------  ----------------------
/opt/airflow/dags/weather_etl.py                           1           0  2.08s           2026-09-14T16:01:10                      12
================================================================================
[2026-09-14T16:02:06.356+0000] {manager.py:997} INFO - 
================================================================================
DAG File Processing Stats

File Path                         PID    Runtime      # DAGs    # Errors  Last Runtime    Last Run               Last # of DB Queries
--------------------------------  -----  ---------  --------  ----------  --------------  -------------------  ----------------------
/opt/airflow/dags/weather_etl.py                           1           0  1.93s           2026-09-14T16:01:43                      12
================================================================================
[2026-09-14T16:02:36.665+0000] {manager.py:997} INFO - 
================================================================================
DAG File Processing Stats

File Path                         PID    Runtime      # DAGs    # Errors  Last Runtime    Last Run               Last # of DB Queries
--------------------------------  -----  ---------  --------  ----------  --------------  -------------------  ----------------------
/opt/airflow/dags/weather_etl.py                           1           0  1.86s           2026-09-14T16:02:15                      12
================================================================================
[2026-09-14T16:03:06.793+0000] {manager.py:997} INFO - 
================================================================================
DAG File Processing Stats

File Path                         PID    Runtime      # DAGs    # Errors  Last Runtime    Last Run               Last # of DB Queries
--------------------------------  -----  ---------  --------  ----------  --------------  -------------------  ----------------------
/opt/airflow/dags/weather_etl.py                           1           0  1.69s           2026-09-14T16:02:47                      12
================================================================================
[2026-09-14T16:03:20.503+0000] {manager.py:821} INFO - Searching for files in /opt/airflow/dags
[2026-09-14T16:03:20.562+0000] {manager.py:824} INFO - There are 1 files in /opt/airflow/dags
[2026-09-14T16:03:36.827+0000] {manager.py:997} INFO - 
================================================================================
DAG File Processing Stats

File Path                         PID    Runtime      # DAGs    # Errors  Last Runtime    Last Run               Last # of DB Queries
--------------------------------  -----  ---------  --------  ----------  --------------  -------------------  ----------------------
/opt/airflow/dags/weather_etl.py                           1           0  1.70s           2026-09-14T16:03:19                      12
================================================================================
[2026-09-14T16:04:06.910+0000] {manager.py:997} INFO - 
================================================================================
DAG File Processing Stats

File Path                         PID    Runtime      # DAGs    # Errors  Last Runtime    Last Run               Last # of DB Queries
--------------------------------  -----  ---------  --------  ----------  --------------  -------------------  ----------------------
/opt/airflow/dags/weather_etl.py                           1           0  1.64s           2026-09-14T16:03:51                      12
================================================================================
[2026-09-14T16:04:36.970+0000] {manager.py:997} INFO - 
================================================================================
DAG File Processing Stats

File Path                         PID    Runtime      # DAGs    # Errors  Last Runtime    Last Run               Last # of DB Queries
--------------------------------  -----  ---------  --------  ----------  --------------  -------------------  ----------------------
/opt/airflow/dags/weather_etl.py                           1           0  1.63s           2026-09-14T16:04:23                      12
================================================================================
[2026-09-14T16:05:07.407+0000] {manager.py:997} INFO - 
================================================================================
DAG File Processing Stats

File Path                         PID    Runtime      # DAGs    # Errors  Last Runtime    Last Run               Last # of DB Queries
--------------------------------  -----  ---------  --------  ----------  --------------  -------------------  ----------------------
/opt/airflow/dags/weather_etl.py                           1           0  1.71s           2026-09-14T16:04:55                      12
================================================================================
[2026-09-14T16:05:37.844+0000] {manager.py:997} INFO - 
================================================================================
DAG File Processing Stats

File Path                         PID    Runtime      # DAGs    # Errors  Last Runtime    Last Run               Last # of DB Queries
--------------------------------  -----  ---------  --------  ----------  --------------  -------------------  ----------------------
/opt/airflow/dags/weather_etl.py                           1           0  1.80s           2026-09-14T16:05:27                      12
================================================================================
[2026-09-14T16:06:08.026+0000] {manager.py:997} INFO - 
================================================================================
DAG File Processing Stats

File Path                         PID    Runtime      # DAGs    # Errors  Last Runtime    Last Run               Last # of DB Queries
--------------------------------  -----  ---------  --------  ----------  --------------  -------------------  ----------------------
/opt/airflow/dags/weather_etl.py                           1           0  1.75s           2026-09-14T16:05:59                      12
================================================================================
[2026-09-14T16:06:38.529+0000] {manager.py:997} INFO - 
================================================================================
DAG File Processing Stats

File Path                         PID    Runtime      # DAGs    # Errors  Last Runtime    Last Run               Last # of DB Queries
--------------------------------  -----  ---------  --------  ----------  --------------  -------------------  ----------------------
/opt/airflow/dags/weather_etl.py                           1           0  2.05s           2026-09-14T16:06:32                      12
================================================================================
[2026-09-14T16:07:08.828+0000] {manager.py:997} INFO - 
================================================================================
DAG File Processing Stats

File Path                         PID    Runtime      # DAGs    # Errors  Last Runtime    Last Run               Last # of DB Queries
--------------------------------  -----  ---------  --------  ----------  --------------  -------------------  ----------------------
/opt/airflow/dags/weather_etl.py                           1           0  1.84s           2026-09-14T16:07:04                      12
================================================================================
[2026-09-14T16:07:39.263+0000] {manager.py:997} INFO - 
================================================================================
DAG File Processing Stats

File Path                         PID    Runtime      # DAGs    # Errors  Last Runtime    Last Run               Last # of DB Queries
--------------------------------  -----  ---------  --------  ----------  --------------  -------------------  ----------------------
/opt/airflow/dags/weather_etl.py                           1           0  1.98s           2026-09-14T16:07:37                      12
================================================================================
[2026-09-14T16:08:09.785+0000] {manager.py:997} INFO - 
================================================================================
DAG File Processing Stats

File Path                           PID  Runtime      # DAGs    # Errors  Last Runtime    Last Run               Last # of DB Queries
--------------------------------  -----  ---------  --------  ----------  --------------  -------------------  ----------------------
/opt/airflow/dags/weather_etl.py   1429  2.06s             1           0  1.98s           2026-09-14T16:07:37                      12
================================================================================
[2026-09-14T16:08:21.097+0000] {manager.py:821} INFO - Searching for files in /opt/airflow/dags
[2026-09-14T16:08:21.156+0000] {manager.py:824} INFO - There are 1 files in /opt/airflow/dags
[2026-09-14T16:08:40.570+0000] {manager.py:997} INFO - 
================================================================================
DAG File Processing Stats

File Path                           PID  Runtime      # DAGs    # Errors  Last Runtime    Last Run               Last # of DB Queries
--------------------------------  -----  ---------  --------  ----------  --------------  -------------------  ----------------------
/opt/airflow/dags/weather_etl.py   1435  0.02s             1           0  2.50s           2026-09-14T16:08:10                      12
================================================================================
[2026-09-14T16:09:11.144+0000] {manager.py:997} INFO - 
================================================================================
DAG File Processing Stats

File Path                         PID    Runtime      # DAGs    # Errors  Last Runtime    Last Run               Last # of DB Queries
--------------------------------  -----  ---------  --------  ----------  --------------  -------------------  ----------------------
/opt/airflow/dags/weather_etl.py                           1           0  2.24s           2026-09-14T16:08:42                      12
================================================================================
[2026-09-14T16:09:41.636+0000] {manager.py:997} INFO - 
================================================================================
DAG File Processing Stats

File Path                         PID    Runtime      # DAGs    # Errors  Last Runtime    Last Run               Last # of DB Queries
--------------------------------  -----  ---------  --------  ----------  --------------  -------------------  ----------------------
/opt/airflow/dags/weather_etl.py                           1           0  2.15s           2026-09-14T16:09:15                      12
================================================================================
[2026-09-14T16:10:11.999+0000] {manager.py:997} INFO - 
================================================================================
DAG File Processing Stats

File Path                         PID    Runtime      # DAGs    # Errors  Last Runtime    Last Run               Last # of DB Queries
--------------------------------  -----  ---------  --------  ----------  --------------  -------------------  ----------------------
/opt/airflow/dags/weather_etl.py                           1           0  1.91s           2026-09-14T16:09:47                      12
================================================================================
[2026-09-14T16:10:42.354+0000] {manager.py:997} INFO - 
================================================================================
DAG File Processing Stats

File Path                         PID    Runtime      # DAGs    # Errors  Last Runtime    Last Run               Last # of DB Queries
--------------------------------  -----  ---------  --------  ----------  --------------  -------------------  ----------------------
/opt/airflow/dags/weather_etl.py                           1           0  1.90s           2026-09-14T16:10:20                      12
================================================================================
[2026-09-14T16:11:12.604+0000] {manager.py:997} INFO - 
================================================================================
DAG File Processing Stats

File Path                         PID    Runtime      # DAGs    # Errors  Last Runtime    Last Run               Last # of DB Queries
--------------------------------  -----  ---------  --------  ----------  --------------  -------------------  ----------------------
/opt/airflow/dags/weather_etl.py                           1           0  1.81s           2026-09-14T16:10:52                      12
================================================================================
[2026-09-14T16:11:42.827+0000] {manager.py:997} INFO - 
================================================================================
DAG File Processing Stats

File Path                         PID    Runtime      # DAGs    # Errors  Last Runtime    Last Run               Last # of DB Queries
--------------------------------  -----  ---------  --------  ----------  --------------  -------------------  ----------------------
/opt/airflow/dags/weather_etl.py                           1           0  1.79s           2026-09-14T16:11:24                      12
================================================================================
[2026-09-14T16:12:13.271+0000] {manager.py:997} INFO - 
================================================================================
DAG File Processing Stats

File Path                         PID    Runtime      # DAGs    # Errors  Last Runtime    Last Run               Last # of DB Queries
--------------------------------  -----  ---------  --------  ----------  --------------  -------------------  ----------------------
/opt/airflow/dags/weather_etl.py                           1           0  1.79s           2026-09-14T16:11:56                      12
================================================================================
[2026-09-14T16:12:43.722+0000] {manager.py:997} INFO - 
================================================================================
DAG File Processing Stats

File Path                         PID    Runtime      # DAGs    # Errors  Last Runtime    Last Run               Last # of DB Queries
--------------------------------  -----  ---------  --------  ----------  --------------  -------------------  ----------------------
/opt/airflow/dags/weather_etl.py                           1           0  1.80s           2026-09-14T16:12:28                      12
================================================================================
[2026-09-14T16:13:13.805+0000] {manager.py:997} INFO - 
================================================================================
DAG File Processing Stats

File Path                         PID    Runtime      # DAGs    # Errors  Last Runtime    Last Run               Last # of DB Queries
--------------------------------  -----  ---------  --------  ----------  --------------  -------------------  ----------------------
/opt/airflow/dags/weather_etl.py                           1           0  1.64s           2026-09-14T16:13:00                      12
================================================================================
[2026-09-14T16:13:21.485+0000] {manager.py:821} INFO - Searching for files in /opt/airflow/dags
[2026-09-14T16:13:21.551+0000] {manager.py:824} INFO - There are 1 files in /opt/airflow/dags
[2026-09-14T16:13:44.247+0000] {manager.py:997} INFO - 
================================================================================
DAG File Processing Stats

File Path                         PID    Runtime      # DAGs    # Errors  Last Runtime    Last Run               Last # of DB Queries
--------------------------------  -----  ---------  --------  ----------  --------------  -------------------  ----------------------
/opt/airflow/dags/weather_etl.py                           1           0  1.76s           2026-09-14T16:13:32                      12
================================================================================
[2026-09-14T16:14:14.636+0000] {manager.py:997} INFO - 
================================================================================
DAG File Processing Stats

File Path                         PID    Runtime      # DAGs    # Errors  Last Runtime    Last Run               Last # of DB Queries
--------------------------------  -----  ---------  --------  ----------  --------------  -------------------  ----------------------
/opt/airflow/dags/weather_etl.py                           1           0  1.91s           2026-09-14T16:14:04                      12
================================================================================
[2026-09-14T16:14:44.990+0000] {manager.py:997} INFO - 
================================================================================
DAG File Processing Stats

File Path                         PID    Runtime      # DAGs    # Errors  Last Runtime    Last Run               Last # of DB Queries
--------------------------------  -----  ---------  --------  ----------  --------------  -------------------  ----------------------
/opt/airflow/dags/weather_etl.py                           1           0  1.91s           2026-09-14T16:14:36                      12
================================================================================
[2026-09-14T16:15:15.448+0000] {manager.py:997} INFO - 
================================================================================
DAG File Processing Stats

File Path                         PID    Runtime      # DAGs    # Errors  Last Runtime    Last Run               Last # of DB Queries
--------------------------------  -----  ---------  --------  ----------  --------------  -------------------  ----------------------
/opt/airflow/dags/weather_etl.py                           1           0  1.79s           2026-09-14T16:15:08                      12
================================================================================
[2026-09-14T16:15:45.686+0000] {manager.py:997} INFO - 
================================================================================
DAG File Processing Stats

File Path                         PID    Runtime      # DAGs    # Errors  Last Runtime    Last Run               Last # of DB Queries
--------------------------------  -----  ---------  --------  ----------  --------------  -------------------  ----------------------
/opt/airflow/dags/weather_etl.py                           1           0  1.81s           2026-09-14T16:15:40                      12
================================================================================
[2026-09-14T16:16:15.794+0000] {manager.py:997} INFO - 
================================================================================
DAG File Processing Stats

File Path                         PID    Runtime      # DAGs    # Errors  Last Runtime    Last Run               Last # of DB Queries
--------------------------------  -----  ---------  --------  ----------  --------------  -------------------  ----------------------
/opt/airflow/dags/weather_etl.py                           1           0  1.69s           2026-09-14T16:16:12                      12
================================================================================
[2026-09-14T16:16:45.859+0000] {manager.py:997} INFO - 
================================================================================
DAG File Processing Stats

File Path                         PID    Runtime      # DAGs    # Errors  Last Runtime    Last Run               Last # of DB Queries
--------------------------------  -----  ---------  --------  ----------  --------------  -------------------  ----------------------
/opt/airflow/dags/weather_etl.py                           1           0  1.79s           2026-09-14T16:16:44                      12
================================================================================
[2026-09-14T16:17:16.376+0000] {manager.py:997} INFO - 
================================================================================
DAG File Processing Stats

File Path                           PID  Runtime      # DAGs    # Errors  Last Runtime    Last Run               Last # of DB Queries
--------------------------------  -----  ---------  --------  ----------  --------------  -------------------  ----------------------
/opt/airflow/dags/weather_etl.py   1531  1.04s             1           0  1.79s           2026-09-14T16:16:44                      12
================================================================================
[2026-09-14T16:17:46.841+0000] {manager.py:997} INFO - 
================================================================================
DAG File Processing Stats

File Path                         PID    Runtime      # DAGs    # Errors  Last Runtime    Last Run               Last # of DB Queries
--------------------------------  -----  ---------  --------  ----------  --------------  -------------------  ----------------------
/opt/airflow/dags/weather_etl.py                           1           0  2.05s           2026-09-14T16:17:17                      12
================================================================================
[2026-09-14T16:18:17.102+0000] {manager.py:997} INFO - 
================================================================================
DAG File Processing Stats

File Path                         PID    Runtime      # DAGs    # Errors  Last Runtime    Last Run               Last # of DB Queries
--------------------------------  -----  ---------  --------  ----------  --------------  -------------------  ----------------------
/opt/airflow/dags/weather_etl.py                           1           0  1.80s           2026-09-14T16:17:49                      12
================================================================================
[2026-09-14T16:18:21.653+0000] {manager.py:821} INFO - Searching for files in /opt/airflow/dags
[2026-09-14T16:18:21.722+0000] {manager.py:824} INFO - There are 1 files in /opt/airflow/dags
[2026-09-14T16:18:47.128+0000] {manager.py:997} INFO - 
================================================================================
DAG File Processing Stats

File Path                         PID    Runtime      # DAGs    # Errors  Last Runtime    Last Run               Last # of DB Queries
--------------------------------  -----  ---------  --------  ----------  --------------  -------------------  ----------------------
/opt/airflow/dags/weather_etl.py                           1           0  1.60s           2026-09-14T16:18:21                      12
================================================================================
[2026-09-14T16:19:17.405+0000] {manager.py:997} INFO - 
================================================================================
DAG File Processing Stats

File Path                         PID    Runtime      # DAGs    # Errors  Last Runtime    Last Run               Last # of DB Queries
--------------------------------  -----  ---------  --------  ----------  --------------  -------------------  ----------------------
/opt/airflow/dags/weather_etl.py                           1           0  1.84s           2026-09-14T16:18:54                      12
================================================================================
[2026-09-14T16:19:47.488+0000] {manager.py:997} INFO - 
================================================================================
DAG File Processing Stats

File Path                         PID    Runtime      # DAGs    # Errors  Last Runtime    Last Run               Last # of DB Queries
--------------------------------  -----  ---------  --------  ----------  --------------  -------------------  ----------------------
/opt/airflow/dags/weather_etl.py                           1           0  2.33s           2026-09-14T16:19:26                      12
================================================================================
[2026-09-14T16:20:17.725+0000] {manager.py:997} INFO - 
================================================================================
DAG File Processing Stats

File Path                         PID    Runtime      # DAGs    # Errors  Last Runtime    Last Run               Last # of DB Queries
--------------------------------  -----  ---------  --------  ----------  --------------  -------------------  ----------------------
/opt/airflow/dags/weather_etl.py                           1           0  1.81s           2026-09-14T16:19:58                      12
================================================================================
[2026-09-14T16:20:48.238+0000] {manager.py:997} INFO - 
================================================================================
DAG File Processing Stats

File Path                         PID    Runtime      # DAGs    # Errors  Last Runtime    Last Run               Last # of DB Queries
--------------------------------  -----  ---------  --------  ----------  --------------  -------------------  ----------------------
/opt/airflow/dags/weather_etl.py                           1           0  2.06s           2026-09-14T16:20:30                      12
================================================================================
[2026-09-14T16:21:18.750+0000] {manager.py:997} INFO - 
================================================================================
DAG File Processing Stats

File Path                         PID    Runtime      # DAGs    # Errors  Last Runtime    Last Run               Last # of DB Queries
--------------------------------  -----  ---------  --------  ----------  --------------  -------------------  ----------------------
/opt/airflow/dags/weather_etl.py                           1           0  2.19s           2026-09-14T16:21:03                      12
================================================================================
[2026-09-14T16:21:49.338+0000] {manager.py:997} INFO - 
================================================================================
DAG File Processing Stats

File Path                         PID    Runtime      # DAGs    # Errors  Last Runtime    Last Run               Last # of DB Queries
--------------------------------  -----  ---------  --------  ----------  --------------  -------------------  ----------------------
/opt/airflow/dags/weather_etl.py                           1           0  3.16s           2026-09-14T16:21:37                      12
================================================================================
[2026-09-14T16:22:19.797+0000] {manager.py:997} INFO - 
================================================================================
DAG File Processing Stats

File Path                         PID    Runtime      # DAGs    # Errors  Last Runtime    Last Run               Last # of DB Queries
--------------------------------  -----  ---------  --------  ----------  --------------  -------------------  ----------------------
/opt/airflow/dags/weather_etl.py                           1           0  1.98s           2026-09-14T16:22:09                      12
================================================================================
[2026-09-14T16:22:49.833+0000] {manager.py:997} INFO - 
================================================================================
DAG File Processing Stats

File Path                         PID    Runtime      # DAGs    # Errors  Last Runtime    Last Run               Last # of DB Queries
--------------------------------  -----  ---------  --------  ----------  --------------  -------------------  ----------------------
/opt/airflow/dags/weather_etl.py                           1           0  1.54s           2026-09-14T16:22:42                      12
================================================================================
[2026-09-14T16:23:20.267+0000] {manager.py:997} INFO - 
================================================================================
DAG File Processing Stats

File Path                         PID    Runtime      # DAGs    # Errors  Last Runtime    Last Run               Last # of DB Queries
--------------------------------  -----  ---------  --------  ----------  --------------  -------------------  ----------------------
/opt/airflow/dags/weather_etl.py                           1           0  1.58s           2026-09-14T16:23:14                      12
================================================================================
[2026-09-14T16:23:22.291+0000] {manager.py:821} INFO - Searching for files in /opt/airflow/dags
[2026-09-14T16:23:22.353+0000] {manager.py:824} INFO - There are 1 files in /opt/airflow/dags
[2026-09-14T16:23:50.863+0000] {manager.py:997} INFO - 
================================================================================
DAG File Processing Stats

File Path                         PID    Runtime      # DAGs    # Errors  Last Runtime    Last Run               Last # of DB Queries
--------------------------------  -----  ---------  --------  ----------  --------------  -------------------  ----------------------
/opt/airflow/dags/weather_etl.py                           1           0  1.42s           2026-09-14T16:23:46                      12
================================================================================
[2026-09-14T16:24:21.689+0000] {manager.py:997} INFO - 
================================================================================
DAG File Processing Stats

File Path                         PID    Runtime      # DAGs    # Errors  Last Runtime    Last Run               Last # of DB Queries
--------------------------------  -----  ---------  --------  ----------  --------------  -------------------  ----------------------
/opt/airflow/dags/weather_etl.py                           1           0  1.42s           2026-09-14T16:24:17                      12
================================================================================
[2026-09-14T16:24:51.716+0000] {manager.py:997} INFO - 
================================================================================
DAG File Processing Stats

File Path                         PID    Runtime      # DAGs    # Errors  Last Runtime    Last Run               Last # of DB Queries
--------------------------------  -----  ---------  --------  ----------  --------------  -------------------  ----------------------
/opt/airflow/dags/weather_etl.py                           1           0  1.53s           2026-09-14T16:24:49                      12
================================================================================
[2026-09-14T16:25:21.900+0000] {manager.py:997} INFO - 
================================================================================
DAG File Processing Stats

File Path                         PID    Runtime      # DAGs    # Errors  Last Runtime    Last Run               Last # of DB Queries
--------------------------------  -----  ---------  --------  ----------  --------------  -------------------  ----------------------
/opt/airflow/dags/weather_etl.py                           1           0  1.71s           2026-09-14T16:25:21                      12
================================================================================
[2026-09-14T16:25:52.164+0000] {manager.py:997} INFO - 
================================================================================
DAG File Processing Stats

File Path                           PID  Runtime      # DAGs    # Errors  Last Runtime    Last Run               Last # of DB Queries
--------------------------------  -----  ---------  --------  ----------  --------------  -------------------  ----------------------
/opt/airflow/dags/weather_etl.py   1644  0.01s             1           0  1.71s           2026-09-14T16:25:21                      12
================================================================================
[2026-09-14T16:26:22.267+0000] {manager.py:997} INFO - 
================================================================================
DAG File Processing Stats

File Path                         PID    Runtime      # DAGs    # Errors  Last Runtime    Last Run               Last # of DB Queries
--------------------------------  -----  ---------  --------  ----------  --------------  -------------------  ----------------------
/opt/airflow/dags/weather_etl.py                           1           0  1.65s           2026-09-14T16:25:53                      12
================================================================================
[2026-09-14T16:26:52.752+0000] {manager.py:997} INFO - 
================================================================================
DAG File Processing Stats

File Path                         PID    Runtime      # DAGs    # Errors  Last Runtime    Last Run               Last # of DB Queries
--------------------------------  -----  ---------  --------  ----------  --------------  -------------------  ----------------------
/opt/airflow/dags/weather_etl.py                           1           0  1.57s           2026-09-14T16:26:25                      12
================================================================================
[2026-09-14T16:27:23.354+0000] {manager.py:997} INFO - 
================================================================================
DAG File Processing Stats

File Path                         PID    Runtime      # DAGs    # Errors  Last Runtime    Last Run               Last # of DB Queries
--------------------------------  -----  ---------  --------  ----------  --------------  -------------------  ----------------------
/opt/airflow/dags/weather_etl.py                           1           0  1.49s           2026-09-14T16:26:57                      12
================================================================================
[2026-09-14T16:27:54.151+0000] {manager.py:997} INFO - 
================================================================================
DAG File Processing Stats

File Path                         PID    Runtime      # DAGs    # Errors  Last Runtime    Last Run               Last # of DB Queries
--------------------------------  -----  ---------  --------  ----------  --------------  -------------------  ----------------------
/opt/airflow/dags/weather_etl.py                           1           0  1.51s           2026-09-14T16:27:28                      12
================================================================================
[2026-09-14T16:28:22.708+0000] {manager.py:821} INFO - Searching for files in /opt/airflow/dags
[2026-09-14T16:28:22.771+0000] {manager.py:824} INFO - There are 1 files in /opt/airflow/dags
[2026-09-14T16:28:24.842+0000] {manager.py:997} INFO - 
================================================================================
DAG File Processing Stats

File Path                         PID    Runtime      # DAGs    # Errors  Last Runtime    Last Run               Last # of DB Queries
--------------------------------  -----  ---------  --------  ----------  --------------  -------------------  ----------------------
/opt/airflow/dags/weather_etl.py                           1           0  1.40s           2026-09-14T16:28:00                      12
================================================================================
[2026-09-14T16:28:55.449+0000] {manager.py:997} INFO - 
================================================================================
DAG File Processing Stats

File Path                         PID    Runtime      # DAGs    # Errors  Last Runtime    Last Run               Last # of DB Queries
--------------------------------  -----  ---------  --------  ----------  --------------  -------------------  ----------------------
/opt/airflow/dags/weather_etl.py                           1           0  1.47s           2026-09-14T16:28:32                      12
================================================================================
[2026-09-14T16:29:25.489+0000] {manager.py:997} INFO - 
================================================================================
DAG File Processing Stats

File Path                         PID    Runtime      # DAGs    # Errors  Last Runtime    Last Run               Last # of DB Queries
--------------------------------  -----  ---------  --------  ----------  --------------  -------------------  ----------------------
/opt/airflow/dags/weather_etl.py                           1           0  1.62s           2026-09-14T16:29:04                      12
================================================================================
[2026-09-14T16:29:56.064+0000] {manager.py:997} INFO - 
================================================================================
DAG File Processing Stats

File Path                         PID    Runtime      # DAGs    # Errors  Last Runtime    Last Run               Last # of DB Queries
--------------------------------  -----  ---------  --------  ----------  --------------  -------------------  ----------------------
/opt/airflow/dags/weather_etl.py                           1           0  1.45s           2026-09-14T16:29:35                      12
================================================================================
[2026-09-14T16:30:26.135+0000] {manager.py:997} INFO - 
================================================================================
DAG File Processing Stats

File Path                         PID    Runtime      # DAGs    # Errors  Last Runtime    Last Run               Last # of DB Queries
--------------------------------  -----  ---------  --------  ----------  --------------  -------------------  ----------------------
/opt/airflow/dags/weather_etl.py                           1           0  1.55s           2026-09-14T16:30:07                      12
================================================================================
[2026-09-14T16:30:56.316+0000] {manager.py:997} INFO - 
================================================================================
DAG File Processing Stats

File Path                         PID    Runtime      # DAGs    # Errors  Last Runtime    Last Run               Last # of DB Queries
--------------------------------  -----  ---------  --------  ----------  --------------  -------------------  ----------------------
/opt/airflow/dags/weather_etl.py                           1           0  1.74s           2026-09-14T16:30:40                      12
================================================================================
[2026-09-14T16:31:26.748+0000] {manager.py:997} INFO - 
================================================================================
DAG File Processing Stats

File Path                         PID    Runtime      # DAGs    # Errors  Last Runtime    Last Run               Last # of DB Queries
--------------------------------  -----  ---------  --------  ----------  --------------  -------------------  ----------------------
/opt/airflow/dags/weather_etl.py                           1           0  1.56s           2026-09-14T16:31:11                      12
================================================================================
[2026-09-14T16:31:56.849+0000] {manager.py:997} INFO - 
================================================================================
DAG File Processing Stats

File Path                         PID    Runtime      # DAGs    # Errors  Last Runtime    Last Run               Last # of DB Queries
--------------------------------  -----  ---------  --------  ----------  --------------  -------------------  ----------------------
/opt/airflow/dags/weather_etl.py                           1           0  1.62s           2026-09-14T16:31:43                      12
================================================================================
[2026-09-14T16:32:27.336+0000] {manager.py:997} INFO - 
================================================================================
DAG File Processing Stats

File Path                         PID    Runtime      # DAGs    # Errors  Last Runtime    Last Run               Last # of DB Queries
--------------------------------  -----  ---------  --------  ----------  --------------  -------------------  ----------------------
/opt/airflow/dags/weather_etl.py                           1           0  1.76s           2026-09-14T16:32:15                      12
================================================================================
[2026-09-14T16:32:57.800+0000] {manager.py:997} INFO - 
================================================================================
DAG File Processing Stats

File Path                         PID    Runtime      # DAGs    # Errors  Last Runtime    Last Run               Last # of DB Queries
--------------------------------  -----  ---------  --------  ----------  --------------  -------------------  ----------------------
/opt/airflow/dags/weather_etl.py                           1           0  1.57s           2026-09-14T16:32:47                      12
================================================================================
[2026-09-14T16:33:22.708+0000] {manager.py:821} INFO - Searching for files in /opt/airflow/dags
[2026-09-14T16:33:22.776+0000] {manager.py:824} INFO - There are 1 files in /opt/airflow/dags
[2026-09-14T16:33:27.894+0000] {manager.py:997} INFO - 
================================================================================
DAG File Processing Stats

File Path                         PID    Runtime      # DAGs    # Errors  Last Runtime    Last Run               Last # of DB Queries
--------------------------------  -----  ---------  --------  ----------  --------------  -------------------  ----------------------
/opt/airflow/dags/weather_etl.py                           1           0  1.48s           2026-09-14T16:33:19                      12
================================================================================
[2026-09-14T16:33:58.267+0000] {manager.py:997} INFO - 
================================================================================
DAG File Processing Stats

File Path                         PID    Runtime      # DAGs    # Errors  Last Runtime    Last Run               Last # of DB Queries
--------------------------------  -----  ---------  --------  ----------  --------------  -------------------  ----------------------
/opt/airflow/dags/weather_etl.py                           1           0  1.45s           2026-09-14T16:33:51                      12
================================================================================
[2026-09-14T16:34:28.718+0000] {manager.py:997} INFO - 
================================================================================
DAG File Processing Stats

File Path                         PID    Runtime      # DAGs    # Errors  Last Runtime    Last Run               Last # of DB Queries
--------------------------------  -----  ---------  --------  ----------  --------------  -------------------  ----------------------
/opt/airflow/dags/weather_etl.py                           1           0  1.67s           2026-09-14T16:34:22                      12
================================================================================
[2026-09-14T16:34:59.448+0000] {manager.py:997} INFO - 
================================================================================
DAG File Processing Stats

File Path                         PID    Runtime      # DAGs    # Errors  Last Runtime    Last Run               Last # of DB Queries
--------------------------------  -----  ---------  --------  ----------  --------------  -------------------  ----------------------
/opt/airflow/dags/weather_etl.py                           1           0  1.53s           2026-09-14T16:34:54                      12
================================================================================
[2026-09-14T16:35:29.692+0000] {manager.py:997} INFO - 
================================================================================
DAG File Processing Stats

File Path                         PID    Runtime      # DAGs    # Errors  Last Runtime    Last Run               Last # of DB Queries
--------------------------------  -----  ---------  --------  ----------  --------------  -------------------  ----------------------
/opt/airflow/dags/weather_etl.py                           1           0  1.73s           2026-09-14T16:35:26                      12
================================================================================
[2026-09-14T16:36:00.022+0000] {manager.py:997} INFO - 
================================================================================
DAG File Processing Stats

File Path                         PID    Runtime      # DAGs    # Errors  Last Runtime    Last Run               Last # of DB Queries
--------------------------------  -----  ---------  --------  ----------  --------------  -------------------  ----------------------
/opt/airflow/dags/weather_etl.py                           1           0  1.88s           2026-09-14T16:35:58                      12
================================================================================
[2026-09-14T16:36:30.168+0000] {manager.py:997} INFO - 
================================================================================
DAG File Processing Stats

File Path                           PID  Runtime      # DAGs    # Errors  Last Runtime    Last Run               Last # of DB Queries
--------------------------------  -----  ---------  --------  ----------  --------------  -------------------  ----------------------
/opt/airflow/dags/weather_etl.py   1764  1.03s             1           0  1.88s           2026-09-14T16:35:58                      12
================================================================================
[2026-09-14T16:37:00.305+0000] {manager.py:997} INFO - 
================================================================================
DAG File Processing Stats

File Path                         PID    Runtime      # DAGs    # Errors  Last Runtime    Last Run               Last # of DB Queries
--------------------------------  -----  ---------  --------  ----------  --------------  -------------------  ----------------------
/opt/airflow/dags/weather_etl.py                           1           0  1.75s           2026-09-14T16:36:30                      12
================================================================================
[2026-09-14T16:37:30.755+0000] {manager.py:997} INFO - 
================================================================================
DAG File Processing Stats

File Path                         PID    Runtime      # DAGs    # Errors  Last Runtime    Last Run               Last # of DB Queries
--------------------------------  -----  ---------  --------  ----------  --------------  -------------------  ----------------------
/opt/airflow/dags/weather_etl.py                           1           0  1.40s           2026-09-14T16:37:02                      12
================================================================================
[2026-09-14T16:38:01.254+0000] {manager.py:997} INFO - 
================================================================================
DAG File Processing Stats

File Path                         PID    Runtime      # DAGs    # Errors  Last Runtime    Last Run               Last # of DB Queries
--------------------------------  -----  ---------  --------  ----------  --------------  -------------------  ----------------------
/opt/airflow/dags/weather_etl.py                           1           0  1.37s           2026-09-14T16:37:34                      12
================================================================================
[2026-09-14T16:38:22.864+0000] {manager.py:821} INFO - Searching for files in /opt/airflow/dags
[2026-09-14T16:38:22.933+0000] {manager.py:824} INFO - There are 1 files in /opt/airflow/dags
[2026-09-14T16:38:31.282+0000] {manager.py:997} INFO - 
================================================================================
DAG File Processing Stats

File Path                         PID    Runtime      # DAGs    # Errors  Last Runtime    Last Run               Last # of DB Queries
--------------------------------  -----  ---------  --------  ----------  --------------  -------------------  ----------------------
/opt/airflow/dags/weather_etl.py                           1           0  1.59s           2026-09-14T16:38:05                      12
================================================================================
[2026-09-14T16:39:01.772+0000] {manager.py:997} INFO - 
================================================================================
DAG File Processing Stats

File Path                         PID    Runtime      # DAGs    # Errors  Last Runtime    Last Run               Last # of DB Queries
--------------------------------  -----  ---------  --------  ----------  --------------  -------------------  ----------------------
/opt/airflow/dags/weather_etl.py                           1           0  1.60s           2026-09-14T16:38:37                      12
================================================================================
[2026-09-14T16:39:32.073+0000] {manager.py:997} INFO - 
================================================================================
DAG File Processing Stats

File Path                         PID    Runtime      # DAGs    # Errors  Last Runtime    Last Run               Last # of DB Queries
--------------------------------  -----  ---------  --------  ----------  --------------  -------------------  ----------------------
/opt/airflow/dags/weather_etl.py                           1           0  1.85s           2026-09-14T16:39:09                      12
================================================================================
[2026-09-14T16:40:02.113+0000] {manager.py:997} INFO - 
================================================================================
DAG File Processing Stats

File Path                         PID    Runtime      # DAGs    # Errors  Last Runtime    Last Run               Last # of DB Queries
--------------------------------  -----  ---------  --------  ----------  --------------  -------------------  ----------------------
/opt/airflow/dags/weather_etl.py                           1           0  1.89s           2026-09-14T16:39:41                      12
================================================================================
[2026-09-14T16:40:32.655+0000] {manager.py:997} INFO - 
================================================================================
DAG File Processing Stats

File Path                         PID    Runtime      # DAGs    # Errors  Last Runtime    Last Run               Last # of DB Queries
--------------------------------  -----  ---------  --------  ----------  --------------  -------------------  ----------------------
/opt/airflow/dags/weather_etl.py                           1           0  2.05s           2026-09-14T16:40:14                      12
================================================================================
[2026-09-14T16:41:02.657+0000] {manager.py:997} INFO - 
================================================================================
DAG File Processing Stats

File Path                         PID    Runtime      # DAGs    # Errors  Last Runtime    Last Run               Last # of DB Queries
--------------------------------  -----  ---------  --------  ----------  --------------  -------------------  ----------------------
/opt/airflow/dags/weather_etl.py                           1           0  1.56s           2026-09-14T16:40:46                      12
================================================================================
[2026-09-14T16:41:33.125+0000] {manager.py:997} INFO - 
================================================================================
DAG File Processing Stats

File Path                         PID    Runtime      # DAGs    # Errors  Last Runtime    Last Run               Last # of DB Queries
--------------------------------  -----  ---------  --------  ----------  --------------  -------------------  ----------------------
/opt/airflow/dags/weather_etl.py                           1           0  1.51s           2026-09-14T16:41:18                      12
================================================================================
[2026-09-14T16:42:03.598+0000] {manager.py:997} INFO - 
================================================================================
DAG File Processing Stats

File Path                         PID    Runtime      # DAGs    # Errors  Last Runtime    Last Run               Last # of DB Queries
--------------------------------  -----  ---------  --------  ----------  --------------  -------------------  ----------------------
/opt/airflow/dags/weather_etl.py                           1           0  1.61s           2026-09-14T16:41:50                      12
================================================================================
[2026-09-14T16:42:33.754+0000] {manager.py:997} INFO - 
================================================================================
DAG File Processing Stats

File Path                         PID    Runtime      # DAGs    # Errors  Last Runtime    Last Run               Last # of DB Queries
--------------------------------  -----  ---------  --------  ----------  --------------  -------------------  ----------------------
/opt/airflow/dags/weather_etl.py                           1           0  1.67s           2026-09-14T16:42:22                      12
================================================================================
[2026-09-14T16:43:03.806+0000] {manager.py:997} INFO - 
================================================================================
DAG File Processing Stats

File Path                         PID    Runtime      # DAGs    # Errors  Last Runtime    Last Run               Last # of DB Queries
--------------------------------  -----  ---------  --------  ----------  --------------  -------------------  ----------------------
/opt/airflow/dags/weather_etl.py                           1           0  1.60s           2026-09-14T16:42:54                      12
================================================================================
[2026-09-14T16:43:23.040+0000] {manager.py:821} INFO - Searching for files in /opt/airflow/dags
[2026-09-14T16:43:23.128+0000] {manager.py:824} INFO - There are 1 files in /opt/airflow/dags
[2026-09-14T16:43:33.998+0000] {manager.py:997} INFO - 
================================================================================
DAG File Processing Stats

File Path                         PID    Runtime      # DAGs    # Errors  Last Runtime    Last Run               Last # of DB Queries
--------------------------------  -----  ---------  --------  ----------  --------------  -------------------  ----------------------
/opt/airflow/dags/weather_etl.py                           1           0  1.63s           2026-09-14T16:43:26                      12
================================================================================
[2026-09-14T16:44:04.575+0000] {manager.py:997} INFO - 
================================================================================
DAG File Processing Stats

File Path                         PID    Runtime      # DAGs    # Errors  Last Runtime    Last Run               Last # of DB Queries
--------------------------------  -----  ---------  --------  ----------  --------------  -------------------  ----------------------
/opt/airflow/dags/weather_etl.py                           1           0  1.79s           2026-09-14T16:43:58                      12
================================================================================
[2026-09-14T16:44:34.741+0000] {manager.py:997} INFO - 
================================================================================
DAG File Processing Stats

File Path                         PID    Runtime      # DAGs    # Errors  Last Runtime    Last Run               Last # of DB Queries
--------------------------------  -----  ---------  --------  ----------  --------------  -------------------  ----------------------
/opt/airflow/dags/weather_etl.py                           1           0  2.61s           2026-09-14T16:44:31                      12
================================================================================
[2026-09-14T16:45:04.888+0000] {manager.py:997} INFO - 
================================================================================
DAG File Processing Stats

File Path                         PID    Runtime      # DAGs    # Errors  Last Runtime    Last Run               Last # of DB Queries
--------------------------------  -----  ---------  --------  ----------  --------------  -------------------  ----------------------
/opt/airflow/dags/weather_etl.py                           1           0  1.96s           2026-09-14T16:45:03                      12
================================================================================
[2026-09-14T16:45:35.404+0000] {manager.py:997} INFO - 
================================================================================
DAG File Processing Stats

File Path                           PID  Runtime      # DAGs    # Errors  Last Runtime    Last Run               Last # of DB Queries
--------------------------------  -----  ---------  --------  ----------  --------------  -------------------  ----------------------
/opt/airflow/dags/weather_etl.py   1866  1.03s             1           0  1.96s           2026-09-14T16:45:03                      12
================================================================================
[2026-09-14T16:46:06.103+0000] {manager.py:997} INFO - 
================================================================================
DAG File Processing Stats

File Path                           PID  Runtime      # DAGs    # Errors  Last Runtime    Last Run               Last # of DB Queries
--------------------------------  -----  ---------  --------  ----------  --------------  -------------------  ----------------------
/opt/airflow/dags/weather_etl.py   1872  0.01s             1           0  1.49s           2026-09-14T16:45:35                      12
================================================================================
[2026-09-14T16:46:36.748+0000] {manager.py:997} INFO - 
================================================================================
DAG File Processing Stats

File Path                         PID    Runtime      # DAGs    # Errors  Last Runtime    Last Run               Last # of DB Queries
--------------------------------  -----  ---------  --------  ----------  --------------  -------------------  ----------------------
/opt/airflow/dags/weather_etl.py                           1           0  1.44s           2026-09-14T16:46:07                      12
================================================================================
[2026-09-14T16:47:07.433+0000] {manager.py:997} INFO - 
================================================================================
DAG File Processing Stats

File Path                         PID    Runtime      # DAGs    # Errors  Last Runtime    Last Run               Last # of DB Queries
--------------------------------  -----  ---------  --------  ----------  --------------  -------------------  ----------------------
/opt/airflow/dags/weather_etl.py                           1           0  1.43s           2026-09-14T16:46:39                      12
================================================================================
[2026-09-14T16:47:37.700+0000] {manager.py:997} INFO - 
================================================================================
DAG File Processing Stats

File Path                         PID    Runtime      # DAGs    # Errors  Last Runtime    Last Run               Last # of DB Queries
--------------------------------  -----  ---------  --------  ----------  --------------  -------------------  ----------------------
/opt/airflow/dags/weather_etl.py                           1           0  1.80s           2026-09-14T16:47:11                      12
================================================================================
[2026-09-14T16:48:08.184+0000] {manager.py:997} INFO - 
================================================================================
DAG File Processing Stats

File Path                         PID    Runtime      # DAGs    # Errors  Last Runtime    Last Run               Last # of DB Queries
--------------------------------  -----  ---------  --------  ----------  --------------  -------------------  ----------------------
/opt/airflow/dags/weather_etl.py                           1           0  1.29s           2026-09-14T16:47:43                      12
================================================================================
[2026-09-14T16:48:23.231+0000] {manager.py:821} INFO - Searching for files in /opt/airflow/dags
[2026-09-14T16:48:23.302+0000] {manager.py:824} INFO - There are 1 files in /opt/airflow/dags
[2026-09-14T16:48:38.583+0000] {manager.py:997} INFO - 
================================================================================
DAG File Processing Stats

File Path                         PID    Runtime      # DAGs    # Errors  Last Runtime    Last Run               Last # of DB Queries
--------------------------------  -----  ---------  --------  ----------  --------------  -------------------  ----------------------
/opt/airflow/dags/weather_etl.py                           1           0  1.80s           2026-09-14T16:48:15                      12
================================================================================
[2026-09-14T16:49:08.807+0000] {manager.py:997} INFO - 
================================================================================
DAG File Processing Stats

File Path                         PID    Runtime      # DAGs    # Errors  Last Runtime    Last Run               Last # of DB Queries
--------------------------------  -----  ---------  --------  ----------  --------------  -------------------  ----------------------
/opt/airflow/dags/weather_etl.py                           1           0  1.77s           2026-09-14T16:48:47                      12
================================================================================
[2026-09-14T16:49:39.266+0000] {manager.py:997} INFO - 
================================================================================
DAG File Processing Stats

File Path                         PID    Runtime      # DAGs    # Errors  Last Runtime    Last Run               Last # of DB Queries
--------------------------------  -----  ---------  --------  ----------  --------------  -------------------  ----------------------
/opt/airflow/dags/weather_etl.py                           1           0  1.29s           2026-09-14T16:49:19                      12
================================================================================
[2026-09-14T16:50:09.985+0000] {manager.py:997} INFO - 
================================================================================
DAG File Processing Stats

File Path                         PID    Runtime      # DAGs    # Errors  Last Runtime    Last Run               Last # of DB Queries
--------------------------------  -----  ---------  --------  ----------  --------------  -------------------  ----------------------
/opt/airflow/dags/weather_etl.py                           1           0  1.37s           2026-09-14T16:49:50                      12
================================================================================
[2026-09-14T16:50:40.127+0000] {manager.py:997} INFO - 
================================================================================
DAG File Processing Stats

File Path                         PID    Runtime      # DAGs    # Errors  Last Runtime    Last Run               Last # of DB Queries
--------------------------------  -----  ---------  --------  ----------  --------------  -------------------  ----------------------
/opt/airflow/dags/weather_etl.py                           1           0  1.67s           2026-09-14T16:50:22                      12
================================================================================
[2026-09-14T16:51:11.000+0000] {manager.py:997} INFO - 
================================================================================
DAG File Processing Stats

File Path                         PID    Runtime      # DAGs    # Errors  Last Runtime    Last Run               Last # of DB Queries
--------------------------------  -----  ---------  --------  ----------  --------------  -------------------  ----------------------
/opt/airflow/dags/weather_etl.py                           1           0  1.43s           2026-09-14T16:50:54                      12
================================================================================
[2026-09-14T16:51:41.118+0000] {manager.py:997} INFO - 
================================================================================
DAG File Processing Stats

File Path                         PID    Runtime      # DAGs    # Errors  Last Runtime    Last Run               Last # of DB Queries
--------------------------------  -----  ---------  --------  ----------  --------------  -------------------  ----------------------
/opt/airflow/dags/weather_etl.py                           1           0  1.65s           2026-09-14T16:51:26                      12
================================================================================
[2026-09-14T16:52:11.640+0000] {manager.py:997} INFO - 
================================================================================
DAG File Processing Stats

File Path                         PID    Runtime      # DAGs    # Errors  Last Runtime    Last Run               Last # of DB Queries
--------------------------------  -----  ---------  --------  ----------  --------------  -------------------  ----------------------
/opt/airflow/dags/weather_etl.py                           1           0  1.52s           2026-09-14T16:51:58                      12
================================================================================
[2026-09-14T16:52:41.764+0000] {manager.py:997} INFO - 
================================================================================
DAG File Processing Stats

File Path                         PID    Runtime      # DAGs    # Errors  Last Runtime    Last Run               Last # of DB Queries
--------------------------------  -----  ---------  --------  ----------  --------------  -------------------  ----------------------
/opt/airflow/dags/weather_etl.py                           1           0  1.67s           2026-09-14T16:52:30                      12
================================================================================
[2026-09-14T16:53:11.823+0000] {manager.py:997} INFO - 
================================================================================
DAG File Processing Stats

File Path                         PID    Runtime      # DAGs    # Errors  Last Runtime    Last Run               Last # of DB Queries
--------------------------------  -----  ---------  --------  ----------  --------------  -------------------  ----------------------
/opt/airflow/dags/weather_etl.py                           1           0  1.62s           2026-09-14T16:53:02                      12
================================================================================
[2026-09-14T16:53:23.752+0000] {manager.py:821} INFO - Searching for files in /opt/airflow/dags
[2026-09-14T16:53:23.818+0000] {manager.py:824} INFO - There are 1 files in /opt/airflow/dags
[2026-09-14T16:53:42.246+0000] {manager.py:997} INFO - 
================================================================================
DAG File Processing Stats

File Path                         PID    Runtime      # DAGs    # Errors  Last Runtime    Last Run               Last # of DB Queries
--------------------------------  -----  ---------  --------  ----------  --------------  -------------------  ----------------------
/opt/airflow/dags/weather_etl.py                           1           0  1.46s           2026-09-14T16:53:34                      12
================================================================================
[2026-09-14T16:54:13.106+0000] {manager.py:997} INFO - 
================================================================================
DAG File Processing Stats

File Path                         PID    Runtime      # DAGs    # Errors  Last Runtime    Last Run               Last # of DB Queries
--------------------------------  -----  ---------  --------  ----------  --------------  -------------------  ----------------------
/opt/airflow/dags/weather_etl.py                           1           0  1.47s           2026-09-14T16:54:06                      12
================================================================================
[2026-09-14T16:54:43.572+0000] {manager.py:997} INFO - 
================================================================================
DAG File Processing Stats

File Path                         PID    Runtime      # DAGs    # Errors  Last Runtime    Last Run               Last # of DB Queries
--------------------------------  -----  ---------  --------  ----------  --------------  -------------------  ----------------------
/opt/airflow/dags/weather_etl.py                           1           0  1.30s           2026-09-14T16:54:37                      12
================================================================================
[2026-09-14T16:55:14.254+0000] {manager.py:997} INFO - 
================================================================================
DAG File Processing Stats

File Path                         PID    Runtime      # DAGs    # Errors  Last Runtime    Last Run               Last # of DB Queries
--------------------------------  -----  ---------  --------  ----------  --------------  -------------------  ----------------------
/opt/airflow/dags/weather_etl.py                           1           0  1.40s           2026-09-14T16:55:09                      12
================================================================================
[2026-09-14T16:55:44.839+0000] {manager.py:997} INFO - 
================================================================================
DAG File Processing Stats

File Path                         PID    Runtime      # DAGs    # Errors  Last Runtime    Last Run               Last # of DB Queries
--------------------------------  -----  ---------  --------  ----------  --------------  -------------------  ----------------------
/opt/airflow/dags/weather_etl.py                           1           0  1.36s           2026-09-14T16:55:40                      12
================================================================================
[2026-09-14T16:56:15.471+0000] {manager.py:997} INFO - 
================================================================================
DAG File Processing Stats

File Path                         PID    Runtime      # DAGs    # Errors  Last Runtime    Last Run               Last # of DB Queries
--------------------------------  -----  ---------  --------  ----------  --------------  -------------------  ----------------------
/opt/airflow/dags/weather_etl.py                           1           0  1.33s           2026-09-14T16:56:12                      12
================================================================================
[2026-09-14T16:56:46.094+0000] {manager.py:997} INFO - 
================================================================================
DAG File Processing Stats

File Path                         PID    Runtime      # DAGs    # Errors  Last Runtime    Last Run               Last # of DB Queries
--------------------------------  -----  ---------  --------  ----------  --------------  -------------------  ----------------------
/opt/airflow/dags/weather_etl.py                           1           0  1.39s           2026-09-14T16:56:44                      12
================================================================================
[2026-09-14T16:57:16.729+0000] {manager.py:997} INFO - 
================================================================================
DAG File Processing Stats

File Path                         PID    Runtime      # DAGs    # Errors  Last Runtime    Last Run               Last # of DB Queries
--------------------------------  -----  ---------  --------  ----------  --------------  -------------------  ----------------------
/opt/airflow/dags/weather_etl.py                           1           0  1.35s           2026-09-14T16:57:15                      12
================================================================================
[2026-09-14T16:57:47.191+0000] {manager.py:997} INFO - 
================================================================================
DAG File Processing Stats

File Path                           PID  Runtime      # DAGs    # Errors  Last Runtime    Last Run               Last # of DB Queries
--------------------------------  -----  ---------  --------  ----------  --------------  -------------------  ----------------------
/opt/airflow/dags/weather_etl.py   2004  1.03s             1           0  1.35s           2026-09-14T16:57:15                      12
================================================================================
[2026-09-14T16:58:17.856+0000] {manager.py:997} INFO - 
================================================================================
DAG File Processing Stats

File Path                           PID  Runtime      # DAGs    # Errors  Last Runtime    Last Run               Last # of DB Queries
--------------------------------  -----  ---------  --------  ----------  --------------  -------------------  ----------------------
/opt/airflow/dags/weather_etl.py   2010  0.01s             1           0  1.48s           2026-09-14T16:57:47                      12
================================================================================
[2026-09-14T16:58:24.145+0000] {manager.py:821} INFO - Searching for files in /opt/airflow/dags
[2026-09-14T16:58:24.203+0000] {manager.py:824} INFO - There are 1 files in /opt/airflow/dags
[2026-09-14T16:58:48.575+0000] {manager.py:997} INFO - 
================================================================================
DAG File Processing Stats

File Path                         PID    Runtime      # DAGs    # Errors  Last Runtime    Last Run               Last # of DB Queries
--------------------------------  -----  ---------  --------  ----------  --------------  -------------------  ----------------------
/opt/airflow/dags/weather_etl.py                           1           0  1.56s           2026-09-14T16:58:19                      12
================================================================================
[2026-09-14T16:59:19.240+0000] {manager.py:997} INFO - 
================================================================================
DAG File Processing Stats

File Path                         PID    Runtime      # DAGs    # Errors  Last Runtime    Last Run               Last # of DB Queries
--------------------------------  -----  ---------  --------  ----------  --------------  -------------------  ----------------------
/opt/airflow/dags/weather_etl.py                           1           0  1.32s           2026-09-14T16:58:50                      12
================================================================================
[2026-09-14T16:59:49.746+0000] {manager.py:997} INFO - 
================================================================================
DAG File Processing Stats

File Path                         PID    Runtime      # DAGs    # Errors  Last Runtime    Last Run               Last # of DB Queries
--------------------------------  -----  ---------  --------  ----------  --------------  -------------------  ----------------------
/opt/airflow/dags/weather_etl.py                           1           0  1.35s           2026-09-14T16:59:22                      12
================================================================================
[2026-09-14T17:00:20.453+0000] {manager.py:997} INFO - 
================================================================================
DAG File Processing Stats

File Path                         PID    Runtime      # DAGs    # Errors  Last Runtime    Last Run               Last # of DB Queries
--------------------------------  -----  ---------  --------  ----------  --------------  -------------------  ----------------------
/opt/airflow/dags/weather_etl.py                           1           0  1.38s           2026-09-14T16:59:54                      12
================================================================================
[2026-09-14T17:00:50.977+0000] {manager.py:997} INFO - 
================================================================================
DAG File Processing Stats

File Path                         PID    Runtime      # DAGs    # Errors  Last Runtime    Last Run               Last # of DB Queries
--------------------------------  -----  ---------  --------  ----------  --------------  -------------------  ----------------------
/opt/airflow/dags/weather_etl.py                           1           0  1.51s           2026-09-14T17:00:26                      12
================================================================================
[2026-09-14T17:01:21.125+0000] {manager.py:997} INFO - 
================================================================================
DAG File Processing Stats

File Path                         PID    Runtime      # DAGs    # Errors  Last Runtime    Last Run               Last # of DB Queries
--------------------------------  -----  ---------  --------  ----------  --------------  -------------------  ----------------------
/opt/airflow/dags/weather_etl.py                           1           0  1.33s           2026-09-14T17:00:57                      12
================================================================================
[2026-09-14T17:01:51.553+0000] {manager.py:997} INFO - 
================================================================================
DAG File Processing Stats

File Path                         PID    Runtime      # DAGs    # Errors  Last Runtime    Last Run               Last # of DB Queries
--------------------------------  -----  ---------  --------  ----------  --------------  -------------------  ----------------------
/opt/airflow/dags/weather_etl.py                           1           0  1.39s           2026-09-14T17:01:29                      12
================================================================================
[2026-09-14T17:02:22.093+0000] {manager.py:997} INFO - 
================================================================================
DAG File Processing Stats

File Path                         PID    Runtime      # DAGs    # Errors  Last Runtime    Last Run               Last # of DB Queries
--------------------------------  -----  ---------  --------  ----------  --------------  -------------------  ----------------------
/opt/airflow/dags/weather_etl.py                           1           0  1.31s           2026-09-14T17:02:01                      12
================================================================================
[2026-09-14T17:02:52.713+0000] {manager.py:997} INFO - 
================================================================================
DAG File Processing Stats

File Path                         PID    Runtime      # DAGs    # Errors  Last Runtime    Last Run               Last # of DB Queries
--------------------------------  -----  ---------  --------  ----------  --------------  -------------------  ----------------------
/opt/airflow/dags/weather_etl.py                           1           0  1.34s           2026-09-14T17:02:32                      12
================================================================================
[2026-09-14T17:03:23.293+0000] {manager.py:997} INFO - 
================================================================================
DAG File Processing Stats

File Path                         PID    Runtime      # DAGs    # Errors  Last Runtime    Last Run               Last # of DB Queries
--------------------------------  -----  ---------  --------  ----------  --------------  -------------------  ----------------------
/opt/airflow/dags/weather_etl.py                           1           0  1.38s           2026-09-14T17:03:04                      12
================================================================================
[2026-09-14T17:03:24.301+0000] {manager.py:821} INFO - Searching for files in /opt/airflow/dags
[2026-09-14T17:03:24.363+0000] {manager.py:824} INFO - There are 1 files in /opt/airflow/dags
[2026-09-14T17:03:53.944+0000] {manager.py:997} INFO - 
================================================================================
DAG File Processing Stats

File Path                         PID    Runtime      # DAGs    # Errors  Last Runtime    Last Run               Last # of DB Queries
--------------------------------  -----  ---------  --------  ----------  --------------  -------------------  ----------------------
/opt/airflow/dags/weather_etl.py                           1           0  1.38s           2026-09-14T17:03:35                      12
================================================================================
[2026-09-14T17:04:24.614+0000] {manager.py:997} INFO - 
================================================================================
DAG File Processing Stats

File Path                         PID    Runtime      # DAGs    # Errors  Last Runtime    Last Run               Last # of DB Queries
--------------------------------  -----  ---------  --------  ----------  --------------  -------------------  ----------------------
/opt/airflow/dags/weather_etl.py                           1           0  1.43s           2026-09-14T17:04:07                      12
================================================================================
[2026-09-14T17:04:55.227+0000] {manager.py:997} INFO - 
================================================================================
DAG File Processing Stats

File Path                         PID    Runtime      # DAGs    # Errors  Last Runtime    Last Run               Last # of DB Queries
--------------------------------  -----  ---------  --------  ----------  --------------  -------------------  ----------------------
/opt/airflow/dags/weather_etl.py                           1           0  1.46s           2026-09-14T17:04:39                      12
================================================================================
[2026-09-14T17:05:25.919+0000] {manager.py:997} INFO - 
================================================================================
DAG File Processing Stats

File Path                         PID    Runtime      # DAGs    # Errors  Last Runtime    Last Run               Last # of DB Queries
--------------------------------  -----  ---------  --------  ----------  --------------  -------------------  ----------------------
/opt/airflow/dags/weather_etl.py                           1           0  1.43s           2026-09-14T17:05:10                      12
================================================================================
[2026-09-14T17:05:55.947+0000] {manager.py:997} INFO - 
================================================================================
DAG File Processing Stats

File Path                         PID    Runtime      # DAGs    # Errors  Last Runtime    Last Run               Last # of DB Queries
--------------------------------  -----  ---------  --------  ----------  --------------  -------------------  ----------------------
/opt/airflow/dags/weather_etl.py                           1           0  1.60s           2026-09-14T17:05:42                      12
================================================================================
[2026-09-14T17:06:26.410+0000] {manager.py:997} INFO - 
================================================================================
DAG File Processing Stats

File Path                         PID    Runtime      # DAGs    # Errors  Last Runtime    Last Run               Last # of DB Queries
--------------------------------  -----  ---------  --------  ----------  --------------  -------------------  ----------------------
/opt/airflow/dags/weather_etl.py                           1           0  1.28s           2026-09-14T17:06:14                      12
================================================================================
[2026-09-14T17:06:57.082+0000] {manager.py:997} INFO - 
================================================================================
DAG File Processing Stats

File Path                         PID    Runtime      # DAGs    # Errors  Last Runtime    Last Run               Last # of DB Queries
--------------------------------  -----  ---------  --------  ----------  --------------  -------------------  ----------------------
/opt/airflow/dags/weather_etl.py                           1           0  1.33s           2026-09-14T17:06:46                      12
================================================================================
[2026-09-14T17:07:27.587+0000] {manager.py:997} INFO - 
================================================================================
DAG File Processing Stats

File Path                         PID    Runtime      # DAGs    # Errors  Last Runtime    Last Run               Last # of DB Queries
--------------------------------  -----  ---------  --------  ----------  --------------  -------------------  ----------------------
/opt/airflow/dags/weather_etl.py                           1           0  1.53s           2026-09-14T17:07:17                      12
================================================================================
[2026-09-14T17:07:57.745+0000] {manager.py:997} INFO - 
================================================================================
DAG File Processing Stats

File Path                         PID    Runtime      # DAGs    # Errors  Last Runtime    Last Run               Last # of DB Queries
--------------------------------  -----  ---------  --------  ----------  --------------  -------------------  ----------------------
/opt/airflow/dags/weather_etl.py                           1           0  1.28s           2026-09-14T17:07:49                      12
================================================================================
[2026-09-14T17:08:24.342+0000] {manager.py:821} INFO - Searching for files in /opt/airflow/dags
[2026-09-14T17:08:24.400+0000] {manager.py:824} INFO - There are 1 files in /opt/airflow/dags
[2026-09-14T17:08:28.176+0000] {manager.py:997} INFO - 
================================================================================
DAG File Processing Stats

File Path                         PID    Runtime      # DAGs    # Errors  Last Runtime    Last Run               Last # of DB Queries
--------------------------------  -----  ---------  --------  ----------  --------------  -------------------  ----------------------
/opt/airflow/dags/weather_etl.py                           1           0  1.48s           2026-09-14T17:08:21                      12
================================================================================
[2026-09-14T17:08:58.617+0000] {manager.py:997} INFO - 
================================================================================
DAG File Processing Stats

File Path                         PID    Runtime      # DAGs    # Errors  Last Runtime    Last Run               Last # of DB Queries
--------------------------------  -----  ---------  --------  ----------  --------------  -------------------  ----------------------
/opt/airflow/dags/weather_etl.py                           1           0  1.27s           2026-09-14T17:08:52                      12
================================================================================
[2026-09-14T17:09:29.281+0000] {manager.py:997} INFO - 
================================================================================
DAG File Processing Stats

File Path                         PID    Runtime      # DAGs    # Errors  Last Runtime    Last Run               Last # of DB Queries
--------------------------------  -----  ---------  --------  ----------  --------------  -------------------  ----------------------
/opt/airflow/dags/weather_etl.py                           1           0  1.43s           2026-09-14T17:09:24                      12
================================================================================
[2026-09-14T17:09:59.911+0000] {manager.py:997} INFO - 
================================================================================
DAG File Processing Stats

File Path                         PID    Runtime      # DAGs    # Errors  Last Runtime    Last Run               Last # of DB Queries
--------------------------------  -----  ---------  --------  ----------  --------------  -------------------  ----------------------
/opt/airflow/dags/weather_etl.py                           1           0  1.38s           2026-09-14T17:09:56                      12
================================================================================
[2026-09-14T17:10:30.520+0000] {manager.py:997} INFO - 
================================================================================
DAG File Processing Stats

File Path                         PID    Runtime      # DAGs    # Errors  Last Runtime    Last Run               Last # of DB Queries
--------------------------------  -----  ---------  --------  ----------  --------------  -------------------  ----------------------
/opt/airflow/dags/weather_etl.py                           1           0  1.43s           2026-09-14T17:10:27                      12
================================================================================
[2026-09-14T17:11:01.215+0000] {manager.py:997} INFO - 
================================================================================
DAG File Processing Stats

File Path                         PID    Runtime      # DAGs    # Errors  Last Runtime    Last Run               Last # of DB Queries
--------------------------------  -----  ---------  --------  ----------  --------------  -------------------  ----------------------
/opt/airflow/dags/weather_etl.py                           1           0  1.28s           2026-09-14T17:10:59                      12
================================================================================
[2026-09-14T17:11:31.691+0000] {manager.py:997} INFO - 
================================================================================
DAG File Processing Stats

File Path                         PID    Runtime      # DAGs    # Errors  Last Runtime    Last Run               Last # of DB Queries
--------------------------------  -----  ---------  --------  ----------  --------------  -------------------  ----------------------
/opt/airflow/dags/weather_etl.py                           1           0  1.40s           2026-09-14T17:11:31                      12
================================================================================
[2026-09-14T17:12:02.138+0000] {manager.py:997} INFO - 
================================================================================
DAG File Processing Stats

File Path                           PID  Runtime      # DAGs    # Errors  Last Runtime    Last Run               Last # of DB Queries
--------------------------------  -----  ---------  --------  ----------  --------------  -------------------  ----------------------
/opt/airflow/dags/weather_etl.py   2183  1.03s             1           0  1.40s           2026-09-14T17:11:31                      12
================================================================================
[2026-09-14T17:12:32.185+0000] {manager.py:997} INFO - 
================================================================================
DAG File Processing Stats

File Path                         PID    Runtime      # DAGs    # Errors  Last Runtime    Last Run               Last # of DB Queries
--------------------------------  -----  ---------  --------  ----------  --------------  -------------------  ----------------------
/opt/airflow/dags/weather_etl.py                           1           0  1.67s           2026-09-14T17:12:02                      12
================================================================================
[2026-09-14T17:13:02.647+0000] {manager.py:997} INFO - 
================================================================================
DAG File Processing Stats

File Path                         PID    Runtime      # DAGs    # Errors  Last Runtime    Last Run               Last # of DB Queries
--------------------------------  -----  ---------  --------  ----------  --------------  -------------------  ----------------------
/opt/airflow/dags/weather_etl.py                           1           0  1.41s           2026-09-14T17:12:34                      12
================================================================================
[2026-09-14T17:13:25.034+0000] {manager.py:821} INFO - Searching for files in /opt/airflow/dags
[2026-09-14T17:13:25.100+0000] {manager.py:824} INFO - There are 1 files in /opt/airflow/dags
[2026-09-14T17:13:33.253+0000] {manager.py:997} INFO - 
================================================================================
DAG File Processing Stats

File Path                         PID    Runtime      # DAGs    # Errors  Last Runtime    Last Run               Last # of DB Queries
--------------------------------  -----  ---------  --------  ----------  --------------  -------------------  ----------------------
/opt/airflow/dags/weather_etl.py                           1           0  1.34s           2026-09-14T17:13:06                      12
================================================================================
[2026-09-14T17:14:03.858+0000] {manager.py:997} INFO - 
================================================================================
DAG File Processing Stats

File Path                         PID    Runtime      # DAGs    # Errors  Last Runtime    Last Run               Last # of DB Queries
--------------------------------  -----  ---------  --------  ----------  --------------  -------------------  ----------------------
/opt/airflow/dags/weather_etl.py                           1           0  1.35s           2026-09-14T17:13:37                      12
================================================================================
[2026-09-14T17:14:34.501+0000] {manager.py:997} INFO - 
================================================================================
DAG File Processing Stats

File Path                         PID    Runtime      # DAGs    # Errors  Last Runtime    Last Run               Last # of DB Queries
--------------------------------  -----  ---------  --------  ----------  --------------  -------------------  ----------------------
/opt/airflow/dags/weather_etl.py                           1           0  1.40s           2026-09-14T17:14:09                      12
================================================================================
[2026-09-14T17:15:05.146+0000] {manager.py:997} INFO - 
================================================================================
DAG File Processing Stats

File Path                         PID    Runtime      # DAGs    # Errors  Last Runtime    Last Run               Last # of DB Queries
--------------------------------  -----  ---------  --------  ----------  --------------  -------------------  ----------------------
/opt/airflow/dags/weather_etl.py                           1           0  1.39s           2026-09-14T17:14:40                      12
================================================================================
[2026-09-14T17:15:35.741+0000] {manager.py:997} INFO - 
================================================================================
DAG File Processing Stats

File Path                         PID    Runtime      # DAGs    # Errors  Last Runtime    Last Run               Last # of DB Queries
--------------------------------  -----  ---------  --------  ----------  --------------  -------------------  ----------------------
/opt/airflow/dags/weather_etl.py                           1           0  1.34s           2026-09-14T17:15:12                      12
================================================================================
[2026-09-14T17:16:06.352+0000] {manager.py:997} INFO - 
================================================================================
DAG File Processing Stats

File Path                         PID    Runtime      # DAGs    # Errors  Last Runtime    Last Run               Last # of DB Queries
--------------------------------  -----  ---------  --------  ----------  --------------  -------------------  ----------------------
/opt/airflow/dags/weather_etl.py                           1           0  1.29s           2026-09-14T17:15:44                      12
================================================================================
[2026-09-14T17:16:36.891+0000] {manager.py:997} INFO - 
================================================================================
DAG File Processing Stats

File Path                         PID    Runtime      # DAGs    # Errors  Last Runtime    Last Run               Last # of DB Queries
--------------------------------  -----  ---------  --------  ----------  --------------  -------------------  ----------------------
/opt/airflow/dags/weather_etl.py                           1           0  1.41s           2026-09-14T17:16:15                      12
================================================================================
[2026-09-14T17:17:07.636+0000] {manager.py:997} INFO - 
================================================================================
DAG File Processing Stats

File Path                         PID    Runtime      # DAGs    # Errors  Last Runtime    Last Run               Last # of DB Queries
--------------------------------  -----  ---------  --------  ----------  --------------  -------------------  ----------------------
/opt/airflow/dags/weather_etl.py                           1           0  1.31s           2026-09-14T17:16:47                      12
================================================================================
[2026-09-14T17:17:38.125+0000] {manager.py:997} INFO - 
================================================================================
DAG File Processing Stats

File Path                         PID    Runtime      # DAGs    # Errors  Last Runtime    Last Run               Last # of DB Queries
--------------------------------  -----  ---------  --------  ----------  --------------  -------------------  ----------------------
/opt/airflow/dags/weather_etl.py                           1           0  1.39s           2026-09-14T17:17:19                      12
================================================================================
[2026-09-14T17:18:08.904+0000] {manager.py:997} INFO - 
================================================================================
DAG File Processing Stats

File Path                         PID    Runtime      # DAGs    # Errors  Last Runtime    Last Run               Last # of DB Queries
--------------------------------  -----  ---------  --------  ----------  --------------  -------------------  ----------------------
/opt/airflow/dags/weather_etl.py                           1           0  1.41s           2026-09-14T17:17:50                      12
================================================================================
[2026-09-14T17:18:25.176+0000] {manager.py:821} INFO - Searching for files in /opt/airflow/dags
[2026-09-14T17:18:25.237+0000] {manager.py:824} INFO - There are 1 files in /opt/airflow/dags
[2026-09-14T17:18:39.485+0000] {manager.py:997} INFO - 
================================================================================
DAG File Processing Stats

File Path                         PID    Runtime      # DAGs    # Errors  Last Runtime    Last Run               Last # of DB Queries
--------------------------------  -----  ---------  --------  ----------  --------------  -------------------  ----------------------
/opt/airflow/dags/weather_etl.py                           1           0  1.42s           2026-09-14T17:18:22                      12
================================================================================
[2026-09-14T17:19:10.215+0000] {manager.py:997} INFO - 
================================================================================
DAG File Processing Stats

File Path                         PID    Runtime      # DAGs    # Errors  Last Runtime    Last Run               Last # of DB Queries
--------------------------------  -----  ---------  --------  ----------  --------------  -------------------  ----------------------
/opt/airflow/dags/weather_etl.py                           1           0  1.40s           2026-09-14T17:18:54                      12
================================================================================
[2026-09-14T17:19:40.724+0000] {manager.py:997} INFO - 
================================================================================
DAG File Processing Stats

File Path                         PID    Runtime      # DAGs    # Errors  Last Runtime    Last Run               Last # of DB Queries
--------------------------------  -----  ---------  --------  ----------  --------------  -------------------  ----------------------
/opt/airflow/dags/weather_etl.py                           1           0  1.48s           2026-09-14T17:19:25                      12
================================================================================
[2026-09-14T17:20:11.179+0000] {manager.py:997} INFO - 
================================================================================
DAG File Processing Stats

File Path                         PID    Runtime      # DAGs    # Errors  Last Runtime    Last Run               Last # of DB Queries
--------------------------------  -----  ---------  --------  ----------  --------------  -------------------  ----------------------
/opt/airflow/dags/weather_etl.py                           1           0  1.29s           2026-09-14T17:19:57                      12
================================================================================
[2026-09-14T17:20:41.871+0000] {manager.py:997} INFO - 
================================================================================
DAG File Processing Stats

File Path                         PID    Runtime      # DAGs    # Errors  Last Runtime    Last Run               Last # of DB Queries
--------------------------------  -----  ---------  --------  ----------  --------------  -------------------  ----------------------
/opt/airflow/dags/weather_etl.py                           1           0  1.45s           2026-09-14T17:20:28                      12
================================================================================
[2026-09-14T17:21:11.880+0000] {manager.py:997} INFO - 
================================================================================
DAG File Processing Stats

File Path                         PID    Runtime      # DAGs    # Errors  Last Runtime    Last Run               Last # of DB Queries
--------------------------------  -----  ---------  --------  ----------  --------------  -------------------  ----------------------
/opt/airflow/dags/weather_etl.py                           1           0  1.49s           2026-09-14T17:21:00                      12
================================================================================
[2026-09-14T17:22:14.677+0000] {manager.py:997} INFO - 
================================================================================
DAG File Processing Stats

File Path                         PID    Runtime      # DAGs    # Errors  Last Runtime    Last Run               Last # of DB Queries
--------------------------------  -----  ---------  --------  ----------  --------------  -------------------  ----------------------
/opt/airflow/dags/weather_etl.py                           1           0  2.34s           2026-09-14T17:22:01                      12
================================================================================
[2026-09-14T21:56:44.421+0000] {manager.py:483} INFO - Processing files using up to 2 processes at a time 
[2026-09-14T21:56:44.424+0000] {manager.py:484} INFO - Process each file at most once every 30 seconds
[2026-09-14T21:56:44.427+0000] {manager.py:485} INFO - Checking for new files in /opt/airflow/dags every 300 seconds
[2026-09-14T21:56:44.430+0000] {manager.py:821} INFO - Searching for files in /opt/airflow/dags
[2026-09-14T21:56:44.515+0000] {manager.py:824} INFO - There are 1 files in /opt/airflow/dags
[2026-09-14T21:56:45.048+0000] {manager.py:997} INFO - 
================================================================================
DAG File Processing Stats

File Path                           PID  Runtime      # DAGs    # Errors  Last Runtime    Last Run      Last # of DB Queries
--------------------------------  -----  ---------  --------  ----------  --------------  ----------  ----------------------
/opt/airflow/dags/weather_etl.py    174  0.14s             0           0                                                   0
================================================================================
[2026-09-14T21:57:15.363+0000] {manager.py:997} INFO - 
================================================================================
DAG File Processing Stats

File Path                         PID    Runtime      # DAGs    # Errors  Last Runtime    Last Run               Last # of DB Queries
--------------------------------  -----  ---------  --------  ----------  --------------  -------------------  ----------------------
/opt/airflow/dags/weather_etl.py                           1           0  5.03s           2026-09-14T21:56:49                      34
================================================================================
[2026-09-14T21:57:45.837+0000] {manager.py:997} INFO - 
================================================================================
DAG File Processing Stats

File Path                         PID    Runtime      # DAGs    # Errors  Last Runtime    Last Run               Last # of DB Queries
--------------------------------  -----  ---------  --------  ----------  --------------  -------------------  ----------------------
/opt/airflow/dags/weather_etl.py                           1           0  2.20s           2026-09-14T21:57:22                      12
================================================================================
[2026-09-14T21:58:16.207+0000] {manager.py:997} INFO - 
================================================================================
DAG File Processing Stats

File Path                         PID    Runtime      # DAGs    # Errors  Last Runtime    Last Run               Last # of DB Queries
--------------------------------  -----  ---------  --------  ----------  --------------  -------------------  ----------------------
/opt/airflow/dags/weather_etl.py                           1           0  1.94s           2026-09-14T21:57:54                      12
================================================================================
[2026-09-14T21:58:46.420+0000] {manager.py:997} INFO - 
================================================================================
DAG File Processing Stats

File Path                         PID    Runtime      # DAGs    # Errors  Last Runtime    Last Run               Last # of DB Queries
--------------------------------  -----  ---------  --------  ----------  --------------  -------------------  ----------------------
/opt/airflow/dags/weather_etl.py                           1           0  1.81s           2026-09-14T21:58:27                      12
================================================================================
[2026-09-14T21:59:16.847+0000] {manager.py:997} INFO - 
================================================================================
DAG File Processing Stats

File Path                         PID    Runtime      # DAGs    # Errors  Last Runtime    Last Run               Last # of DB Queries
--------------------------------  -----  ---------  --------  ----------  --------------  -------------------  ----------------------
/opt/airflow/dags/weather_etl.py                           1           0  2.08s           2026-09-14T21:58:59                      12
================================================================================
[2026-09-14T21:59:47.173+0000] {manager.py:997} INFO - 
================================================================================
DAG File Processing Stats

File Path                         PID    Runtime      # DAGs    # Errors  Last Runtime    Last Run               Last # of DB Queries
--------------------------------  -----  ---------  --------  ----------  --------------  -------------------  ----------------------
/opt/airflow/dags/weather_etl.py                           1           0  1.91s           2026-09-14T21:59:31                      12
================================================================================
[2026-09-14T22:00:17.536+0000] {manager.py:997} INFO - 
================================================================================
DAG File Processing Stats

File Path                         PID    Runtime      # DAGs    # Errors  Last Runtime    Last Run               Last # of DB Queries
--------------------------------  -----  ---------  --------  ----------  --------------  -------------------  ----------------------
/opt/airflow/dags/weather_etl.py                           1           0  1.96s           2026-09-14T22:00:04                      12
================================================================================
[2026-09-14T22:00:47.857+0000] {manager.py:997} INFO - 
================================================================================
DAG File Processing Stats

File Path                         PID    Runtime      # DAGs    # Errors  Last Runtime    Last Run               Last # of DB Queries
--------------------------------  -----  ---------  --------  ----------  --------------  -------------------  ----------------------
/opt/airflow/dags/weather_etl.py                           1           0  1.91s           2026-09-14T22:00:36                      12
================================================================================
[2026-09-14T22:01:18.291+0000] {manager.py:997} INFO - 
================================================================================
DAG File Processing Stats

File Path                         PID    Runtime      # DAGs    # Errors  Last Runtime    Last Run               Last # of DB Queries
--------------------------------  -----  ---------  --------  ----------  --------------  -------------------  ----------------------
/opt/airflow/dags/weather_etl.py                           1           0  2.02s           2026-09-14T22:01:09                      12
================================================================================
[2026-09-14T22:01:44.876+0000] {manager.py:821} INFO - Searching for files in /opt/airflow/dags
[2026-09-14T22:01:44.946+0000] {manager.py:824} INFO - There are 1 files in /opt/airflow/dags
[2026-09-14T22:01:49.058+0000] {manager.py:997} INFO - 
================================================================================
DAG File Processing Stats

File Path                         PID    Runtime      # DAGs    # Errors  Last Runtime    Last Run               Last # of DB Queries
--------------------------------  -----  ---------  --------  ----------  --------------  -------------------  ----------------------
/opt/airflow/dags/weather_etl.py                           1           0  2.55s           2026-09-14T22:01:42                      12
================================================================================
[2026-09-14T22:02:19.374+0000] {manager.py:997} INFO - 
================================================================================
DAG File Processing Stats

File Path                         PID    Runtime      # DAGs    # Errors  Last Runtime    Last Run               Last # of DB Queries
--------------------------------  -----  ---------  --------  ----------  --------------  -------------------  ----------------------
/opt/airflow/dags/weather_etl.py                           1           0  1.90s           2026-09-14T22:02:14                      12
================================================================================
[2026-09-14T22:02:49.893+0000] {manager.py:997} INFO - 
================================================================================
DAG File Processing Stats

File Path                         PID    Runtime      # DAGs    # Errors  Last Runtime    Last Run               Last # of DB Queries
--------------------------------  -----  ---------  --------  ----------  --------------  -------------------  ----------------------
/opt/airflow/dags/weather_etl.py                           1           0  2.15s           2026-09-14T22:02:46                      12
================================================================================
[2026-09-14T22:03:19.928+0000] {manager.py:997} INFO - 
================================================================================
DAG File Processing Stats

File Path                         PID    Runtime      # DAGs    # Errors  Last Runtime    Last Run               Last # of DB Queries
--------------------------------  -----  ---------  --------  ----------  --------------  -------------------  ----------------------
/opt/airflow/dags/weather_etl.py                           1           0  2.54s           2026-09-14T22:03:19                      12
================================================================================
[2026-09-14T22:03:50.379+0000] {manager.py:997} INFO - 
================================================================================
DAG File Processing Stats

File Path                           PID  Runtime      # DAGs    # Errors  Last Runtime    Last Run               Last # of DB Queries
--------------------------------  -----  ---------  --------  ----------  --------------  -------------------  ----------------------
/opt/airflow/dags/weather_etl.py    298  0.01s             1           0  2.54s           2026-09-14T22:03:19                      12
================================================================================
[2026-09-14T22:04:20.722+0000] {manager.py:997} INFO - 
================================================================================
DAG File Processing Stats

File Path                         PID    Runtime      # DAGs    # Errors  Last Runtime    Last Run               Last # of DB Queries
--------------------------------  -----  ---------  --------  ----------  --------------  -------------------  ----------------------
/opt/airflow/dags/weather_etl.py                           1           0  1.96s           2026-09-14T22:03:52                      12
================================================================================
[2026-09-14T22:04:51.201+0000] {manager.py:997} INFO - 
================================================================================
DAG File Processing Stats

File Path                         PID    Runtime      # DAGs    # Errors  Last Runtime    Last Run               Last # of DB Queries
--------------------------------  -----  ---------  --------  ----------  --------------  -------------------  ----------------------
/opt/airflow/dags/weather_etl.py                           1           0  2.08s           2026-09-14T22:04:24                      12
================================================================================
[2026-09-14T22:05:21.511+0000] {manager.py:997} INFO - 
================================================================================
DAG File Processing Stats

File Path                         PID    Runtime      # DAGs    # Errors  Last Runtime    Last Run               Last # of DB Queries
--------------------------------  -----  ---------  --------  ----------  --------------  -------------------  ----------------------
/opt/airflow/dags/weather_etl.py                           1           0  1.89s           2026-09-14T22:04:57                      12
================================================================================
[2026-09-14T22:05:51.972+0000] {manager.py:997} INFO - 
================================================================================
DAG File Processing Stats

File Path                         PID    Runtime      # DAGs    # Errors  Last Runtime    Last Run               Last # of DB Queries
--------------------------------  -----  ---------  --------  ----------  --------------  -------------------  ----------------------
/opt/airflow/dags/weather_etl.py                           1           0  2.06s           2026-09-14T22:05:29                      12
================================================================================
[2026-09-14T22:06:22.403+0000] {manager.py:997} INFO - 
================================================================================
DAG File Processing Stats

File Path                         PID    Runtime      # DAGs    # Errors  Last Runtime    Last Run               Last # of DB Queries
--------------------------------  -----  ---------  --------  ----------  --------------  -------------------  ----------------------
/opt/airflow/dags/weather_etl.py                           1           0  2.00s           2026-09-14T22:06:02                      12
================================================================================
[2026-09-14T22:06:45.498+0000] {manager.py:821} INFO - Searching for files in /opt/airflow/dags
[2026-09-14T22:06:45.560+0000] {manager.py:824} INFO - There are 1 files in /opt/airflow/dags
[2026-09-14T22:06:52.706+0000] {manager.py:997} INFO - 
================================================================================
DAG File Processing Stats

File Path                         PID    Runtime      # DAGs    # Errors  Last Runtime    Last Run               Last # of DB Queries
--------------------------------  -----  ---------  --------  ----------  --------------  -------------------  ----------------------
/opt/airflow/dags/weather_etl.py                           1           0  1.77s           2026-09-14T22:06:34                      12
================================================================================
[2026-09-14T22:07:23.036+0000] {manager.py:997} INFO - 
================================================================================
DAG File Processing Stats

File Path                         PID    Runtime      # DAGs    # Errors  Last Runtime    Last Run               Last # of DB Queries
--------------------------------  -----  ---------  --------  ----------  --------------  -------------------  ----------------------
/opt/airflow/dags/weather_etl.py                           1           0  1.92s           2026-09-14T22:07:06                      12
================================================================================
[2026-09-14T22:07:53.491+0000] {manager.py:997} INFO - 
================================================================================
DAG File Processing Stats

File Path                         PID    Runtime      # DAGs    # Errors  Last Runtime    Last Run               Last # of DB Queries
--------------------------------  -----  ---------  --------  ----------  --------------  -------------------  ----------------------
/opt/airflow/dags/weather_etl.py                           1           0  2.09s           2026-09-14T22:07:39                      12
================================================================================
[2026-09-14T22:08:23.984+0000] {manager.py:997} INFO - 
================================================================================
DAG File Processing Stats

File Path                         PID    Runtime      # DAGs    # Errors  Last Runtime    Last Run               Last # of DB Queries
--------------------------------  -----  ---------  --------  ----------  --------------  -------------------  ----------------------
/opt/airflow/dags/weather_etl.py                           1           0  2.10s           2026-09-14T22:08:11                      12
================================================================================
[2026-09-14T22:08:54.471+0000] {manager.py:997} INFO - 
================================================================================
DAG File Processing Stats

File Path                         PID    Runtime      # DAGs    # Errors  Last Runtime    Last Run               Last # of DB Queries
--------------------------------  -----  ---------  --------  ----------  --------------  -------------------  ----------------------
/opt/airflow/dags/weather_etl.py                           1           0  2.11s           2026-09-14T22:08:44                      12
================================================================================
[2026-09-14T22:09:24.690+0000] {manager.py:997} INFO - 
================================================================================
DAG File Processing Stats

File Path                         PID    Runtime      # DAGs    # Errors  Last Runtime    Last Run               Last # of DB Queries
--------------------------------  -----  ---------  --------  ----------  --------------  -------------------  ----------------------
/opt/airflow/dags/weather_etl.py                           1           0  1.82s           2026-09-14T22:09:16                      12
================================================================================
[2026-09-14T22:09:54.815+0000] {manager.py:997} INFO - 
================================================================================
DAG File Processing Stats

File Path                         PID    Runtime      # DAGs    # Errors  Last Runtime    Last Run               Last # of DB Queries
--------------------------------  -----  ---------  --------  ----------  --------------  -------------------  ----------------------
/opt/airflow/dags/weather_etl.py                           1           0  1.73s           2026-09-14T22:09:48                      12
================================================================================
[2026-09-14T22:10:25.259+0000] {manager.py:997} INFO - 
================================================================================
DAG File Processing Stats

File Path                         PID    Runtime      # DAGs    # Errors  Last Runtime    Last Run               Last # of DB Queries
--------------------------------  -----  ---------  --------  ----------  --------------  -------------------  ----------------------
/opt/airflow/dags/weather_etl.py                           1           0  2.03s           2026-09-14T22:10:21                      12
================================================================================
[2026-09-14T22:10:55.414+0000] {manager.py:997} INFO - 
================================================================================
DAG File Processing Stats

File Path                         PID    Runtime      # DAGs    # Errors  Last Runtime    Last Run               Last # of DB Queries
--------------------------------  -----  ---------  --------  ----------  --------------  -------------------  ----------------------
/opt/airflow/dags/weather_etl.py                           1           0  1.76s           2026-09-14T22:10:53                      12
================================================================================
[2026-09-14T22:11:25.790+0000] {manager.py:997} INFO - 
================================================================================
DAG File Processing Stats

File Path                         PID    Runtime      # DAGs    # Errors  Last Runtime    Last Run               Last # of DB Queries
--------------------------------  -----  ---------  --------  ----------  --------------  -------------------  ----------------------
/opt/airflow/dags/weather_etl.py                           1           0  1.80s           2026-09-14T22:11:25                      12
================================================================================
[2026-09-14T22:11:45.537+0000] {manager.py:821} INFO - Searching for files in /opt/airflow/dags
[2026-09-14T22:11:45.596+0000] {manager.py:824} INFO - There are 1 files in /opt/airflow/dags
[2026-09-14T22:11:55.808+0000] {manager.py:997} INFO - 
================================================================================
DAG File Processing Stats

File Path                           PID  Runtime      # DAGs    # Errors  Last Runtime    Last Run               Last # of DB Queries
--------------------------------  -----  ---------  --------  ----------  --------------  -------------------  ----------------------
/opt/airflow/dags/weather_etl.py    388  0.01s             1           0  1.80s           2026-09-14T22:11:25                      12
================================================================================
[2026-09-14T22:12:25.984+0000] {manager.py:997} INFO - 
================================================================================
DAG File Processing Stats

File Path                         PID    Runtime      # DAGs    # Errors  Last Runtime    Last Run               Last # of DB Queries
--------------------------------  -----  ---------  --------  ----------  --------------  -------------------  ----------------------
/opt/airflow/dags/weather_etl.py                           1           0  1.82s           2026-09-14T22:11:57                      12
================================================================================
[2026-09-14T22:12:56.447+0000] {manager.py:997} INFO - 
================================================================================
DAG File Processing Stats

File Path                         PID    Runtime      # DAGs    # Errors  Last Runtime    Last Run               Last # of DB Queries
--------------------------------  -----  ---------  --------  ----------  --------------  -------------------  ----------------------
/opt/airflow/dags/weather_etl.py                           1           0  2.06s           2026-09-14T22:12:30                      12
================================================================================
[2026-09-14T22:13:26.662+0000] {manager.py:997} INFO - 
================================================================================
DAG File Processing Stats

File Path                         PID    Runtime      # DAGs    # Errors  Last Runtime    Last Run               Last # of DB Queries
--------------------------------  -----  ---------  --------  ----------  --------------  -------------------  ----------------------
/opt/airflow/dags/weather_etl.py                           1           0  1.80s           2026-09-14T22:13:02                      12
================================================================================
[2026-09-14T22:13:57.073+0000] {manager.py:997} INFO - 
================================================================================
DAG File Processing Stats

File Path                         PID    Runtime      # DAGs    # Errors  Last Runtime    Last Run               Last # of DB Queries
--------------------------------  -----  ---------  --------  ----------  --------------  -------------------  ----------------------
/opt/airflow/dags/weather_etl.py                           1           0  2.00s           2026-09-14T22:13:34                      12
================================================================================
[2026-09-14T22:14:27.154+0000] {manager.py:997} INFO - 
================================================================================
DAG File Processing Stats

File Path                         PID    Runtime      # DAGs    # Errors  Last Runtime    Last Run               Last # of DB Queries
--------------------------------  -----  ---------  --------  ----------  --------------  -------------------  ----------------------
/opt/airflow/dags/weather_etl.py                           1           0  1.68s           2026-09-14T22:14:06                      12
================================================================================
[2026-09-14T22:14:57.237+0000] {manager.py:997} INFO - 
================================================================================
DAG File Processing Stats

File Path                         PID    Runtime      # DAGs    # Errors  Last Runtime    Last Run               Last # of DB Queries
--------------------------------  -----  ---------  --------  ----------  --------------  -------------------  ----------------------
/opt/airflow/dags/weather_etl.py                           1           0  1.68s           2026-09-14T22:14:38                      12
================================================================================
[2026-09-14T22:15:27.254+0000] {manager.py:997} INFO - 
================================================================================
DAG File Processing Stats

File Path                         PID    Runtime      # DAGs    # Errors  Last Runtime    Last Run               Last # of DB Queries
--------------------------------  -----  ---------  --------  ----------  --------------  -------------------  ----------------------
/opt/airflow/dags/weather_etl.py                           1           0  1.79s           2026-09-14T22:15:11                      12
================================================================================
[2026-09-14T22:15:57.682+0000] {manager.py:997} INFO - 
================================================================================
DAG File Processing Stats

File Path                         PID    Runtime      # DAGs    # Errors  Last Runtime    Last Run               Last # of DB Queries
--------------------------------  -----  ---------  --------  ----------  --------------  -------------------  ----------------------
/opt/airflow/dags/weather_etl.py                           1           0  2.02s           2026-09-14T22:15:43                      12
================================================================================
[2026-09-14T22:16:27.847+0000] {manager.py:997} INFO - 
================================================================================
DAG File Processing Stats

File Path                         PID    Runtime      # DAGs    # Errors  Last Runtime    Last Run               Last # of DB Queries
--------------------------------  -----  ---------  --------  ----------  --------------  -------------------  ----------------------
/opt/airflow/dags/weather_etl.py                           1           0  1.78s           2026-09-14T22:16:15                      12
================================================================================
[2026-09-14T22:16:45.634+0000] {manager.py:821} INFO - Searching for files in /opt/airflow/dags
[2026-09-14T22:16:45.689+0000] {manager.py:824} INFO - There are 1 files in /opt/airflow/dags
[2026-09-14T22:16:58.242+0000] {manager.py:997} INFO - 
================================================================================
DAG File Processing Stats

File Path                         PID    Runtime      # DAGs    # Errors  Last Runtime    Last Run               Last # of DB Queries
--------------------------------  -----  ---------  --------  ----------  --------------  -------------------  ----------------------
/opt/airflow/dags/weather_etl.py                           1           0  1.87s           2026-09-14T22:16:47                      12
================================================================================
[2026-09-14T22:17:28.648+0000] {manager.py:997} INFO - 
================================================================================
DAG File Processing Stats

File Path                         PID    Runtime      # DAGs    # Errors  Last Runtime    Last Run               Last # of DB Queries
--------------------------------  -----  ---------  --------  ----------  --------------  -------------------  ----------------------
/opt/airflow/dags/weather_etl.py                           1           0  1.82s           2026-09-14T22:17:19                      12
================================================================================
[2026-09-14T22:17:58.839+0000] {manager.py:997} INFO - 
================================================================================
DAG File Processing Stats

File Path                         PID    Runtime      # DAGs    # Errors  Last Runtime    Last Run               Last # of DB Queries
--------------------------------  -----  ---------  --------  ----------  --------------  -------------------  ----------------------
/opt/airflow/dags/weather_etl.py                           1           0  1.80s           2026-09-14T22:17:51                      12
================================================================================
[2026-09-14T22:18:28.855+0000] {manager.py:997} INFO - 
================================================================================
DAG File Processing Stats

File Path                         PID    Runtime      # DAGs    # Errors  Last Runtime    Last Run               Last # of DB Queries
--------------------------------  -----  ---------  --------  ----------  --------------  -------------------  ----------------------
/opt/airflow/dags/weather_etl.py                           1           0  1.62s           2026-09-14T22:18:23                      12
================================================================================
[2026-09-14T22:18:58.941+0000] {manager.py:997} INFO - 
================================================================================
DAG File Processing Stats

File Path                         PID    Runtime      # DAGs    # Errors  Last Runtime    Last Run               Last # of DB Queries
--------------------------------  -----  ---------  --------  ----------  --------------  -------------------  ----------------------
/opt/airflow/dags/weather_etl.py                           1           0  1.77s           2026-09-14T22:18:55                      12
================================================================================
[2026-09-14T22:19:29.196+0000] {manager.py:997} INFO - 
================================================================================
DAG File Processing Stats

File Path                         PID    Runtime      # DAGs    # Errors  Last Runtime    Last Run               Last # of DB Queries
--------------------------------  -----  ---------  --------  ----------  --------------  -------------------  ----------------------
/opt/airflow/dags/weather_etl.py                           1           0  1.86s           2026-09-14T22:19:28                      12
================================================================================
[2026-09-14T22:19:59.620+0000] {manager.py:997} INFO - 
================================================================================
DAG File Processing Stats

File Path                           PID  Runtime      # DAGs    # Errors  Last Runtime    Last Run               Last # of DB Queries
--------------------------------  -----  ---------  --------  ----------  --------------  -------------------  ----------------------
/opt/airflow/dags/weather_etl.py    478  1.03s             1           0  1.86s           2026-09-14T22:19:28                      12
================================================================================
[2026-09-14T22:20:29.989+0000] {manager.py:997} INFO - 
================================================================================
DAG File Processing Stats

File Path                         PID    Runtime      # DAGs    # Errors  Last Runtime    Last Run               Last # of DB Queries
--------------------------------  -----  ---------  --------  ----------  --------------  -------------------  ----------------------
/opt/airflow/dags/weather_etl.py                           1           0  2.01s           2026-09-14T22:20:00                      12
================================================================================
[2026-09-14T22:21:00.041+0000] {manager.py:997} INFO - 
================================================================================
DAG File Processing Stats

File Path                         PID    Runtime      # DAGs    # Errors  Last Runtime    Last Run               Last # of DB Queries
--------------------------------  -----  ---------  --------  ----------  --------------  -------------------  ----------------------
/opt/airflow/dags/weather_etl.py                           1           0  1.66s           2026-09-14T22:20:32                      12
================================================================================
[2026-09-14T22:21:30.443+0000] {manager.py:997} INFO - 
================================================================================
DAG File Processing Stats

File Path                         PID    Runtime      # DAGs    # Errors  Last Runtime    Last Run               Last # of DB Queries
--------------------------------  -----  ---------  --------  ----------  --------------  -------------------  ----------------------
/opt/airflow/dags/weather_etl.py                           1           0  1.79s           2026-09-14T22:21:04                      12
================================================================================
[2026-09-14T22:21:45.645+0000] {manager.py:821} INFO - Searching for files in /opt/airflow/dags
[2026-09-14T22:21:45.704+0000] {manager.py:824} INFO - There are 1 files in /opt/airflow/dags
[2026-09-14T22:22:00.954+0000] {manager.py:997} INFO - 
================================================================================
DAG File Processing Stats

File Path                         PID    Runtime      # DAGs    # Errors  Last Runtime    Last Run               Last # of DB Queries
--------------------------------  -----  ---------  --------  ----------  --------------  -------------------  ----------------------
/opt/airflow/dags/weather_etl.py                           1           0  1.91s           2026-09-14T22:21:36                      12
================================================================================
[2026-09-14T22:22:31.120+0000] {manager.py:997} INFO - 
================================================================================
DAG File Processing Stats

File Path                         PID    Runtime      # DAGs    # Errors  Last Runtime    Last Run               Last # of DB Queries
--------------------------------  -----  ---------  --------  ----------  --------------  -------------------  ----------------------
/opt/airflow/dags/weather_etl.py                           1           0  1.78s           2026-09-14T22:22:08                      12
================================================================================
[2026-09-14T22:23:01.399+0000] {manager.py:997} INFO - 
================================================================================
DAG File Processing Stats

File Path                         PID    Runtime      # DAGs    # Errors  Last Runtime    Last Run               Last # of DB Queries
--------------------------------  -----  ---------  --------  ----------  --------------  -------------------  ----------------------
/opt/airflow/dags/weather_etl.py                           1           0  1.89s           2026-09-14T22:22:41                      12
================================================================================
[2026-09-14T22:23:31.816+0000] {manager.py:997} INFO - 
================================================================================
DAG File Processing Stats

File Path                         PID    Runtime      # DAGs    # Errors  Last Runtime    Last Run               Last # of DB Queries
--------------------------------  -----  ---------  --------  ----------  --------------  -------------------  ----------------------
/opt/airflow/dags/weather_etl.py                           1           0  1.86s           2026-09-14T22:23:13                      12
================================================================================
[2026-09-14T22:24:02.228+0000] {manager.py:997} INFO - 
================================================================================
DAG File Processing Stats

File Path                         PID    Runtime      # DAGs    # Errors  Last Runtime    Last Run               Last # of DB Queries
--------------------------------  -----  ---------  --------  ----------  --------------  -------------------  ----------------------
/opt/airflow/dags/weather_etl.py                           1           0  1.86s           2026-09-14T22:23:45                      12
================================================================================
[2026-09-14T22:24:32.631+0000] {manager.py:997} INFO - 
================================================================================
DAG File Processing Stats

File Path                         PID    Runtime      # DAGs    # Errors  Last Runtime    Last Run               Last # of DB Queries
--------------------------------  -----  ---------  --------  ----------  --------------  -------------------  ----------------------
/opt/airflow/dags/weather_etl.py                           1           0  1.69s           2026-09-14T22:24:17                      12
================================================================================
[2026-09-14T22:25:02.844+0000] {manager.py:997} INFO - 
================================================================================
DAG File Processing Stats

File Path                         PID    Runtime      # DAGs    # Errors  Last Runtime    Last Run               Last # of DB Queries
--------------------------------  -----  ---------  --------  ----------  --------------  -------------------  ----------------------
/opt/airflow/dags/weather_etl.py                           1           0  1.80s           2026-09-14T22:24:49                      12
================================================================================
[2026-09-14T22:25:32.935+0000] {manager.py:997} INFO - 
================================================================================
DAG File Processing Stats

File Path                         PID    Runtime      # DAGs    # Errors  Last Runtime    Last Run               Last # of DB Queries
--------------------------------  -----  ---------  --------  ----------  --------------  -------------------  ----------------------
/opt/airflow/dags/weather_etl.py                           1           0  1.70s           2026-09-14T22:25:21                      12
================================================================================
[2026-09-14T22:26:03.897+0000] {manager.py:997} INFO - 
================================================================================
DAG File Processing Stats

File Path                         PID    Runtime      # DAGs    # Errors  Last Runtime    Last Run               Last # of DB Queries
--------------------------------  -----  ---------  --------  ----------  --------------  -------------------  ----------------------
/opt/airflow/dags/weather_etl.py                           1           0  1.60s           2026-09-14T22:25:53                      12
================================================================================
[2026-09-14T22:26:33.946+0000] {manager.py:997} INFO - 
================================================================================
DAG File Processing Stats

File Path                         PID    Runtime      # DAGs    # Errors  Last Runtime    Last Run               Last # of DB Queries
--------------------------------  -----  ---------  --------  ----------  --------------  -------------------  ----------------------
/opt/airflow/dags/weather_etl.py                           1           0  1.66s           2026-09-14T22:26:25                      12
================================================================================
[2026-09-14T22:26:46.139+0000] {manager.py:821} INFO - Searching for files in /opt/airflow/dags
[2026-09-14T22:26:46.195+0000] {manager.py:824} INFO - There are 1 files in /opt/airflow/dags
[2026-09-14T22:27:04.277+0000] {manager.py:997} INFO - 
================================================================================
DAG File Processing Stats

File Path                         PID    Runtime      # DAGs    # Errors  Last Runtime    Last Run               Last # of DB Queries
--------------------------------  -----  ---------  --------  ----------  --------------  -------------------  ----------------------
/opt/airflow/dags/weather_etl.py                           1           0  1.79s           2026-09-14T22:26:58                      12
================================================================================
[2026-09-14T22:27:34.624+0000] {manager.py:997} INFO - 
================================================================================
DAG File Processing Stats

File Path                         PID    Runtime      # DAGs    # Errors  Last Runtime    Last Run               Last # of DB Queries
--------------------------------  -----  ---------  --------  ----------  --------------  -------------------  ----------------------
/opt/airflow/dags/weather_etl.py                           1           0  1.95s           2026-09-14T22:27:30                      12
================================================================================
[2026-09-14T22:28:04.772+0000] {manager.py:997} INFO - 
================================================================================
DAG File Processing Stats

File Path                         PID    Runtime      # DAGs    # Errors  Last Runtime    Last Run               Last # of DB Queries
--------------------------------  -----  ---------  --------  ----------  --------------  -------------------  ----------------------
/opt/airflow/dags/weather_etl.py                           1           0  1.74s           2026-09-14T22:28:02                      12
================================================================================
[2026-09-14T22:28:35.173+0000] {manager.py:997} INFO - 
================================================================================
DAG File Processing Stats

File Path                         PID    Runtime      # DAGs    # Errors  Last Runtime    Last Run               Last # of DB Queries
--------------------------------  -----  ---------  --------  ----------  --------------  -------------------  ----------------------
/opt/airflow/dags/weather_etl.py                           1           0  1.79s           2026-09-14T22:28:34                      12
================================================================================
[2026-09-14T22:29:05.563+0000] {manager.py:997} INFO - 
================================================================================
DAG File Processing Stats

File Path                           PID  Runtime      # DAGs    # Errors  Last Runtime    Last Run               Last # of DB Queries
--------------------------------  -----  ---------  --------  ----------  --------------  -------------------  ----------------------
/opt/airflow/dags/weather_etl.py    580  0.45s             1           0  1.79s           2026-09-14T22:28:34                      12
================================================================================
[2026-09-14T22:29:35.959+0000] {manager.py:997} INFO - 
================================================================================
DAG File Processing Stats

File Path                         PID    Runtime      # DAGs    # Errors  Last Runtime    Last Run               Last # of DB Queries
--------------------------------  -----  ---------  --------  ----------  --------------  -------------------  ----------------------
/opt/airflow/dags/weather_etl.py                           1           0  1.82s           2026-09-14T22:29:06                      12
================================================================================
[2026-09-14T22:30:06.036+0000] {manager.py:997} INFO - 
================================================================================
DAG File Processing Stats

File Path                         PID    Runtime      # DAGs    # Errors  Last Runtime    Last Run               Last # of DB Queries
--------------------------------  -----  ---------  --------  ----------  --------------  -------------------  ----------------------
/opt/airflow/dags/weather_etl.py                           1           0  1.69s           2026-09-14T22:29:38                      12
================================================================================
[2026-09-14T22:30:36.060+0000] {manager.py:997} INFO - 
================================================================================
DAG File Processing Stats

File Path                         PID    Runtime      # DAGs    # Errors  Last Runtime    Last Run               Last # of DB Queries
--------------------------------  -----  ---------  --------  ----------  --------------  -------------------  ----------------------
/opt/airflow/dags/weather_etl.py                           1           0  1.96s           2026-09-14T22:30:10                      12
================================================================================
[2026-09-14T22:31:06.270+0000] {manager.py:997} INFO - 
================================================================================
DAG File Processing Stats

File Path                         PID    Runtime      # DAGs    # Errors  Last Runtime    Last Run               Last # of DB Queries
--------------------------------  -----  ---------  --------  ----------  --------------  -------------------  ----------------------
/opt/airflow/dags/weather_etl.py                           1           0  1.82s           2026-09-14T22:30:42                      12
================================================================================
[2026-09-14T22:31:36.337+0000] {manager.py:997} INFO - 
================================================================================
DAG File Processing Stats

File Path                         PID    Runtime      # DAGs    # Errors  Last Runtime    Last Run               Last # of DB Queries
--------------------------------  -----  ---------  --------  ----------  --------------  -------------------  ----------------------
/opt/airflow/dags/weather_etl.py                           1           0  1.68s           2026-09-14T22:31:15                      12
================================================================================
[2026-09-14T22:31:46.403+0000] {manager.py:821} INFO - Searching for files in /opt/airflow/dags
[2026-09-14T22:31:46.468+0000] {manager.py:824} INFO - There are 1 files in /opt/airflow/dags
[2026-09-14T22:32:06.465+0000] {manager.py:997} INFO - 
================================================================================
DAG File Processing Stats

File Path                         PID    Runtime      # DAGs    # Errors  Last Runtime    Last Run               Last # of DB Queries
--------------------------------  -----  ---------  --------  ----------  --------------  -------------------  ----------------------
/opt/airflow/dags/weather_etl.py                           1           0  1.81s           2026-09-14T22:31:47                      12
================================================================================
[2026-09-14T22:32:36.565+0000] {manager.py:997} INFO - 
================================================================================
DAG File Processing Stats

File Path                         PID    Runtime      # DAGs    # Errors  Last Runtime    Last Run               Last # of DB Queries
--------------------------------  -----  ---------  --------  ----------  --------------  -------------------  ----------------------
/opt/airflow/dags/weather_etl.py                           1           0  1.71s           2026-09-14T22:32:19                      12
================================================================================
[2026-09-14T22:33:06.572+0000] {manager.py:997} INFO - 
================================================================================
DAG File Processing Stats

File Path                         PID    Runtime      # DAGs    # Errors  Last Runtime    Last Run               Last # of DB Queries
--------------------------------  -----  ---------  --------  ----------  --------------  -------------------  ----------------------
/opt/airflow/dags/weather_etl.py                           1           0  1.73s           2026-09-14T22:32:51                      12
================================================================================
[2026-09-14T22:33:36.954+0000] {manager.py:997} INFO - 
================================================================================
DAG File Processing Stats

File Path                         PID    Runtime      # DAGs    # Errors  Last Runtime    Last Run               Last # of DB Queries
--------------------------------  -----  ---------  --------  ----------  --------------  -------------------  ----------------------
/opt/airflow/dags/weather_etl.py                           1           0  1.96s           2026-09-14T22:33:23                      12
================================================================================
[2026-09-14T22:34:06.976+0000] {manager.py:997} INFO - 
================================================================================
DAG File Processing Stats

File Path                         PID    Runtime      # DAGs    # Errors  Last Runtime    Last Run               Last # of DB Queries
--------------------------------  -----  ---------  --------  ----------  --------------  -------------------  ----------------------
/opt/airflow/dags/weather_etl.py                           1           0  1.62s           2026-09-14T22:33:55                      12
================================================================================
[2026-09-14T22:34:37.197+0000] {manager.py:997} INFO - 
================================================================================
DAG File Processing Stats

File Path                         PID    Runtime      # DAGs    # Errors  Last Runtime    Last Run               Last # of DB Queries
--------------------------------  -----  ---------  --------  ----------  --------------  -------------------  ----------------------
/opt/airflow/dags/weather_etl.py                           1           0  1.84s           2026-09-14T22:34:28                      12
================================================================================
[2026-09-14T22:35:07.586+0000] {manager.py:997} INFO - 
================================================================================
DAG File Processing Stats

File Path                         PID    Runtime      # DAGs    # Errors  Last Runtime    Last Run               Last # of DB Queries
--------------------------------  -----  ---------  --------  ----------  --------------  -------------------  ----------------------
/opt/airflow/dags/weather_etl.py                           1           0  1.77s           2026-09-14T22:34:59                      12
================================================================================
[2026-09-14T22:35:37.984+0000] {manager.py:997} INFO - 
================================================================================
DAG File Processing Stats

File Path                         PID    Runtime      # DAGs    # Errors  Last Runtime    Last Run               Last # of DB Queries
--------------------------------  -----  ---------  --------  ----------  --------------  -------------------  ----------------------
/opt/airflow/dags/weather_etl.py                           1           0  1.85s           2026-09-14T22:35:32                      12
================================================================================
[2026-09-14T22:36:08.266+0000] {manager.py:997} INFO - 
================================================================================
DAG File Processing Stats

File Path                         PID    Runtime      # DAGs    # Errors  Last Runtime    Last Run               Last # of DB Queries
--------------------------------  -----  ---------  --------  ----------  --------------  -------------------  ----------------------
/opt/airflow/dags/weather_etl.py                           1           0  1.87s           2026-09-14T22:36:04                      12
================================================================================
[2026-09-14T22:36:38.436+0000] {manager.py:997} INFO - 
================================================================================
DAG File Processing Stats

File Path                         PID    Runtime      # DAGs    # Errors  Last Runtime    Last Run               Last # of DB Queries
--------------------------------  -----  ---------  --------  ----------  --------------  -------------------  ----------------------
/opt/airflow/dags/weather_etl.py                           1           0  1.78s           2026-09-14T22:36:36                      12
================================================================================
[2026-09-14T22:36:46.531+0000] {manager.py:821} INFO - Searching for files in /opt/airflow/dags
[2026-09-14T22:36:46.582+0000] {manager.py:824} INFO - There are 1 files in /opt/airflow/dags
[2026-09-14T22:37:08.902+0000] {manager.py:997} INFO - 
================================================================================
DAG File Processing Stats

File Path                         PID    Runtime      # DAGs    # Errors  Last Runtime    Last Run               Last # of DB Queries
--------------------------------  -----  ---------  --------  ----------  --------------  -------------------  ----------------------
/opt/airflow/dags/weather_etl.py                           1           0  1.68s           2026-09-14T22:37:08                      12
================================================================================
[2026-09-14T22:37:39.327+0000] {manager.py:997} INFO - 
================================================================================
DAG File Processing Stats

File Path                           PID  Runtime      # DAGs    # Errors  Last Runtime    Last Run               Last # of DB Queries
--------------------------------  -----  ---------  --------  ----------  --------------  -------------------  ----------------------
/opt/airflow/dags/weather_etl.py    676  1.02s             1           0  1.68s           2026-09-14T22:37:08                      12
================================================================================
[2026-09-14T22:38:09.335+0000] {manager.py:997} INFO - 
================================================================================
DAG File Processing Stats

File Path                         PID    Runtime      # DAGs    # Errors  Last Runtime    Last Run               Last # of DB Queries
--------------------------------  -----  ---------  --------  ----------  --------------  -------------------  ----------------------
/opt/airflow/dags/weather_etl.py                           1           0  1.66s           2026-09-14T22:37:39                      12
================================================================================
[2026-09-14T22:38:39.477+0000] {manager.py:997} INFO - 
================================================================================
DAG File Processing Stats

File Path                         PID    Runtime      # DAGs    # Errors  Last Runtime    Last Run               Last # of DB Queries
--------------------------------  -----  ---------  --------  ----------  --------------  -------------------  ----------------------
/opt/airflow/dags/weather_etl.py                           1           0  1.76s           2026-09-14T22:38:12                      12
================================================================================
[2026-09-14T22:39:09.545+0000] {manager.py:997} INFO - 
================================================================================
DAG File Processing Stats

File Path                         PID    Runtime      # DAGs    # Errors  Last Runtime    Last Run               Last # of DB Queries
--------------------------------  -----  ---------  --------  ----------  --------------  -------------------  ----------------------
/opt/airflow/dags/weather_etl.py                           1           0  1.87s           2026-09-14T22:38:44                      12
================================================================================
[2026-09-14T22:39:39.576+0000] {manager.py:997} INFO - 
================================================================================
DAG File Processing Stats

File Path                         PID    Runtime      # DAGs    # Errors  Last Runtime    Last Run               Last # of DB Queries
--------------------------------  -----  ---------  --------  ----------  --------------  -------------------  ----------------------
/opt/airflow/dags/weather_etl.py                           1           0  1.64s           2026-09-14T22:39:16                      12
================================================================================
[2026-09-14T22:40:09.976+0000] {manager.py:997} INFO - 
================================================================================
DAG File Processing Stats

File Path                         PID    Runtime      # DAGs    # Errors  Last Runtime    Last Run               Last # of DB Queries
--------------------------------  -----  ---------  --------  ----------  --------------  -------------------  ----------------------
/opt/airflow/dags/weather_etl.py                           1           0  1.73s           2026-09-14T22:39:48                      12
================================================================================
[2026-09-14T22:40:40.384+0000] {manager.py:997} INFO - 
================================================================================
DAG File Processing Stats

File Path                         PID    Runtime      # DAGs    # Errors  Last Runtime    Last Run               Last # of DB Queries
--------------------------------  -----  ---------  --------  ----------  --------------  -------------------  ----------------------
/opt/airflow/dags/weather_etl.py                           1           0  1.76s           2026-09-14T22:40:20                      12
================================================================================
[2026-09-14T22:41:10.733+0000] {manager.py:997} INFO - 
================================================================================
DAG File Processing Stats

File Path                         PID    Runtime      # DAGs    # Errors  Last Runtime    Last Run               Last # of DB Queries
--------------------------------  -----  ---------  --------  ----------  --------------  -------------------  ----------------------
/opt/airflow/dags/weather_etl.py                           1           0  1.93s           2026-09-14T22:40:52                      12
================================================================================
[2026-09-14T22:41:40.882+0000] {manager.py:997} INFO - 
================================================================================
DAG File Processing Stats

File Path                         PID    Runtime      # DAGs    # Errors  Last Runtime    Last Run               Last # of DB Queries
--------------------------------  -----  ---------  --------  ----------  --------------  -------------------  ----------------------
/opt/airflow/dags/weather_etl.py                           1           0  1.75s           2026-09-14T22:41:24                      12
================================================================================
[2026-09-14T22:41:46.958+0000] {manager.py:821} INFO - Searching for files in /opt/airflow/dags
[2026-09-14T22:41:47.024+0000] {manager.py:824} INFO - There are 1 files in /opt/airflow/dags
[2026-09-14T22:42:11.311+0000] {manager.py:997} INFO - 
================================================================================
DAG File Processing Stats

File Path                         PID    Runtime      # DAGs    # Errors  Last Runtime    Last Run               Last # of DB Queries
--------------------------------  -----  ---------  --------  ----------  --------------  -------------------  ----------------------
/opt/airflow/dags/weather_etl.py                           1           0  1.91s           2026-09-14T22:41:57                      12
================================================================================
[2026-09-14T22:42:41.762+0000] {manager.py:997} INFO - 
================================================================================
DAG File Processing Stats

File Path                         PID    Runtime      # DAGs    # Errors  Last Runtime    Last Run               Last # of DB Queries
--------------------------------  -----  ---------  --------  ----------  --------------  -------------------  ----------------------
/opt/airflow/dags/weather_etl.py                           1           0  2.11s           2026-09-14T22:42:29                      12
================================================================================
[2026-09-14T22:43:12.085+0000] {manager.py:997} INFO - 
================================================================================
DAG File Processing Stats

File Path                         PID    Runtime      # DAGs    # Errors  Last Runtime    Last Run               Last # of DB Queries
--------------------------------  -----  ---------  --------  ----------  --------------  -------------------  ----------------------
/opt/airflow/dags/weather_etl.py                           1           0  1.90s           2026-09-14T22:43:01                      12
================================================================================
[2026-09-14T22:43:42.359+0000] {manager.py:997} INFO - 
================================================================================
DAG File Processing Stats

File Path                         PID    Runtime      # DAGs    # Errors  Last Runtime    Last Run               Last # of DB Queries
--------------------------------  -----  ---------  --------  ----------  --------------  -------------------  ----------------------
/opt/airflow/dags/weather_etl.py                           1           0  1.87s           2026-09-14T22:43:34                      12
================================================================================
[2026-09-14T22:44:12.676+0000] {manager.py:997} INFO - 
================================================================================
DAG File Processing Stats

File Path                         PID    Runtime      # DAGs    # Errors  Last Runtime    Last Run               Last # of DB Queries
--------------------------------  -----  ---------  --------  ----------  --------------  -------------------  ----------------------
/opt/airflow/dags/weather_etl.py                           1           0  1.90s           2026-09-14T22:44:06                      12
================================================================================
[2026-09-14T22:44:42.798+0000] {manager.py:997} INFO - 
================================================================================
DAG File Processing Stats

File Path                         PID    Runtime      # DAGs    # Errors  Last Runtime    Last Run               Last # of DB Queries
--------------------------------  -----  ---------  --------  ----------  --------------  -------------------  ----------------------
/opt/airflow/dags/weather_etl.py                           1           0  1.74s           2026-09-14T22:44:38                      12
================================================================================
[2026-09-14T22:45:13.194+0000] {manager.py:997} INFO - 
================================================================================
DAG File Processing Stats

File Path                         PID    Runtime      # DAGs    # Errors  Last Runtime    Last Run               Last # of DB Queries
--------------------------------  -----  ---------  --------  ----------  --------------  -------------------  ----------------------
/opt/airflow/dags/weather_etl.py                           1           0  1.70s           2026-09-14T22:45:10                      12
================================================================================
[2026-09-14T22:45:43.390+0000] {manager.py:997} INFO - 
================================================================================
DAG File Processing Stats

File Path                         PID    Runtime      # DAGs    # Errors  Last Runtime    Last Run               Last # of DB Queries
--------------------------------  -----  ---------  --------  ----------  --------------  -------------------  ----------------------
/opt/airflow/dags/weather_etl.py                           1           0  1.80s           2026-09-14T22:45:42                      12
================================================================================
[2026-09-14T22:46:13.796+0000] {manager.py:997} INFO - 
================================================================================
DAG File Processing Stats

File Path                           PID  Runtime      # DAGs    # Errors  Last Runtime    Last Run               Last # of DB Queries
--------------------------------  -----  ---------  --------  ----------  --------------  -------------------  ----------------------
/opt/airflow/dags/weather_etl.py    772  1.02s             1           0  1.80s           2026-09-14T22:45:42                      12
================================================================================
[2026-09-14T22:46:43.824+0000] {manager.py:997} INFO - 
================================================================================
DAG File Processing Stats

File Path                         PID    Runtime      # DAGs    # Errors  Last Runtime    Last Run               Last # of DB Queries
--------------------------------  -----  ---------  --------  ----------  --------------  -------------------  ----------------------
/opt/airflow/dags/weather_etl.py                           1           0  1.66s           2026-09-14T22:46:14                      12
================================================================================
[2026-09-14T22:46:47.571+0000] {manager.py:821} INFO - Searching for files in /opt/airflow/dags
[2026-09-14T22:46:47.630+0000] {manager.py:824} INFO - There are 1 files in /opt/airflow/dags
[2026-09-14T22:47:14.035+0000] {manager.py:997} INFO - 
================================================================================
DAG File Processing Stats

File Path                         PID    Runtime      # DAGs    # Errors  Last Runtime    Last Run               Last # of DB Queries
--------------------------------  -----  ---------  --------  ----------  --------------  -------------------  ----------------------
/opt/airflow/dags/weather_etl.py                           1           0  1.79s           2026-09-14T22:46:46                      12
================================================================================
[2026-09-14T22:47:44.125+0000] {manager.py:997} INFO - 
================================================================================
DAG File Processing Stats

File Path                         PID    Runtime      # DAGs    # Errors  Last Runtime    Last Run               Last # of DB Queries
--------------------------------  -----  ---------  --------  ----------  --------------  -------------------  ----------------------
/opt/airflow/dags/weather_etl.py                           1           0  1.68s           2026-09-14T22:47:18                      12
================================================================================
[2026-09-14T22:48:14.967+0000] {manager.py:997} INFO - 
================================================================================
DAG File Processing Stats

File Path                         PID    Runtime      # DAGs    # Errors  Last Runtime    Last Run               Last # of DB Queries
--------------------------------  -----  ---------  --------  ----------  --------------  -------------------  ----------------------
/opt/airflow/dags/weather_etl.py                           1           0  1.61s           2026-09-14T22:47:50                      12
================================================================================
[2026-09-14T22:48:45.531+0000] {manager.py:997} INFO - 
================================================================================
DAG File Processing Stats

File Path                         PID    Runtime      # DAGs    # Errors  Last Runtime    Last Run               Last # of DB Queries
--------------------------------  -----  ---------  --------  ----------  --------------  -------------------  ----------------------
/opt/airflow/dags/weather_etl.py                           1           0  1.53s           2026-09-14T22:48:22                      12
================================================================================
[2026-09-14T22:49:15.591+0000] {manager.py:997} INFO - 
================================================================================
DAG File Processing Stats

File Path                         PID    Runtime      # DAGs    # Errors  Last Runtime    Last Run               Last # of DB Queries
--------------------------------  -----  ---------  --------  ----------  --------------  -------------------  ----------------------
/opt/airflow/dags/weather_etl.py                           1           0  1.68s           2026-09-14T22:48:54                      12
================================================================================
[2026-09-14T22:49:45.973+0000] {manager.py:997} INFO - 
================================================================================
DAG File Processing Stats

File Path                         PID    Runtime      # DAGs    # Errors  Last Runtime    Last Run               Last # of DB Queries
--------------------------------  -----  ---------  --------  ----------  --------------  -------------------  ----------------------
/opt/airflow/dags/weather_etl.py                           1           0  1.67s           2026-09-14T22:49:26                      12
================================================================================
[2026-09-14T22:51:07.793+0000] {manager.py:997} INFO - 
================================================================================
DAG File Processing Stats

File Path                         PID    Runtime      # DAGs    # Errors  Last Runtime    Last Run               Last # of DB Queries
--------------------------------  -----  ---------  --------  ----------  --------------  -------------------  ----------------------
/opt/airflow/dags/weather_etl.py                           1           0  3.13s           2026-09-14T22:51:06                      12
================================================================================
[2026-09-14T22:51:38.218+0000] {manager.py:997} INFO - 
================================================================================
DAG File Processing Stats

File Path                           PID  Runtime      # DAGs    # Errors  Last Runtime    Last Run               Last # of DB Queries
--------------------------------  -----  ---------  --------  ----------  --------------  -------------------  ----------------------
/opt/airflow/dags/weather_etl.py    826  1.02s             1           0  3.13s           2026-09-14T22:51:06                      12
================================================================================
[2026-09-14T22:51:47.781+0000] {manager.py:821} INFO - Searching for files in /opt/airflow/dags
[2026-09-14T22:51:47.831+0000] {manager.py:824} INFO - There are 1 files in /opt/airflow/dags
[2026-09-14T22:52:08.611+0000] {manager.py:997} INFO - 
================================================================================
DAG File Processing Stats

File Path                         PID    Runtime      # DAGs    # Errors  Last Runtime    Last Run               Last # of DB Queries
--------------------------------  -----  ---------  --------  ----------  --------------  -------------------  ----------------------
/opt/airflow/dags/weather_etl.py                           1           0  1.47s           2026-09-14T22:51:38                      12
================================================================================
[2026-09-14T22:52:39.006+0000] {manager.py:997} INFO - 
================================================================================
DAG File Processing Stats

File Path                         PID    Runtime      # DAGs    # Errors  Last Runtime    Last Run               Last # of DB Queries
--------------------------------  -----  ---------  --------  ----------  --------------  -------------------  ----------------------
/opt/airflow/dags/weather_etl.py                           1           0  1.54s           2026-09-14T22:52:10                      12
================================================================================
[2026-09-14T22:53:09.472+0000] {manager.py:997} INFO - 
================================================================================
DAG File Processing Stats

File Path                         PID    Runtime      # DAGs    # Errors  Last Runtime    Last Run               Last # of DB Queries
--------------------------------  -----  ---------  --------  ----------  --------------  -------------------  ----------------------
/opt/airflow/dags/weather_etl.py                           1           0  1.54s           2026-09-14T22:52:42                      12
================================================================================
[2026-09-14T22:53:39.860+0000] {manager.py:997} INFO - 
================================================================================
DAG File Processing Stats

File Path                         PID    Runtime      # DAGs    # Errors  Last Runtime    Last Run               Last # of DB Queries
--------------------------------  -----  ---------  --------  ----------  --------------  -------------------  ----------------------
/opt/airflow/dags/weather_etl.py                           1           0  1.58s           2026-09-14T22:53:14                      12
================================================================================
[2026-09-14T22:54:10.258+0000] {manager.py:997} INFO - 
================================================================================
DAG File Processing Stats

File Path                         PID    Runtime      # DAGs    # Errors  Last Runtime    Last Run               Last # of DB Queries
--------------------------------  -----  ---------  --------  ----------  --------------  -------------------  ----------------------
/opt/airflow/dags/weather_etl.py                           1           0  1.51s           2026-09-14T22:53:46                      12
================================================================================
[2026-09-14T22:54:40.578+0000] {manager.py:997} INFO - 
================================================================================
DAG File Processing Stats

File Path                         PID    Runtime      # DAGs    # Errors  Last Runtime    Last Run               Last # of DB Queries
--------------------------------  -----  ---------  --------  ----------  --------------  -------------------  ----------------------
/opt/airflow/dags/weather_etl.py                           1           0  1.41s           2026-09-14T22:54:18                      12
================================================================================
[2026-09-14T22:55:10.987+0000] {manager.py:997} INFO - 
================================================================================
DAG File Processing Stats

File Path                         PID    Runtime      # DAGs    # Errors  Last Runtime    Last Run               Last # of DB Queries
--------------------------------  -----  ---------  --------  ----------  --------------  -------------------  ----------------------
/opt/airflow/dags/weather_etl.py                           1           0  1.58s           2026-09-14T22:54:50                      12
================================================================================
[2026-09-14T22:55:41.386+0000] {manager.py:997} INFO - 
================================================================================
DAG File Processing Stats

File Path                         PID    Runtime      # DAGs    # Errors  Last Runtime    Last Run               Last # of DB Queries
--------------------------------  -----  ---------  --------  ----------  --------------  -------------------  ----------------------
/opt/airflow/dags/weather_etl.py                           1           0  1.53s           2026-09-14T22:55:22                      12
================================================================================
[2026-09-14T22:56:11.466+0000] {manager.py:997} INFO - 
================================================================================
DAG File Processing Stats

File Path                         PID    Runtime      # DAGs    # Errors  Last Runtime    Last Run               Last # of DB Queries
--------------------------------  -----  ---------  --------  ----------  --------------  -------------------  ----------------------
/opt/airflow/dags/weather_etl.py                           1           0  1.68s           2026-09-14T22:55:54                      12
================================================================================
[2026-09-14T22:56:42.241+0000] {manager.py:997} INFO - 
================================================================================
DAG File Processing Stats

File Path                         PID    Runtime      # DAGs    # Errors  Last Runtime    Last Run               Last # of DB Queries
--------------------------------  -----  ---------  --------  ----------  --------------  -------------------  ----------------------
/opt/airflow/dags/weather_etl.py                           1           0  1.57s           2026-09-14T22:56:26                      12
================================================================================
[2026-09-14T22:56:48.338+0000] {manager.py:821} INFO - Searching for files in /opt/airflow/dags
[2026-09-14T22:56:48.384+0000] {manager.py:824} INFO - There are 1 files in /opt/airflow/dags
[2026-09-14T22:57:12.689+0000] {manager.py:997} INFO - 
================================================================================
DAG File Processing Stats

File Path                         PID    Runtime      # DAGs    # Errors  Last Runtime    Last Run               Last # of DB Queries
--------------------------------  -----  ---------  --------  ----------  --------------  -------------------  ----------------------
/opt/airflow/dags/weather_etl.py                           1           0  1.93s           2026-09-14T22:56:58                      12
================================================================================
[2026-09-14T22:57:43.148+0000] {manager.py:997} INFO - 
================================================================================
DAG File Processing Stats

File Path                         PID    Runtime      # DAGs    # Errors  Last Runtime    Last Run               Last # of DB Queries
--------------------------------  -----  ---------  --------  ----------  --------------  -------------------  ----------------------
/opt/airflow/dags/weather_etl.py                           1           0  1.49s           2026-09-14T22:57:30                      12
================================================================================
[2026-09-14T22:58:13.544+0000] {manager.py:997} INFO - 
================================================================================
DAG File Processing Stats

File Path                         PID    Runtime      # DAGs    # Errors  Last Runtime    Last Run               Last # of DB Queries
--------------------------------  -----  ---------  --------  ----------  --------------  -------------------  ----------------------
/opt/airflow/dags/weather_etl.py                           1           0  1.59s           2026-09-14T22:58:02                      12
================================================================================
[2026-09-14T22:58:43.644+0000] {manager.py:997} INFO - 
================================================================================
DAG File Processing Stats

File Path                         PID    Runtime      # DAGs    # Errors  Last Runtime    Last Run               Last # of DB Queries
--------------------------------  -----  ---------  --------  ----------  --------------  -------------------  ----------------------
/opt/airflow/dags/weather_etl.py                           1           0  1.70s           2026-09-14T22:58:34                      12
================================================================================
[2026-09-14T22:59:13.685+0000] {manager.py:997} INFO - 
================================================================================
DAG File Processing Stats

File Path                         PID    Runtime      # DAGs    # Errors  Last Runtime    Last Run               Last # of DB Queries
--------------------------------  -----  ---------  --------  ----------  --------------  -------------------  ----------------------
/opt/airflow/dags/weather_etl.py                           1           0  1.65s           2026-09-14T22:59:06                      12
================================================================================
[2026-09-14T22:59:44.071+0000] {manager.py:997} INFO - 
================================================================================
DAG File Processing Stats

File Path                         PID    Runtime      # DAGs    # Errors  Last Runtime    Last Run               Last # of DB Queries
--------------------------------  -----  ---------  --------  ----------  --------------  -------------------  ----------------------
/opt/airflow/dags/weather_etl.py                           1           0  1.61s           2026-09-14T22:59:38                      12
================================================================================
[2026-09-14T23:00:14.237+0000] {manager.py:997} INFO - 
================================================================================
DAG File Processing Stats

File Path                         PID    Runtime      # DAGs    # Errors  Last Runtime    Last Run               Last # of DB Queries
--------------------------------  -----  ---------  --------  ----------  --------------  -------------------  ----------------------
/opt/airflow/dags/weather_etl.py                           1           0  1.77s           2026-09-14T23:00:10                      12
================================================================================
[2026-09-14T23:00:44.306+0000] {manager.py:997} INFO - 
================================================================================
DAG File Processing Stats

File Path                         PID    Runtime      # DAGs    # Errors  Last Runtime    Last Run               Last # of DB Queries
--------------------------------  -----  ---------  --------  ----------  --------------  -------------------  ----------------------
/opt/airflow/dags/weather_etl.py                           1           0  1.70s           2026-09-14T23:00:42                      12
================================================================================
[2026-09-14T23:01:14.679+0000] {manager.py:997} INFO - 
================================================================================
DAG File Processing Stats

File Path                         PID    Runtime      # DAGs    # Errors  Last Runtime    Last Run               Last # of DB Queries
--------------------------------  -----  ---------  --------  ----------  --------------  -------------------  ----------------------
/opt/airflow/dags/weather_etl.py                           1           0  1.59s           2026-09-14T23:01:14                      12
================================================================================
[2026-09-14T23:01:45.065+0000] {manager.py:997} INFO - 
================================================================================
DAG File Processing Stats

File Path                           PID  Runtime      # DAGs    # Errors  Last Runtime    Last Run               Last # of DB Queries
--------------------------------  -----  ---------  --------  ----------  --------------  -------------------  ----------------------
/opt/airflow/dags/weather_etl.py    961  0.55s             1           0  1.59s           2026-09-14T23:01:14                      12
================================================================================
[2026-09-14T23:01:48.559+0000] {manager.py:821} INFO - Searching for files in /opt/airflow/dags
[2026-09-14T23:01:48.604+0000] {manager.py:824} INFO - There are 1 files in /opt/airflow/dags
[2026-09-14T23:02:15.381+0000] {manager.py:997} INFO - 
================================================================================
DAG File Processing Stats

File Path                         PID    Runtime      # DAGs    # Errors  Last Runtime    Last Run               Last # of DB Queries
--------------------------------  -----  ---------  --------  ----------  --------------  -------------------  ----------------------
/opt/airflow/dags/weather_etl.py                           1           0  1.50s           2026-09-14T23:01:46                      12
================================================================================
[2026-09-14T23:02:46.374+0000] {manager.py:997} INFO - 
================================================================================
DAG File Processing Stats

File Path                         PID    Runtime      # DAGs    # Errors  Last Runtime    Last Run               Last # of DB Queries
--------------------------------  -----  ---------  --------  ----------  --------------  -------------------  ----------------------
/opt/airflow/dags/weather_etl.py                           1           0  1.61s           2026-09-14T23:02:18                      12
================================================================================
[2026-09-14T23:03:16.794+0000] {manager.py:997} INFO - 
================================================================================
DAG File Processing Stats

File Path                         PID    Runtime      # DAGs    # Errors  Last Runtime    Last Run               Last # of DB Queries
--------------------------------  -----  ---------  --------  ----------  --------------  -------------------  ----------------------
/opt/airflow/dags/weather_etl.py                           1           0  1.51s           2026-09-14T23:02:49                      12
================================================================================
[2026-09-14T23:03:47.181+0000] {manager.py:997} INFO - 
================================================================================
DAG File Processing Stats

File Path                         PID    Runtime      # DAGs    # Errors  Last Runtime    Last Run               Last # of DB Queries
--------------------------------  -----  ---------  --------  ----------  --------------  -------------------  ----------------------
/opt/airflow/dags/weather_etl.py                           1           0  1.57s           2026-09-14T23:03:21                      12
================================================================================
[2026-09-14T23:04:17.401+0000] {manager.py:997} INFO - 
================================================================================
DAG File Processing Stats

File Path                         PID    Runtime      # DAGs    # Errors  Last Runtime    Last Run               Last # of DB Queries
--------------------------------  -----  ---------  --------  ----------  --------------  -------------------  ----------------------
/opt/airflow/dags/weather_etl.py                           1           0  1.82s           2026-09-14T23:03:54                      12
================================================================================
[2026-09-14T23:04:47.969+0000] {manager.py:997} INFO - 
================================================================================
DAG File Processing Stats

File Path                         PID    Runtime      # DAGs    # Errors  Last Runtime    Last Run               Last # of DB Queries
--------------------------------  -----  ---------  --------  ----------  --------------  -------------------  ----------------------
/opt/airflow/dags/weather_etl.py                           1           0  1.55s           2026-09-14T23:04:26                      12
================================================================================
[2026-09-14T23:05:18.045+0000] {manager.py:997} INFO - 
================================================================================
DAG File Processing Stats

File Path                         PID    Runtime      # DAGs    # Errors  Last Runtime    Last Run               Last # of DB Queries
--------------------------------  -----  ---------  --------  ----------  --------------  -------------------  ----------------------
/opt/airflow/dags/weather_etl.py                           1           0  1.69s           2026-09-14T23:04:57                      12
================================================================================
[2026-09-14T23:05:48.420+0000] {manager.py:997} INFO - 
================================================================================
DAG File Processing Stats

File Path                         PID    Runtime      # DAGs    # Errors  Last Runtime    Last Run               Last # of DB Queries
--------------------------------  -----  ---------  --------  ----------  --------------  -------------------  ----------------------
/opt/airflow/dags/weather_etl.py                           1           0  1.73s           2026-09-14T23:05:29                      12
================================================================================
[2026-09-14T23:06:18.816+0000] {manager.py:997} INFO - 
================================================================================
DAG File Processing Stats

File Path                         PID    Runtime      # DAGs    # Errors  Last Runtime    Last Run               Last # of DB Queries
--------------------------------  -----  ---------  --------  ----------  --------------  -------------------  ----------------------
/opt/airflow/dags/weather_etl.py                           1           0  1.72s           2026-09-14T23:06:01                      12
================================================================================
[2026-09-14T23:06:48.820+0000] {manager.py:821} INFO - Searching for files in /opt/airflow/dags
[2026-09-14T23:06:48.873+0000] {manager.py:824} INFO - There are 1 files in /opt/airflow/dags
[2026-09-14T23:06:48.906+0000] {manager.py:997} INFO - 
================================================================================
DAG File Processing Stats

File Path                         PID    Runtime      # DAGs    # Errors  Last Runtime    Last Run               Last # of DB Queries
--------------------------------  -----  ---------  --------  ----------  --------------  -------------------  ----------------------
/opt/airflow/dags/weather_etl.py                           1           0  1.64s           2026-09-14T23:06:33                      12
================================================================================
[2026-09-14T23:07:18.978+0000] {manager.py:997} INFO - 
================================================================================
DAG File Processing Stats

File Path                         PID    Runtime      # DAGs    # Errors  Last Runtime    Last Run               Last # of DB Queries
--------------------------------  -----  ---------  --------  ----------  --------------  -------------------  ----------------------
/opt/airflow/dags/weather_etl.py                           1           0  1.68s           2026-09-14T23:07:05                      12
================================================================================
[2026-09-14T23:07:49.360+0000] {manager.py:997} INFO - 
================================================================================
DAG File Processing Stats

File Path                         PID    Runtime      # DAGs    # Errors  Last Runtime    Last Run               Last # of DB Queries
--------------------------------  -----  ---------  --------  ----------  --------------  -------------------  ----------------------
/opt/airflow/dags/weather_etl.py                           1           0  1.75s           2026-09-14T23:07:37                      12
================================================================================
[2026-09-14T23:08:19.773+0000] {manager.py:997} INFO - 
================================================================================
DAG File Processing Stats

File Path                         PID    Runtime      # DAGs    # Errors  Last Runtime    Last Run               Last # of DB Queries
--------------------------------  -----  ---------  --------  ----------  --------------  -------------------  ----------------------
/opt/airflow/dags/weather_etl.py                           1           0  1.80s           2026-09-14T23:08:09                      12
================================================================================
[2026-09-14T23:08:49.894+0000] {manager.py:997} INFO - 
================================================================================
DAG File Processing Stats

File Path                         PID    Runtime      # DAGs    # Errors  Last Runtime    Last Run               Last # of DB Queries
--------------------------------  -----  ---------  --------  ----------  --------------  -------------------  ----------------------
/opt/airflow/dags/weather_etl.py                           1           0  1.73s           2026-09-14T23:08:41                      12
================================================================================
[2026-09-14T23:09:20.294+0000] {manager.py:997} INFO - 
================================================================================
DAG File Processing Stats

File Path                         PID    Runtime      # DAGs    # Errors  Last Runtime    Last Run               Last # of DB Queries
--------------------------------  -----  ---------  --------  ----------  --------------  -------------------  ----------------------
/opt/airflow/dags/weather_etl.py                           1           0  1.58s           2026-09-14T23:09:13                      12
================================================================================
[2026-09-14T23:09:50.681+0000] {manager.py:997} INFO - 
================================================================================
DAG File Processing Stats

File Path                         PID    Runtime      # DAGs    # Errors  Last Runtime    Last Run               Last # of DB Queries
--------------------------------  -----  ---------  --------  ----------  --------------  -------------------  ----------------------
/opt/airflow/dags/weather_etl.py                           1           0  1.65s           2026-09-14T23:09:45                      12
================================================================================
[2026-09-14T23:10:20.729+0000] {manager.py:997} INFO - 
================================================================================
DAG File Processing Stats

File Path                         PID    Runtime      # DAGs    # Errors  Last Runtime    Last Run               Last # of DB Queries
--------------------------------  -----  ---------  --------  ----------  --------------  -------------------  ----------------------
/opt/airflow/dags/weather_etl.py                           1           0  1.65s           2026-09-14T23:10:17                      12
================================================================================
[2026-09-14T23:10:51.087+0000] {manager.py:997} INFO - 
================================================================================
DAG File Processing Stats

File Path                         PID    Runtime      # DAGs    # Errors  Last Runtime    Last Run               Last # of DB Queries
--------------------------------  -----  ---------  --------  ----------  --------------  -------------------  ----------------------
/opt/airflow/dags/weather_etl.py                           1           0  1.96s           2026-09-14T23:10:50                      12
================================================================================
[2026-09-14T23:11:21.140+0000] {manager.py:997} INFO - 
================================================================================
DAG File Processing Stats

File Path                           PID  Runtime      # DAGs    # Errors  Last Runtime    Last Run               Last # of DB Queries
--------------------------------  -----  ---------  --------  ----------  --------------  -------------------  ----------------------
/opt/airflow/dags/weather_etl.py   1069  1.02s             1           0  1.96s           2026-09-14T23:10:50                      12
================================================================================
[2026-09-14T23:11:48.824+0000] {manager.py:821} INFO - Searching for files in /opt/airflow/dags
[2026-09-14T23:11:48.867+0000] {manager.py:824} INFO - There are 1 files in /opt/airflow/dags
[2026-09-14T23:11:51.274+0000] {manager.py:997} INFO - 
================================================================================
DAG File Processing Stats

File Path                         PID    Runtime      # DAGs    # Errors  Last Runtime    Last Run               Last # of DB Queries
--------------------------------  -----  ---------  --------  ----------  --------------  -------------------  ----------------------
/opt/airflow/dags/weather_etl.py                           1           0  1.78s           2026-09-14T23:11:21                      12
================================================================================
[2026-09-14T23:12:21.685+0000] {manager.py:997} INFO - 
================================================================================
DAG File Processing Stats

File Path                         PID    Runtime      # DAGs    # Errors  Last Runtime    Last Run               Last # of DB Queries
--------------------------------  -----  ---------  --------  ----------  --------------  -------------------  ----------------------
/opt/airflow/dags/weather_etl.py                           1           0  1.68s           2026-09-14T23:11:53                      12
================================================================================
[2026-09-14T23:12:51.892+0000] {manager.py:997} INFO - 
================================================================================
DAG File Processing Stats

File Path                         PID    Runtime      # DAGs    # Errors  Last Runtime    Last Run               Last # of DB Queries
--------------------------------  -----  ---------  --------  ----------  --------------  -------------------  ----------------------
/opt/airflow/dags/weather_etl.py                           1           0  1.83s           2026-09-14T23:12:25                      12
================================================================================
[2026-09-14T23:13:22.004+0000] {manager.py:997} INFO - 
================================================================================
DAG File Processing Stats

File Path                         PID    Runtime      # DAGs    # Errors  Last Runtime    Last Run               Last # of DB Queries
--------------------------------  -----  ---------  --------  ----------  --------------  -------------------  ----------------------
/opt/airflow/dags/weather_etl.py                           1           0  1.73s           2026-09-14T23:12:57                      12
================================================================================
[2026-09-14T23:13:52.378+0000] {manager.py:997} INFO - 
================================================================================
DAG File Processing Stats

File Path                         PID    Runtime      # DAGs    # Errors  Last Runtime    Last Run               Last # of DB Queries
--------------------------------  -----  ---------  --------  ----------  --------------  -------------------  ----------------------
/opt/airflow/dags/weather_etl.py                           1           0  1.78s           2026-09-14T23:13:29                      12
================================================================================
[2026-09-14T23:14:22.779+0000] {manager.py:997} INFO - 
================================================================================
DAG File Processing Stats

File Path                         PID    Runtime      # DAGs    # Errors  Last Runtime    Last Run               Last # of DB Queries
--------------------------------  -----  ---------  --------  ----------  --------------  -------------------  ----------------------
/opt/airflow/dags/weather_etl.py                           1           0  1.51s           2026-09-14T23:14:01                      12
================================================================================
[2026-09-14T23:14:53.233+0000] {manager.py:997} INFO - 
================================================================================
DAG File Processing Stats

File Path                         PID    Runtime      # DAGs    # Errors  Last Runtime    Last Run               Last # of DB Queries
--------------------------------  -----  ---------  --------  ----------  --------------  -------------------  ----------------------
/opt/airflow/dags/weather_etl.py                           1           0  1.55s           2026-09-14T23:14:33                      12
================================================================================
[2026-09-14T23:15:23.617+0000] {manager.py:997} INFO - 
================================================================================
DAG File Processing Stats

File Path                         PID    Runtime      # DAGs    # Errors  Last Runtime    Last Run               Last # of DB Queries
--------------------------------  -----  ---------  --------  ----------  --------------  -------------------  ----------------------
/opt/airflow/dags/weather_etl.py                           1           0  1.79s           2026-09-14T23:15:05                      12
================================================================================
[2026-09-14T23:15:54.305+0000] {manager.py:997} INFO - 
================================================================================
DAG File Processing Stats

File Path                         PID    Runtime      # DAGs    # Errors  Last Runtime    Last Run               Last # of DB Queries
--------------------------------  -----  ---------  --------  ----------  --------------  -------------------  ----------------------
/opt/airflow/dags/weather_etl.py                           1           0  1.58s           2026-09-14T23:15:37                      12
================================================================================
[2026-09-14T23:16:24.371+0000] {manager.py:997} INFO - 
================================================================================
DAG File Processing Stats

File Path                         PID    Runtime      # DAGs    # Errors  Last Runtime    Last Run               Last # of DB Queries
--------------------------------  -----  ---------  --------  ----------  --------------  -------------------  ----------------------
/opt/airflow/dags/weather_etl.py                           1           0  1.69s           2026-09-14T23:16:09                      12
================================================================================
[2026-09-14T23:16:49.272+0000] {manager.py:821} INFO - Searching for files in /opt/airflow/dags
[2026-09-14T23:16:49.324+0000] {manager.py:824} INFO - There are 1 files in /opt/airflow/dags
[2026-09-14T23:16:54.944+0000] {manager.py:997} INFO - 
================================================================================
DAG File Processing Stats

File Path                         PID    Runtime      # DAGs    # Errors  Last Runtime    Last Run               Last # of DB Queries
--------------------------------  -----  ---------  --------  ----------  --------------  -------------------  ----------------------
/opt/airflow/dags/weather_etl.py                           1           0  1.75s           2026-09-14T23:16:41                      12
================================================================================
[2026-09-14T23:17:25.397+0000] {manager.py:997} INFO - 
================================================================================
DAG File Processing Stats

File Path                         PID    Runtime      # DAGs    # Errors  Last Runtime    Last Run               Last # of DB Queries
--------------------------------  -----  ---------  --------  ----------  --------------  -------------------  ----------------------
/opt/airflow/dags/weather_etl.py                           1           0  1.33s           2026-09-14T23:17:13                      12
================================================================================
[2026-09-14T23:17:56.075+0000] {manager.py:997} INFO - 
================================================================================
DAG File Processing Stats

File Path                         PID    Runtime      # DAGs    # Errors  Last Runtime    Last Run               Last # of DB Queries
--------------------------------  -----  ---------  --------  ----------  --------------  -------------------  ----------------------
/opt/airflow/dags/weather_etl.py                           1           0  1.42s           2026-09-14T23:17:45                      12
================================================================================
[2026-09-14T23:18:26.624+0000] {manager.py:997} INFO - 
================================================================================
DAG File Processing Stats

File Path                         PID    Runtime      # DAGs    # Errors  Last Runtime    Last Run               Last # of DB Queries
--------------------------------  -----  ---------  --------  ----------  --------------  -------------------  ----------------------
/opt/airflow/dags/weather_etl.py                           1           0  1.42s           2026-09-14T23:18:16                      12
================================================================================
[2026-09-14T23:18:57.316+0000] {manager.py:997} INFO - 
================================================================================
DAG File Processing Stats

File Path                         PID    Runtime      # DAGs    # Errors  Last Runtime    Last Run               Last # of DB Queries
--------------------------------  -----  ---------  --------  ----------  --------------  -------------------  ----------------------
/opt/airflow/dags/weather_etl.py                           1           0  1.38s           2026-09-14T23:18:48                      12
================================================================================
[2026-09-14T23:19:27.790+0000] {manager.py:997} INFO - 
================================================================================
DAG File Processing Stats

File Path                         PID    Runtime      # DAGs    # Errors  Last Runtime    Last Run               Last # of DB Queries
--------------------------------  -----  ---------  --------  ----------  --------------  -------------------  ----------------------
/opt/airflow/dags/weather_etl.py                           1           0  1.58s           2026-09-14T23:19:20                      12
================================================================================
[2026-09-14T23:19:58.102+0000] {manager.py:997} INFO - 
================================================================================
DAG File Processing Stats

File Path                         PID    Runtime      # DAGs    # Errors  Last Runtime    Last Run               Last # of DB Queries
--------------------------------  -----  ---------  --------  ----------  --------------  -------------------  ----------------------
/opt/airflow/dags/weather_etl.py                           1           0  1.40s           2026-09-14T23:19:52                      12
================================================================================
[2026-09-14T23:20:28.138+0000] {manager.py:997} INFO - 
================================================================================
DAG File Processing Stats

File Path                         PID    Runtime      # DAGs    # Errors  Last Runtime    Last Run               Last # of DB Queries
--------------------------------  -----  ---------  --------  ----------  --------------  -------------------  ----------------------
/opt/airflow/dags/weather_etl.py                           1           0  1.32s           2026-09-14T23:20:23                      12
================================================================================
[2026-09-14T23:20:58.563+0000] {manager.py:997} INFO - 
================================================================================
DAG File Processing Stats

File Path                         PID    Runtime      # DAGs    # Errors  Last Runtime    Last Run               Last # of DB Queries
--------------------------------  -----  ---------  --------  ----------  --------------  -------------------  ----------------------
/opt/airflow/dags/weather_etl.py                           1           0  1.25s           2026-09-14T23:20:54                      12
================================================================================
[2026-09-14T23:21:29.217+0000] {manager.py:997} INFO - 
================================================================================
DAG File Processing Stats

File Path                         PID    Runtime      # DAGs    # Errors  Last Runtime    Last Run               Last # of DB Queries
--------------------------------  -----  ---------  --------  ----------  --------------  -------------------  ----------------------
/opt/airflow/dags/weather_etl.py                           1           0  1.30s           2026-09-14T23:21:26                      12
================================================================================
[2026-09-14T23:21:49.469+0000] {manager.py:821} INFO - Searching for files in /opt/airflow/dags
[2026-09-14T23:21:49.515+0000] {manager.py:824} INFO - There are 1 files in /opt/airflow/dags
[2026-09-14T23:21:59.731+0000] {manager.py:997} INFO - 
================================================================================
DAG File Processing Stats

File Path                         PID    Runtime      # DAGs    # Errors  Last Runtime    Last Run               Last # of DB Queries
--------------------------------  -----  ---------  --------  ----------  --------------  -------------------  ----------------------
/opt/airflow/dags/weather_etl.py                           1           0  1.27s           2026-09-14T23:21:57                      12
================================================================================
[2026-09-14T23:22:30.372+0000] {manager.py:997} INFO - 
================================================================================
DAG File Processing Stats

File Path                         PID    Runtime      # DAGs    # Errors  Last Runtime    Last Run               Last # of DB Queries
--------------------------------  -----  ---------  --------  ----------  --------------  -------------------  ----------------------
/opt/airflow/dags/weather_etl.py                           1           0  1.35s           2026-09-14T23:22:29                      12
================================================================================
[2026-09-14T23:23:00.794+0000] {manager.py:997} INFO - 
================================================================================
DAG File Processing Stats

File Path                           PID  Runtime      # DAGs    # Errors  Last Runtime    Last Run               Last # of DB Queries
--------------------------------  -----  ---------  --------  ----------  --------------  -------------------  ----------------------
/opt/airflow/dags/weather_etl.py   1201  1.02s             1           0  1.35s           2026-09-14T23:22:29                      12
================================================================================
[2026-09-14T23:23:31.268+0000] {manager.py:997} INFO - 
================================================================================
DAG File Processing Stats

File Path                           PID  Runtime      # DAGs    # Errors  Last Runtime    Last Run               Last # of DB Queries
--------------------------------  -----  ---------  --------  ----------  --------------  -------------------  ----------------------
/opt/airflow/dags/weather_etl.py   1207  0.01s             1           0  1.24s           2026-09-14T23:23:01                      12
================================================================================
[2026-09-14T23:24:01.784+0000] {manager.py:997} INFO - 
================================================================================
DAG File Processing Stats

File Path                         PID    Runtime      # DAGs    # Errors  Last Runtime    Last Run               Last # of DB Queries
--------------------------------  -----  ---------  --------  ----------  --------------  -------------------  ----------------------
/opt/airflow/dags/weather_etl.py                           1           0  1.45s           2026-09-14T23:23:32                      12
================================================================================
[2026-09-14T23:24:32.467+0000] {manager.py:997} INFO - 
================================================================================
DAG File Processing Stats

File Path                         PID    Runtime      # DAGs    # Errors  Last Runtime    Last Run               Last # of DB Queries
--------------------------------  -----  ---------  --------  ----------  --------------  -------------------  ----------------------
/opt/airflow/dags/weather_etl.py                           1           0  1.36s           2026-09-14T23:24:04                      12
================================================================================
[2026-09-14T23:25:02.906+0000] {manager.py:997} INFO - 
================================================================================
DAG File Processing Stats

File Path                         PID    Runtime      # DAGs    # Errors  Last Runtime    Last Run               Last # of DB Queries
--------------------------------  -----  ---------  --------  ----------  --------------  -------------------  ----------------------
/opt/airflow/dags/weather_etl.py                           1           0  1.43s           2026-09-14T23:24:35                      12
================================================================================
[2026-09-14T23:25:32.913+0000] {manager.py:997} INFO - 
================================================================================
DAG File Processing Stats

File Path                         PID    Runtime      # DAGs    # Errors  Last Runtime    Last Run               Last # of DB Queries
--------------------------------  -----  ---------  --------  ----------  --------------  -------------------  ----------------------
/opt/airflow/dags/weather_etl.py                           1           0  1.27s           2026-09-14T23:25:07                      12
================================================================================
[2026-09-14T23:26:03.314+0000] {manager.py:997} INFO - 
================================================================================
DAG File Processing Stats

File Path                         PID    Runtime      # DAGs    # Errors  Last Runtime    Last Run               Last # of DB Queries
--------------------------------  -----  ---------  --------  ----------  --------------  -------------------  ----------------------
/opt/airflow/dags/weather_etl.py                           1           0  1.33s           2026-09-14T23:25:39                      12
================================================================================
[2026-09-14T23:26:33.773+0000] {manager.py:997} INFO - 
================================================================================
DAG File Processing Stats

File Path                         PID    Runtime      # DAGs    # Errors  Last Runtime    Last Run               Last # of DB Queries
--------------------------------  -----  ---------  --------  ----------  --------------  -------------------  ----------------------
/opt/airflow/dags/weather_etl.py                           1           0  1.41s           2026-09-14T23:26:10                      12
================================================================================
[2026-09-14T23:26:50.324+0000] {manager.py:821} INFO - Searching for files in /opt/airflow/dags
[2026-09-14T23:26:50.372+0000] {manager.py:824} INFO - There are 1 files in /opt/airflow/dags
[2026-09-14T23:27:04.594+0000] {manager.py:997} INFO - 
================================================================================
DAG File Processing Stats

File Path                         PID    Runtime      # DAGs    # Errors  Last Runtime    Last Run               Last # of DB Queries
--------------------------------  -----  ---------  --------  ----------  --------------  -------------------  ----------------------
/opt/airflow/dags/weather_etl.py                           1           0  1.39s           2026-09-14T23:26:42                      12
================================================================================
[2026-09-14T23:27:35.036+0000] {manager.py:997} INFO - 
================================================================================
DAG File Processing Stats

File Path                         PID    Runtime      # DAGs    # Errors  Last Runtime    Last Run               Last # of DB Queries
--------------------------------  -----  ---------  --------  ----------  --------------  -------------------  ----------------------
/opt/airflow/dags/weather_etl.py                           1           0  1.28s           2026-09-14T23:27:13                      12
================================================================================
[2026-09-14T23:28:05.667+0000] {manager.py:997} INFO - 
================================================================================
DAG File Processing Stats

File Path                         PID    Runtime      # DAGs    # Errors  Last Runtime    Last Run               Last # of DB Queries
--------------------------------  -----  ---------  --------  ----------  --------------  -------------------  ----------------------
/opt/airflow/dags/weather_etl.py                           1           0  1.28s           2026-09-14T23:27:45                      12
================================================================================
[2026-09-14T23:28:36.115+0000] {manager.py:997} INFO - 
================================================================================
DAG File Processing Stats

File Path                         PID    Runtime      # DAGs    # Errors  Last Runtime    Last Run               Last # of DB Queries
--------------------------------  -----  ---------  --------  ----------  --------------  -------------------  ----------------------
/opt/airflow/dags/weather_etl.py                           1           0  1.17s           2026-09-14T23:28:16                      12
================================================================================
[2026-09-14T23:29:06.629+0000] {manager.py:997} INFO - 
================================================================================
DAG File Processing Stats

File Path                         PID    Runtime      # DAGs    # Errors  Last Runtime    Last Run               Last # of DB Queries
--------------------------------  -----  ---------  --------  ----------  --------------  -------------------  ----------------------
/opt/airflow/dags/weather_etl.py                           1           0  1.38s           2026-09-14T23:28:48                      12
================================================================================
[2026-09-14T23:29:37.061+0000] {manager.py:997} INFO - 
================================================================================
DAG File Processing Stats

File Path                         PID    Runtime      # DAGs    # Errors  Last Runtime    Last Run               Last # of DB Queries
--------------------------------  -----  ---------  --------  ----------  --------------  -------------------  ----------------------
/opt/airflow/dags/weather_etl.py                           1           0  1.27s           2026-09-14T23:29:20                      12
================================================================================
[2026-09-14T23:30:07.713+0000] {manager.py:997} INFO - 
================================================================================
DAG File Processing Stats

File Path                         PID    Runtime      # DAGs    # Errors  Last Runtime    Last Run               Last # of DB Queries
--------------------------------  -----  ---------  --------  ----------  --------------  -------------------  ----------------------
/opt/airflow/dags/weather_etl.py                           1           0  1.44s           2026-09-14T23:29:51                      12
================================================================================
[2026-09-14T23:30:38.297+0000] {manager.py:997} INFO - 
================================================================================
DAG File Processing Stats

File Path                         PID    Runtime      # DAGs    # Errors  Last Runtime    Last Run               Last # of DB Queries
--------------------------------  -----  ---------  --------  ----------  --------------  -------------------  ----------------------
/opt/airflow/dags/weather_etl.py                           1           0  1.54s           2026-09-14T23:30:23                      12
================================================================================
[2026-09-14T23:31:08.721+0000] {manager.py:997} INFO - 
================================================================================
DAG File Processing Stats

File Path                         PID    Runtime      # DAGs    # Errors  Last Runtime    Last Run               Last # of DB Queries
--------------------------------  -----  ---------  --------  ----------  --------------  -------------------  ----------------------
/opt/airflow/dags/weather_etl.py                           1           0  1.22s           2026-09-14T23:30:54                      12
================================================================================
[2026-09-14T23:31:39.358+0000] {manager.py:997} INFO - 
================================================================================
DAG File Processing Stats

File Path                         PID    Runtime      # DAGs    # Errors  Last Runtime    Last Run               Last # of DB Queries
--------------------------------  -----  ---------  --------  ----------  --------------  -------------------  ----------------------
/opt/airflow/dags/weather_etl.py                           1           0  1.39s           2026-09-14T23:31:26                      12
================================================================================
[2026-09-14T23:31:50.490+0000] {manager.py:821} INFO - Searching for files in /opt/airflow/dags
[2026-09-14T23:31:50.542+0000] {manager.py:824} INFO - There are 1 files in /opt/airflow/dags
[2026-09-14T23:32:09.911+0000] {manager.py:997} INFO - 
================================================================================
DAG File Processing Stats

File Path                         PID    Runtime      # DAGs    # Errors  Last Runtime    Last Run               Last # of DB Queries
--------------------------------  -----  ---------  --------  ----------  --------------  -------------------  ----------------------
/opt/airflow/dags/weather_etl.py                           1           0  1.20s           2026-09-14T23:31:57                      12
================================================================================
[2026-09-14T23:32:40.445+0000] {manager.py:997} INFO - 
================================================================================
DAG File Processing Stats

File Path                         PID    Runtime      # DAGs    # Errors  Last Runtime    Last Run               Last # of DB Queries
--------------------------------  -----  ---------  --------  ----------  --------------  -------------------  ----------------------
/opt/airflow/dags/weather_etl.py                           1           0  1.32s           2026-09-14T23:32:29                      12
================================================================================
[2026-09-14T23:33:11.068+0000] {manager.py:997} INFO - 
================================================================================
DAG File Processing Stats

File Path                         PID    Runtime      # DAGs    # Errors  Last Runtime    Last Run               Last # of DB Queries
--------------------------------  -----  ---------  --------  ----------  --------------  -------------------  ----------------------
/opt/airflow/dags/weather_etl.py                           1           0  1.37s           2026-09-14T23:33:01                      12
================================================================================
[2026-09-14T23:33:41.616+0000] {manager.py:997} INFO - 
================================================================================
DAG File Processing Stats

File Path                         PID    Runtime      # DAGs    # Errors  Last Runtime    Last Run               Last # of DB Queries
--------------------------------  -----  ---------  --------  ----------  --------------  -------------------  ----------------------
/opt/airflow/dags/weather_etl.py                           1           0  1.38s           2026-09-14T23:33:32                      12
================================================================================
[2026-09-14T23:34:12.266+0000] {manager.py:997} INFO - 
================================================================================
DAG File Processing Stats

File Path                         PID    Runtime      # DAGs    # Errors  Last Runtime    Last Run               Last # of DB Queries
--------------------------------  -----  ---------  --------  ----------  --------------  -------------------  ----------------------
/opt/airflow/dags/weather_etl.py                           1           0  1.33s           2026-09-14T23:34:04                      12
================================================================================
[2026-09-14T23:34:42.750+0000] {manager.py:997} INFO - 
================================================================================
DAG File Processing Stats

File Path                         PID    Runtime      # DAGs    # Errors  Last Runtime    Last Run               Last # of DB Queries
--------------------------------  -----  ---------  --------  ----------  --------------  -------------------  ----------------------
/opt/airflow/dags/weather_etl.py                           1           0  1.42s           2026-09-14T23:34:35                      12
================================================================================
[2026-09-14T23:35:13.482+0000] {manager.py:997} INFO - 
================================================================================
DAG File Processing Stats

File Path                         PID    Runtime      # DAGs    # Errors  Last Runtime    Last Run               Last # of DB Queries
--------------------------------  -----  ---------  --------  ----------  --------------  -------------------  ----------------------
/opt/airflow/dags/weather_etl.py                           1           0  1.35s           2026-09-14T23:35:07                      12
================================================================================
[2026-09-14T23:35:43.922+0000] {manager.py:997} INFO - 
================================================================================
DAG File Processing Stats

File Path                         PID    Runtime      # DAGs    # Errors  Last Runtime    Last Run               Last # of DB Queries
--------------------------------  -----  ---------  --------  ----------  --------------  -------------------  ----------------------
/opt/airflow/dags/weather_etl.py                           1           0  1.32s           2026-09-14T23:35:39                      12
================================================================================
[2026-09-14T23:36:14.609+0000] {manager.py:997} INFO - 
================================================================================
DAG File Processing Stats

File Path                         PID    Runtime      # DAGs    # Errors  Last Runtime    Last Run               Last # of DB Queries
--------------------------------  -----  ---------  --------  ----------  --------------  -------------------  ----------------------
/opt/airflow/dags/weather_etl.py                           1           0  1.29s           2026-09-14T23:36:10                      12
================================================================================
[2026-09-14T23:36:45.057+0000] {manager.py:997} INFO - 
================================================================================
DAG File Processing Stats

File Path                         PID    Runtime      # DAGs    # Errors  Last Runtime    Last Run               Last # of DB Queries
--------------------------------  -----  ---------  --------  ----------  --------------  -------------------  ----------------------
/opt/airflow/dags/weather_etl.py                           1           0  1.31s           2026-09-14T23:36:42                      12
================================================================================
[2026-09-14T23:36:51.129+0000] {manager.py:821} INFO - Searching for files in /opt/airflow/dags
[2026-09-14T23:36:51.183+0000] {manager.py:824} INFO - There are 1 files in /opt/airflow/dags
[2026-09-14T23:37:15.736+0000] {manager.py:997} INFO - 
================================================================================
DAG File Processing Stats

File Path                         PID    Runtime      # DAGs    # Errors  Last Runtime    Last Run               Last # of DB Queries
--------------------------------  -----  ---------  --------  ----------  --------------  -------------------  ----------------------
/opt/airflow/dags/weather_etl.py                           1           0  1.41s           2026-09-14T23:37:13                      12
================================================================================
[2026-09-14T23:37:46.343+0000] {manager.py:997} INFO - 
================================================================================
DAG File Processing Stats

File Path                         PID    Runtime      # DAGs    # Errors  Last Runtime    Last Run               Last # of DB Queries
--------------------------------  -----  ---------  --------  ----------  --------------  -------------------  ----------------------
/opt/airflow/dags/weather_etl.py                           1           0  1.49s           2026-09-14T23:37:45                      12
================================================================================
[2026-09-14T23:38:16.760+0000] {manager.py:997} INFO - 
================================================================================
DAG File Processing Stats

File Path                           PID  Runtime      # DAGs    # Errors  Last Runtime    Last Run               Last # of DB Queries
--------------------------------  -----  ---------  --------  ----------  --------------  -------------------  ----------------------
/opt/airflow/dags/weather_etl.py   1376  1.03s             1           0  1.49s           2026-09-14T23:37:45                      12
================================================================================
[2026-09-14T23:38:47.196+0000] {manager.py:997} INFO - 
================================================================================
DAG File Processing Stats

File Path                           PID  Runtime      # DAGs    # Errors  Last Runtime    Last Run               Last # of DB Queries
--------------------------------  -----  ---------  --------  ----------  --------------  -------------------  ----------------------
/opt/airflow/dags/weather_etl.py   1382  0.01s             1           0  1.31s           2026-09-14T23:38:17                      12
================================================================================
[2026-09-14T23:39:17.584+0000] {manager.py:997} INFO - 
================================================================================
DAG File Processing Stats

File Path                         PID    Runtime      # DAGs    # Errors  Last Runtime    Last Run               Last # of DB Queries
--------------------------------  -----  ---------  --------  ----------  --------------  -------------------  ----------------------
/opt/airflow/dags/weather_etl.py                           1           0  1.22s           2026-09-14T23:38:48                      12
================================================================================
[2026-09-14T23:39:48.181+0000] {manager.py:997} INFO - 
================================================================================
DAG File Processing Stats

File Path                         PID    Runtime      # DAGs    # Errors  Last Runtime    Last Run               Last # of DB Queries
--------------------------------  -----  ---------  --------  ----------  --------------  -------------------  ----------------------
/opt/airflow/dags/weather_etl.py                           1           0  1.32s           2026-09-14T23:39:19                      12
================================================================================
[2026-09-14T23:40:18.702+0000] {manager.py:997} INFO - 
================================================================================
DAG File Processing Stats

File Path                         PID    Runtime      # DAGs    # Errors  Last Runtime    Last Run               Last # of DB Queries
--------------------------------  -----  ---------  --------  ----------  --------------  -------------------  ----------------------
/opt/airflow/dags/weather_etl.py                           1           0  1.36s           2026-09-14T23:39:51                      12
================================================================================
[2026-09-14T23:40:49.150+0000] {manager.py:997} INFO - 
================================================================================
DAG File Processing Stats

File Path                         PID    Runtime      # DAGs    # Errors  Last Runtime    Last Run               Last # of DB Queries
--------------------------------  -----  ---------  --------  ----------  --------------  -------------------  ----------------------
/opt/airflow/dags/weather_etl.py                           1           0  1.19s           2026-09-14T23:40:22                      12
================================================================================
[2026-09-14T23:41:19.709+0000] {manager.py:997} INFO - 
================================================================================
DAG File Processing Stats

File Path                         PID    Runtime      # DAGs    # Errors  Last Runtime    Last Run               Last # of DB Queries
--------------------------------  -----  ---------  --------  ----------  --------------  -------------------  ----------------------
/opt/airflow/dags/weather_etl.py                           1           0  1.47s           2026-09-14T23:40:54                      12
================================================================================
[2026-09-14T23:41:50.464+0000] {manager.py:997} INFO - 
================================================================================
DAG File Processing Stats

File Path                         PID    Runtime      # DAGs    # Errors  Last Runtime    Last Run               Last # of DB Queries
--------------------------------  -----  ---------  --------  ----------  --------------  -------------------  ----------------------
/opt/airflow/dags/weather_etl.py                           1           0  1.36s           2026-09-14T23:41:26                      12
================================================================================
[2026-09-14T23:41:51.473+0000] {manager.py:821} INFO - Searching for files in /opt/airflow/dags
[2026-09-14T23:41:51.535+0000] {manager.py:824} INFO - There are 1 files in /opt/airflow/dags
[2026-09-14T23:42:21.000+0000] {manager.py:997} INFO - 
================================================================================
DAG File Processing Stats

File Path                         PID    Runtime      # DAGs    # Errors  Last Runtime    Last Run               Last # of DB Queries
--------------------------------  -----  ---------  --------  ----------  --------------  -------------------  ----------------------
/opt/airflow/dags/weather_etl.py                           1           0  1.45s           2026-09-14T23:41:58                      12
================================================================================
[2026-09-14T23:42:51.053+0000] {manager.py:997} INFO - 
================================================================================
DAG File Processing Stats

File Path                         PID    Runtime      # DAGs    # Errors  Last Runtime    Last Run               Last # of DB Queries
--------------------------------  -----  ---------  --------  ----------  --------------  -------------------  ----------------------
/opt/airflow/dags/weather_etl.py                           1           0  1.24s           2026-09-14T23:42:29                      12
================================================================================
[2026-09-14T23:43:21.450+0000] {manager.py:997} INFO - 
================================================================================
DAG File Processing Stats

File Path                         PID    Runtime      # DAGs    # Errors  Last Runtime    Last Run               Last # of DB Queries
--------------------------------  -----  ---------  --------  ----------  --------------  -------------------  ----------------------
/opt/airflow/dags/weather_etl.py                           1           0  1.30s           2026-09-14T23:43:01                      12
================================================================================
[2026-09-14T23:43:51.902+0000] {manager.py:997} INFO - 
================================================================================
DAG File Processing Stats

File Path                         PID    Runtime      # DAGs    # Errors  Last Runtime    Last Run               Last # of DB Queries
--------------------------------  -----  ---------  --------  ----------  --------------  -------------------  ----------------------
/opt/airflow/dags/weather_etl.py                           1           0  1.23s           2026-09-14T23:43:32                      12
================================================================================
[2026-09-14T23:44:22.468+0000] {manager.py:997} INFO - 
================================================================================
DAG File Processing Stats

File Path                         PID    Runtime      # DAGs    # Errors  Last Runtime    Last Run               Last # of DB Queries
--------------------------------  -----  ---------  --------  ----------  --------------  -------------------  ----------------------
/opt/airflow/dags/weather_etl.py                           1           0  1.21s           2026-09-14T23:44:04                      12
================================================================================
[2026-09-14T23:44:52.916+0000] {manager.py:997} INFO - 
================================================================================
DAG File Processing Stats

File Path                         PID    Runtime      # DAGs    # Errors  Last Runtime    Last Run               Last # of DB Queries
--------------------------------  -----  ---------  --------  ----------  --------------  -------------------  ----------------------
/opt/airflow/dags/weather_etl.py                           1           0  1.17s           2026-09-14T23:44:35                      12
================================================================================
[2026-09-14T23:45:23.419+0000] {manager.py:997} INFO - 
================================================================================
DAG File Processing Stats

File Path                         PID    Runtime      # DAGs    # Errors  Last Runtime    Last Run               Last # of DB Queries
--------------------------------  -----  ---------  --------  ----------  --------------  -------------------  ----------------------
/opt/airflow/dags/weather_etl.py                           1           0  1.29s           2026-09-14T23:45:07                      12
================================================================================
[2026-09-14T23:45:54.000+0000] {manager.py:997} INFO - 
================================================================================
DAG File Processing Stats

File Path                         PID    Runtime      # DAGs    # Errors  Last Runtime    Last Run               Last # of DB Queries
--------------------------------  -----  ---------  --------  ----------  --------------  -------------------  ----------------------
/opt/airflow/dags/weather_etl.py                           1           0  1.31s           2026-09-14T23:45:38                      12
================================================================================
[2026-09-14T23:46:24.522+0000] {manager.py:997} INFO - 
================================================================================
DAG File Processing Stats

File Path                         PID    Runtime      # DAGs    # Errors  Last Runtime    Last Run               Last # of DB Queries
--------------------------------  -----  ---------  --------  ----------  --------------  -------------------  ----------------------
/opt/airflow/dags/weather_etl.py                           1           0  1.32s           2026-09-14T23:46:10                      12
================================================================================
[2026-09-14T23:46:52.075+0000] {manager.py:821} INFO - Searching for files in /opt/airflow/dags
[2026-09-14T23:46:52.121+0000] {manager.py:824} INFO - There are 1 files in /opt/airflow/dags
[2026-09-14T23:46:55.195+0000] {manager.py:997} INFO - 
================================================================================
DAG File Processing Stats

File Path                         PID    Runtime      # DAGs    # Errors  Last Runtime    Last Run               Last # of DB Queries
--------------------------------  -----  ---------  --------  ----------  --------------  -------------------  ----------------------
/opt/airflow/dags/weather_etl.py                           1           0  1.39s           2026-09-14T23:46:42                      12
================================================================================
[2026-09-14T23:47:25.701+0000] {manager.py:997} INFO - 
================================================================================
DAG File Processing Stats

File Path                         PID    Runtime      # DAGs    # Errors  Last Runtime    Last Run               Last # of DB Queries
--------------------------------  -----  ---------  --------  ----------  --------------  -------------------  ----------------------
/opt/airflow/dags/weather_etl.py                           1           0  1.51s           2026-09-14T23:47:13                      12
================================================================================
[2026-09-14T23:47:55.785+0000] {manager.py:997} INFO - 
================================================================================
DAG File Processing Stats

File Path                         PID    Runtime      # DAGs    # Errors  Last Runtime    Last Run               Last # of DB Queries
--------------------------------  -----  ---------  --------  ----------  --------------  -------------------  ----------------------
/opt/airflow/dags/weather_etl.py                           1           0  1.30s           2026-09-14T23:47:45                      12
================================================================================
[2026-09-14T23:48:25.913+0000] {manager.py:997} INFO - 
================================================================================
DAG File Processing Stats

File Path                         PID    Runtime      # DAGs    # Errors  Last Runtime    Last Run               Last # of DB Queries
--------------------------------  -----  ---------  --------  ----------  --------------  -------------------  ----------------------
/opt/airflow/dags/weather_etl.py                           1           0  1.28s           2026-09-14T23:48:17                      12
================================================================================
[2026-09-14T23:48:56.556+0000] {manager.py:997} INFO - 
================================================================================
DAG File Processing Stats

File Path                         PID    Runtime      # DAGs    # Errors  Last Runtime    Last Run               Last # of DB Queries
--------------------------------  -----  ---------  --------  ----------  --------------  -------------------  ----------------------
/opt/airflow/dags/weather_etl.py                           1           0  1.38s           2026-09-14T23:48:48                      12
================================================================================
[2026-09-14T23:49:27.153+0000] {manager.py:997} INFO - 
================================================================================
DAG File Processing Stats

File Path                         PID    Runtime      # DAGs    # Errors  Last Runtime    Last Run               Last # of DB Queries
--------------------------------  -----  ---------  --------  ----------  --------------  -------------------  ----------------------
/opt/airflow/dags/weather_etl.py                           1           0  1.49s           2026-09-14T23:49:20                      12
================================================================================
[2026-09-14T23:49:57.187+0000] {manager.py:997} INFO - 
================================================================================
DAG File Processing Stats

File Path                         PID    Runtime      # DAGs    # Errors  Last Runtime    Last Run               Last # of DB Queries
--------------------------------  -----  ---------  --------  ----------  --------------  -------------------  ----------------------
/opt/airflow/dags/weather_etl.py                           1           0  1.61s           2026-09-14T23:49:52                      12
================================================================================
[2026-09-14T23:50:27.606+0000] {manager.py:997} INFO - 
================================================================================
DAG File Processing Stats

File Path                         PID    Runtime      # DAGs    # Errors  Last Runtime    Last Run               Last # of DB Queries
--------------------------------  -----  ---------  --------  ----------  --------------  -------------------  ----------------------
/opt/airflow/dags/weather_etl.py                           1           0  1.38s           2026-09-14T23:50:23                      12
================================================================================
[2026-09-14T23:50:58.129+0000] {manager.py:997} INFO - 
================================================================================
DAG File Processing Stats

File Path                         PID    Runtime      # DAGs    # Errors  Last Runtime    Last Run               Last # of DB Queries
--------------------------------  -----  ---------  --------  ----------  --------------  -------------------  ----------------------
/opt/airflow/dags/weather_etl.py                           1           0  1.31s           2026-09-14T23:50:55                      12
================================================================================
[2026-09-14T23:51:28.732+0000] {manager.py:997} INFO - 
================================================================================
DAG File Processing Stats

File Path                         PID    Runtime      # DAGs    # Errors  Last Runtime    Last Run               Last # of DB Queries
--------------------------------  -----  ---------  --------  ----------  --------------  -------------------  ----------------------
/opt/airflow/dags/weather_etl.py                           1           0  1.32s           2026-09-14T23:51:26                      12
================================================================================
[2026-09-14T23:51:52.141+0000] {manager.py:821} INFO - Searching for files in /opt/airflow/dags
[2026-09-14T23:51:52.194+0000] {manager.py:824} INFO - There are 1 files in /opt/airflow/dags
[2026-09-14T23:51:59.323+0000] {manager.py:997} INFO - 
================================================================================
DAG File Processing Stats

File Path                         PID    Runtime      # DAGs    # Errors  Last Runtime    Last Run               Last # of DB Queries
--------------------------------  -----  ---------  --------  ----------  --------------  -------------------  ----------------------
/opt/airflow/dags/weather_etl.py                           1           0  1.42s           2026-09-14T23:51:58                      12
================================================================================
[2026-09-14T23:52:29.748+0000] {manager.py:997} INFO - 
================================================================================
DAG File Processing Stats

File Path                           PID  Runtime      # DAGs    # Errors  Last Runtime    Last Run               Last # of DB Queries
--------------------------------  -----  ---------  --------  ----------  --------------  -------------------  ----------------------
/opt/airflow/dags/weather_etl.py   1538  1.02s             1           0  1.42s           2026-09-14T23:51:58                      12
================================================================================
[2026-09-14T23:53:00.388+0000] {manager.py:997} INFO - 
================================================================================
DAG File Processing Stats

File Path                           PID  Runtime      # DAGs    # Errors  Last Runtime    Last Run               Last # of DB Queries
--------------------------------  -----  ---------  --------  ----------  --------------  -------------------  ----------------------
/opt/airflow/dags/weather_etl.py   1544  0.01s             1           0  1.29s           2026-09-14T23:52:30                      12
================================================================================
[2026-09-14T23:53:30.802+0000] {manager.py:997} INFO - 
================================================================================
DAG File Processing Stats

File Path                         PID    Runtime      # DAGs    # Errors  Last Runtime    Last Run               Last # of DB Queries
--------------------------------  -----  ---------  --------  ----------  --------------  -------------------  ----------------------
/opt/airflow/dags/weather_etl.py                           1           0  1.25s           2026-09-14T23:53:01                      12
================================================================================
[2026-09-14T23:54:24.056+0000] {manager.py:997} INFO - 
================================================================================
DAG File Processing Stats

File Path                         PID    Runtime      # DAGs    # Errors  Last Runtime    Last Run               Last # of DB Queries
--------------------------------  -----  ---------  --------  ----------  --------------  -------------------  ----------------------
/opt/airflow/dags/weather_etl.py                           1           0  2.84s           2026-09-14T23:54:14                      12
================================================================================
[2026-09-14T23:54:54.107+0000] {manager.py:997} INFO - 
================================================================================
DAG File Processing Stats

File Path                         PID    Runtime      # DAGs    # Errors  Last Runtime    Last Run               Last # of DB Queries
--------------------------------  -----  ---------  --------  ----------  --------------  -------------------  ----------------------
/opt/airflow/dags/weather_etl.py                           1           0  1.92s           2026-09-14T23:54:46                      12
================================================================================
[2026-09-14T23:55:24.246+0000] {manager.py:997} INFO - 
================================================================================
DAG File Processing Stats

File Path                         PID    Runtime      # DAGs    # Errors  Last Runtime    Last Run               Last # of DB Queries
--------------------------------  -----  ---------  --------  ----------  --------------  -------------------  ----------------------
/opt/airflow/dags/weather_etl.py                           1           0  1.72s           2026-09-14T23:55:19                      12
================================================================================
[2026-09-14T23:55:54.756+0000] {manager.py:997} INFO - 
================================================================================
DAG File Processing Stats

File Path                         PID    Runtime      # DAGs    # Errors  Last Runtime    Last Run               Last # of DB Queries
--------------------------------  -----  ---------  --------  ----------  --------------  -------------------  ----------------------
/opt/airflow/dags/weather_etl.py                           1           0  2.50s           2026-09-14T23:55:51                      12
================================================================================
[2026-09-14T23:56:25.004+0000] {manager.py:997} INFO - 
================================================================================
DAG File Processing Stats

File Path                         PID    Runtime      # DAGs    # Errors  Last Runtime    Last Run               Last # of DB Queries
--------------------------------  -----  ---------  --------  ----------  --------------  -------------------  ----------------------
/opt/airflow/dags/weather_etl.py                           1           0  1.81s           2026-09-14T23:56:23                      12
================================================================================
[2026-09-14T23:56:52.383+0000] {manager.py:821} INFO - Searching for files in /opt/airflow/dags
[2026-09-14T23:56:52.441+0000] {manager.py:824} INFO - There are 1 files in /opt/airflow/dags
[2026-09-14T23:56:55.556+0000] {manager.py:997} INFO - 
================================================================================
DAG File Processing Stats

File Path                           PID  Runtime      # DAGs    # Errors  Last Runtime    Last Run               Last # of DB Queries
--------------------------------  -----  ---------  --------  ----------  --------------  -------------------  ----------------------
/opt/airflow/dags/weather_etl.py   1586  1.03s             1           0  1.81s           2026-09-14T23:56:23                      12
================================================================================
[2026-09-14T23:57:26.284+0000] {manager.py:997} INFO - 
================================================================================
DAG File Processing Stats

File Path                           PID  Runtime      # DAGs    # Errors  Last Runtime    Last Run               Last # of DB Queries
--------------------------------  -----  ---------  --------  ----------  --------------  -------------------  ----------------------
/opt/airflow/dags/weather_etl.py   1592  0.01s             1           0  1.51s           2026-09-14T23:56:56                      12
================================================================================
[2026-09-14T23:57:56.853+0000] {manager.py:997} INFO - 
================================================================================
DAG File Processing Stats

File Path                         PID    Runtime      # DAGs    # Errors  Last Runtime    Last Run               Last # of DB Queries
--------------------------------  -----  ---------  --------  ----------  --------------  -------------------  ----------------------
/opt/airflow/dags/weather_etl.py                           1           0  1.50s           2026-09-14T23:57:27                      12
================================================================================
[2026-09-14T23:58:27.626+0000] {manager.py:997} INFO - 
================================================================================
DAG File Processing Stats

File Path                         PID    Runtime      # DAGs    # Errors  Last Runtime    Last Run               Last # of DB Queries
--------------------------------  -----  ---------  --------  ----------  --------------  -------------------  ----------------------
/opt/airflow/dags/weather_etl.py                           1           0  1.53s           2026-09-14T23:57:59                      12
================================================================================
[2026-09-14T23:58:58.199+0000] {manager.py:997} INFO - 
================================================================================
DAG File Processing Stats

File Path                         PID    Runtime      # DAGs    # Errors  Last Runtime    Last Run               Last # of DB Queries
--------------------------------  -----  ---------  --------  ----------  --------------  -------------------  ----------------------
/opt/airflow/dags/weather_etl.py                           1           0  1.45s           2026-09-14T23:58:31                      12
================================================================================
[2026-09-14T23:59:28.927+0000] {manager.py:997} INFO - 
================================================================================
DAG File Processing Stats

File Path                         PID    Runtime      # DAGs    # Errors  Last Runtime    Last Run               Last # of DB Queries
--------------------------------  -----  ---------  --------  ----------  --------------  -------------------  ----------------------
/opt/airflow/dags/weather_etl.py                           1           0  1.44s           2026-09-14T23:59:02                      12
================================================================================
[2026-09-14T23:59:58.965+0000] {manager.py:997} INFO - 
================================================================================
DAG File Processing Stats

File Path                         PID    Runtime      # DAGs    # Errors  Last Runtime    Last Run               Last # of DB Queries
--------------------------------  -----  ---------  --------  ----------  --------------  -------------------  ----------------------
/opt/airflow/dags/weather_etl.py                           1           0  1.50s           2026-09-14T23:59:34                      12
================================================================================
[2026-09-15T00:00:29.684+0000] {manager.py:997} INFO - 
================================================================================
DAG File Processing Stats

File Path                         PID    Runtime      # DAGs    # Errors  Last Runtime    Last Run               Last # of DB Queries
--------------------------------  -----  ---------  --------  ----------  --------------  -------------------  ----------------------
/opt/airflow/dags/weather_etl.py                           1           0  1.44s           2026-09-15T00:00:06                      12
================================================================================
[2026-09-15T00:01:00.145+0000] {manager.py:997} INFO - 
================================================================================
DAG File Processing Stats

File Path                         PID    Runtime      # DAGs    # Errors  Last Runtime    Last Run               Last # of DB Queries
--------------------------------  -----  ---------  --------  ----------  --------------  -------------------  ----------------------
/opt/airflow/dags/weather_etl.py                           1           0  1.23s           2026-09-15T00:00:38                      12
================================================================================
[2026-09-15T00:01:30.744+0000] {manager.py:997} INFO - 
================================================================================
DAG File Processing Stats

File Path                         PID    Runtime      # DAGs    # Errors  Last Runtime    Last Run               Last # of DB Queries
--------------------------------  -----  ---------  --------  ----------  --------------  -------------------  ----------------------
/opt/airflow/dags/weather_etl.py                           1           0  1.34s           2026-09-15T00:01:09                      12
================================================================================
[2026-09-15T00:01:53.198+0000] {manager.py:821} INFO - Searching for files in /opt/airflow/dags
[2026-09-15T00:01:53.265+0000] {manager.py:824} INFO - There are 1 files in /opt/airflow/dags
[2026-09-15T00:02:01.418+0000] {manager.py:997} INFO - 
================================================================================
DAG File Processing Stats

File Path                         PID    Runtime      # DAGs    # Errors  Last Runtime    Last Run               Last # of DB Queries
--------------------------------  -----  ---------  --------  ----------  --------------  -------------------  ----------------------
/opt/airflow/dags/weather_etl.py                           1           0  1.31s           2026-09-15T00:01:41                      12
================================================================================
[2026-09-15T00:02:31.895+0000] {manager.py:997} INFO - 
================================================================================
DAG File Processing Stats

File Path                         PID    Runtime      # DAGs    # Errors  Last Runtime    Last Run               Last # of DB Queries
--------------------------------  -----  ---------  --------  ----------  --------------  -------------------  ----------------------
/opt/airflow/dags/weather_etl.py                           1           0  1.36s           2026-09-15T00:02:12                      12
================================================================================
[2026-09-15T00:03:02.617+0000] {manager.py:997} INFO - 
================================================================================
DAG File Processing Stats

File Path                         PID    Runtime      # DAGs    # Errors  Last Runtime    Last Run               Last # of DB Queries
--------------------------------  -----  ---------  --------  ----------  --------------  -------------------  ----------------------
/opt/airflow/dags/weather_etl.py                           1           0  1.43s           2026-09-15T00:02:44                      12
================================================================================
[2026-09-15T00:03:33.174+0000] {manager.py:997} INFO - 
================================================================================
DAG File Processing Stats

File Path                         PID    Runtime      # DAGs    # Errors  Last Runtime    Last Run               Last # of DB Queries
--------------------------------  -----  ---------  --------  ----------  --------------  -------------------  ----------------------
/opt/airflow/dags/weather_etl.py                           1           0  1.43s           2026-09-15T00:03:16                      12
================================================================================
[2026-09-15T00:04:03.899+0000] {manager.py:997} INFO - 
================================================================================
DAG File Processing Stats

File Path                         PID    Runtime      # DAGs    # Errors  Last Runtime    Last Run               Last # of DB Queries
--------------------------------  -----  ---------  --------  ----------  --------------  -------------------  ----------------------
/opt/airflow/dags/weather_etl.py                           1           0  1.54s           2026-09-15T00:03:47                      12
================================================================================
[2026-09-15T00:04:34.585+0000] {manager.py:997} INFO - 
================================================================================
DAG File Processing Stats

File Path                         PID    Runtime      # DAGs    # Errors  Last Runtime    Last Run               Last # of DB Queries
--------------------------------  -----  ---------  --------  ----------  --------------  -------------------  ----------------------
/opt/airflow/dags/weather_etl.py                           1           0  1.54s           2026-09-15T00:04:19                      12
================================================================================
[2026-09-15T00:05:04.685+0000] {manager.py:997} INFO - 
================================================================================
DAG File Processing Stats

File Path                         PID    Runtime      # DAGs    # Errors  Last Runtime    Last Run               Last # of DB Queries
--------------------------------  -----  ---------  --------  ----------  --------------  -------------------  ----------------------
/opt/airflow/dags/weather_etl.py                           1           0  1.67s           2026-09-15T00:04:51                      12
================================================================================
[2026-09-15T00:05:35.118+0000] {manager.py:997} INFO - 
================================================================================
DAG File Processing Stats

File Path                         PID    Runtime      # DAGs    # Errors  Last Runtime    Last Run               Last # of DB Queries
--------------------------------  -----  ---------  --------  ----------  --------------  -------------------  ----------------------
/opt/airflow/dags/weather_etl.py                           1           0  1.51s           2026-09-15T00:05:23                      12
================================================================================
[2026-09-15T00:06:05.648+0000] {manager.py:997} INFO - 
================================================================================
DAG File Processing Stats

File Path                         PID    Runtime      # DAGs    # Errors  Last Runtime    Last Run               Last # of DB Queries
--------------------------------  -----  ---------  --------  ----------  --------------  -------------------  ----------------------
/opt/airflow/dags/weather_etl.py                           1           0  1.45s           2026-09-15T00:05:54                      12
================================================================================
[2026-09-15T00:06:36.432+0000] {manager.py:997} INFO - 
================================================================================
DAG File Processing Stats

File Path                         PID    Runtime      # DAGs    # Errors  Last Runtime    Last Run               Last # of DB Queries
--------------------------------  -----  ---------  --------  ----------  --------------  -------------------  ----------------------
/opt/airflow/dags/weather_etl.py                           1           0  1.47s           2026-09-15T00:06:26                      12
================================================================================
[2026-09-15T00:06:53.671+0000] {manager.py:821} INFO - Searching for files in /opt/airflow/dags
[2026-09-15T00:06:53.728+0000] {manager.py:824} INFO - There are 1 files in /opt/airflow/dags
[2026-09-15T00:07:06.585+0000] {manager.py:997} INFO - 
================================================================================
DAG File Processing Stats

File Path                         PID    Runtime      # DAGs    # Errors  Last Runtime    Last Run               Last # of DB Queries
--------------------------------  -----  ---------  --------  ----------  --------------  -------------------  ----------------------
/opt/airflow/dags/weather_etl.py                           1           0  1.63s           2026-09-15T00:06:58                      12
================================================================================
[2026-09-15T00:07:37.447+0000] {manager.py:997} INFO - 
================================================================================
DAG File Processing Stats

File Path                         PID    Runtime      # DAGs    # Errors  Last Runtime    Last Run               Last # of DB Queries
--------------------------------  -----  ---------  --------  ----------  --------------  -------------------  ----------------------
/opt/airflow/dags/weather_etl.py                           1           0  1.51s           2026-09-15T00:07:30                      12
================================================================================
[2026-09-15T00:08:07.945+0000] {manager.py:997} INFO - 
================================================================================
DAG File Processing Stats

File Path                         PID    Runtime      # DAGs    # Errors  Last Runtime    Last Run               Last # of DB Queries
--------------------------------  -----  ---------  --------  ----------  --------------  -------------------  ----------------------
/opt/airflow/dags/weather_etl.py                           1           0  1.51s           2026-09-15T00:08:02                      12
================================================================================
[2026-09-15T00:08:38.283+0000] {manager.py:997} INFO - 
================================================================================
DAG File Processing Stats

File Path                         PID    Runtime      # DAGs    # Errors  Last Runtime    Last Run               Last # of DB Queries
--------------------------------  -----  ---------  --------  ----------  --------------  -------------------  ----------------------
/opt/airflow/dags/weather_etl.py                           1           0  1.45s           2026-09-15T00:08:34                      12
================================================================================
[2026-09-15T00:09:08.457+0000] {manager.py:997} INFO - 
================================================================================
DAG File Processing Stats

File Path                         PID    Runtime      # DAGs    # Errors  Last Runtime    Last Run               Last # of DB Queries
--------------------------------  -----  ---------  --------  ----------  --------------  -------------------  ----------------------
/opt/airflow/dags/weather_etl.py                           1           0  1.76s           2026-09-15T00:09:06                      12
================================================================================
[2026-09-15T00:09:38.871+0000] {manager.py:997} INFO - 
================================================================================
DAG File Processing Stats

File Path                         PID    Runtime      # DAGs    # Errors  Last Runtime    Last Run               Last # of DB Queries
--------------------------------  -----  ---------  --------  ----------  --------------  -------------------  ----------------------
/opt/airflow/dags/weather_etl.py                           1           0  1.51s           2026-09-15T00:09:38                      12
================================================================================
[2026-09-15T00:10:09.330+0000] {manager.py:997} INFO - 
================================================================================
DAG File Processing Stats

File Path                           PID  Runtime      # DAGs    # Errors  Last Runtime    Last Run               Last # of DB Queries
--------------------------------  -----  ---------  --------  ----------  --------------  -------------------  ----------------------
/opt/airflow/dags/weather_etl.py   1757  1.03s             1           0  1.51s           2026-09-15T00:09:38                      12
================================================================================
[2026-09-15T00:10:40.089+0000] {manager.py:997} INFO - 
================================================================================
DAG File Processing Stats

File Path                           PID  Runtime      # DAGs    # Errors  Last Runtime    Last Run               Last # of DB Queries
--------------------------------  -----  ---------  --------  ----------  --------------  -------------------  ----------------------
/opt/airflow/dags/weather_etl.py   1763  0.01s             1           0  1.50s           2026-09-15T00:10:09                      12
================================================================================
[2026-09-15T00:11:10.630+0000] {manager.py:997} INFO - 
================================================================================
DAG File Processing Stats

File Path                         PID    Runtime      # DAGs    # Errors  Last Runtime    Last Run               Last # of DB Queries
--------------------------------  -----  ---------  --------  ----------  --------------  -------------------  ----------------------
/opt/airflow/dags/weather_etl.py                           1           0  1.50s           2026-09-15T00:10:41                      12
================================================================================
[2026-09-15T00:11:41.429+0000] {manager.py:997} INFO - 
================================================================================
DAG File Processing Stats

File Path                         PID    Runtime      # DAGs    # Errors  Last Runtime    Last Run               Last # of DB Queries
--------------------------------  -----  ---------  --------  ----------  --------------  -------------------  ----------------------
/opt/airflow/dags/weather_etl.py                           1           0  1.50s           2026-09-15T00:11:13                      12
================================================================================
[2026-09-15T00:11:53.735+0000] {manager.py:821} INFO - Searching for files in /opt/airflow/dags
[2026-09-15T00:11:53.803+0000] {manager.py:824} INFO - There are 1 files in /opt/airflow/dags
[2026-09-15T00:12:11.440+0000] {manager.py:997} INFO - 
================================================================================
DAG File Processing Stats

File Path                         PID    Runtime      # DAGs    # Errors  Last Runtime    Last Run               Last # of DB Queries
--------------------------------  -----  ---------  --------  ----------  --------------  -------------------  ----------------------
/opt/airflow/dags/weather_etl.py                           1           0  1.58s           2026-09-15T00:11:45                      12
================================================================================
[2026-09-15T00:12:41.878+0000] {manager.py:997} INFO - 
================================================================================
DAG File Processing Stats

File Path                         PID    Runtime      # DAGs    # Errors  Last Runtime    Last Run               Last # of DB Queries
--------------------------------  -----  ---------  --------  ----------  --------------  -------------------  ----------------------
/opt/airflow/dags/weather_etl.py                           1           0  1.58s           2026-09-15T00:12:16                      12
================================================================================
[2026-09-15T00:13:12.542+0000] {manager.py:997} INFO - 
================================================================================
DAG File Processing Stats

File Path                         PID    Runtime      # DAGs    # Errors  Last Runtime    Last Run               Last # of DB Queries
--------------------------------  -----  ---------  --------  ----------  --------------  -------------------  ----------------------
/opt/airflow/dags/weather_etl.py                           1           0  1.56s           2026-09-15T00:12:48                      12
================================================================================
[2026-09-15T00:13:43.327+0000] {manager.py:997} INFO - 
================================================================================
DAG File Processing Stats

File Path                         PID    Runtime      # DAGs    # Errors  Last Runtime    Last Run               Last # of DB Queries
--------------------------------  -----  ---------  --------  ----------  --------------  -------------------  ----------------------
/opt/airflow/dags/weather_etl.py                           1           0  1.53s           2026-09-15T00:13:20                      12
================================================================================
[2026-09-15T00:14:13.951+0000] {manager.py:997} INFO - 
================================================================================
DAG File Processing Stats

File Path                         PID    Runtime      # DAGs    # Errors  Last Runtime    Last Run               Last # of DB Queries
--------------------------------  -----  ---------  --------  ----------  --------------  -------------------  ----------------------
/opt/airflow/dags/weather_etl.py                           1           0  1.54s           2026-09-15T00:13:51                      12
================================================================================
[2026-09-15T00:14:44.084+0000] {manager.py:997} INFO - 
================================================================================
DAG File Processing Stats

File Path                         PID    Runtime      # DAGs    # Errors  Last Runtime    Last Run               Last # of DB Queries
--------------------------------  -----  ---------  --------  ----------  --------------  -------------------  ----------------------
/opt/airflow/dags/weather_etl.py                           1           0  1.66s           2026-09-15T00:14:23                      12
================================================================================
[2026-09-15T00:15:14.525+0000] {manager.py:997} INFO - 
================================================================================
DAG File Processing Stats

File Path                         PID    Runtime      # DAGs    # Errors  Last Runtime    Last Run               Last # of DB Queries
--------------------------------  -----  ---------  --------  ----------  --------------  -------------------  ----------------------
/opt/airflow/dags/weather_etl.py                           1           0  1.67s           2026-09-15T00:14:55                      12
================================================================================
[2026-09-15T00:15:44.611+0000] {manager.py:997} INFO - 
================================================================================
DAG File Processing Stats

File Path                         PID    Runtime      # DAGs    # Errors  Last Runtime    Last Run               Last # of DB Queries
--------------------------------  -----  ---------  --------  ----------  --------------  -------------------  ----------------------
/opt/airflow/dags/weather_etl.py                           1           0  1.65s           2026-09-15T00:15:27                      12
================================================================================
[2026-09-15T00:16:15.063+0000] {manager.py:997} INFO - 
================================================================================
DAG File Processing Stats

File Path                         PID    Runtime      # DAGs    # Errors  Last Runtime    Last Run               Last # of DB Queries
--------------------------------  -----  ---------  --------  ----------  --------------  -------------------  ----------------------
/opt/airflow/dags/weather_etl.py                           1           0  1.51s           2026-09-15T00:15:59                      12
================================================================================
[2026-09-15T00:16:45.560+0000] {manager.py:997} INFO - 
================================================================================
DAG File Processing Stats

File Path                         PID    Runtime      # DAGs    # Errors  Last Runtime    Last Run               Last # of DB Queries
--------------------------------  -----  ---------  --------  ----------  --------------  -------------------  ----------------------
/opt/airflow/dags/weather_etl.py                           1           0  2.02s           2026-09-15T00:16:31                      12
================================================================================
[2026-09-15T00:16:53.859+0000] {manager.py:821} INFO - Searching for files in /opt/airflow/dags
[2026-09-15T00:16:53.926+0000] {manager.py:824} INFO - There are 1 files in /opt/airflow/dags
[2026-09-15T00:17:15.619+0000] {manager.py:997} INFO - 
================================================================================
DAG File Processing Stats

File Path                         PID    Runtime      # DAGs    # Errors  Last Runtime    Last Run               Last # of DB Queries
--------------------------------  -----  ---------  --------  ----------  --------------  -------------------  ----------------------
/opt/airflow/dags/weather_etl.py                           1           0  1.63s           2026-09-15T00:17:03                      12
================================================================================
[2026-09-15T00:17:46.047+0000] {manager.py:997} INFO - 
================================================================================
DAG File Processing Stats

File Path                         PID    Runtime      # DAGs    # Errors  Last Runtime    Last Run               Last # of DB Queries
--------------------------------  -----  ---------  --------  ----------  --------------  -------------------  ----------------------
/opt/airflow/dags/weather_etl.py                           1           0  1.49s           2026-09-15T00:17:35                      12
================================================================================
[2026-09-15T00:18:16.224+0000] {manager.py:997} INFO - 
================================================================================
DAG File Processing Stats

File Path                         PID    Runtime      # DAGs    # Errors  Last Runtime    Last Run               Last # of DB Queries
--------------------------------  -----  ---------  --------  ----------  --------------  -------------------  ----------------------
/opt/airflow/dags/weather_etl.py                           1           0  1.75s           2026-09-15T00:18:07                      12
================================================================================
[2026-09-15T00:18:46.376+0000] {manager.py:997} INFO - 
================================================================================
DAG File Processing Stats

File Path                         PID    Runtime      # DAGs    # Errors  Last Runtime    Last Run               Last # of DB Queries
--------------------------------  -----  ---------  --------  ----------  --------------  -------------------  ----------------------
/opt/airflow/dags/weather_etl.py                           1           0  1.65s           2026-09-15T00:18:39                      12
================================================================================
[2026-09-15T00:19:16.811+0000] {manager.py:997} INFO - 
================================================================================
DAG File Processing Stats

File Path                         PID    Runtime      # DAGs    # Errors  Last Runtime    Last Run               Last # of DB Queries
--------------------------------  -----  ---------  --------  ----------  --------------  -------------------  ----------------------
/opt/airflow/dags/weather_etl.py                           1           0  1.39s           2026-09-15T00:19:10                      12
================================================================================
[2026-09-15T00:19:46.869+0000] {manager.py:997} INFO - 
================================================================================
DAG File Processing Stats

File Path                         PID    Runtime      # DAGs    # Errors  Last Runtime    Last Run               Last # of DB Queries
--------------------------------  -----  ---------  --------  ----------  --------------  -------------------  ----------------------
/opt/airflow/dags/weather_etl.py                           1           0  1.56s           2026-09-15T00:19:42                      12
================================================================================
[2026-09-15T00:20:17.308+0000] {manager.py:997} INFO - 
================================================================================
DAG File Processing Stats

File Path                         PID    Runtime      # DAGs    # Errors  Last Runtime    Last Run               Last # of DB Queries
--------------------------------  -----  ---------  --------  ----------  --------------  -------------------  ----------------------
/opt/airflow/dags/weather_etl.py                           1           0  1.74s           2026-09-15T00:20:14                      12
================================================================================
[2026-09-15T00:20:47.329+0000] {manager.py:997} INFO - 
================================================================================
DAG File Processing Stats

File Path                           PID  Runtime      # DAGs    # Errors  Last Runtime    Last Run               Last # of DB Queries
--------------------------------  -----  ---------  --------  ----------  --------------  -------------------  ----------------------
/opt/airflow/dags/weather_etl.py   1877  2.41s             1           0  1.74s           2026-09-15T00:20:14                      12
================================================================================
[2026-09-15T00:21:17.669+0000] {manager.py:997} INFO - 
================================================================================
DAG File Processing Stats

File Path                         PID    Runtime      # DAGs    # Errors  Last Runtime    Last Run               Last # of DB Queries
--------------------------------  -----  ---------  --------  ----------  --------------  -------------------  ----------------------
/opt/airflow/dags/weather_etl.py                           1           0  3.21s           2026-09-15T00:20:48                      12
================================================================================
[2026-09-15T00:21:48.444+0000] {manager.py:997} INFO - 
================================================================================
DAG File Processing Stats

File Path                         PID    Runtime      # DAGs    # Errors  Last Runtime    Last Run               Last # of DB Queries
--------------------------------  -----  ---------  --------  ----------  --------------  -------------------  ----------------------
/opt/airflow/dags/weather_etl.py                           1           0  3.19s           2026-09-15T00:21:21                      12
================================================================================
[2026-09-15T00:21:54.485+0000] {manager.py:821} INFO - Searching for files in /opt/airflow/dags
[2026-09-15T00:21:54.557+0000] {manager.py:824} INFO - There are 1 files in /opt/airflow/dags
[2026-09-15T00:22:19.030+0000] {manager.py:997} INFO - 
================================================================================
DAG File Processing Stats

File Path                         PID    Runtime      # DAGs    # Errors  Last Runtime    Last Run               Last # of DB Queries
--------------------------------  -----  ---------  --------  ----------  --------------  -------------------  ----------------------
/opt/airflow/dags/weather_etl.py                           1           0  1.93s           2026-09-15T00:21:54                      12
================================================================================
[2026-09-15T00:22:49.758+0000] {manager.py:997} INFO - 
================================================================================
DAG File Processing Stats

File Path                         PID    Runtime      # DAGs    # Errors  Last Runtime    Last Run               Last # of DB Queries
--------------------------------  -----  ---------  --------  ----------  --------------  -------------------  ----------------------
/opt/airflow/dags/weather_etl.py                           1           0  3.21s           2026-09-15T00:22:28                      12
================================================================================
[2026-09-15T00:23:19.790+0000] {manager.py:997} INFO - 
================================================================================
DAG File Processing Stats

File Path                         PID    Runtime      # DAGs    # Errors  Last Runtime    Last Run               Last # of DB Queries
--------------------------------  -----  ---------  --------  ----------  --------------  -------------------  ----------------------
/opt/airflow/dags/weather_etl.py                           1           0  1.58s           2026-09-15T00:23:00                      12
================================================================================
